helipad_id,axis_angle_deg,status,known_collision_count,unknown_building_count,unknown_building_ids
H000000,0,inspection_only;no_spatial_host;surface_parameters_missing,0,0,
H000000,1,inspection_only;no_spatial_host;surface_parameters_missing,0,0,
H000000,2,inspection_only;no_spatial_host;surface_parameters_missing,0,0,
H000000,3,inspection_only;no_spatial_host;surface_parameters_missing,0,0,
H000000,4,inspection_only;no_spatial_host;surface_parameters_missing,0,0,
H000000,5,inspection_only;no_spatial_host;surface_parameters_missing,0,0,
H000000,6,inspection_only;no_spatial_host;surface_parameters_missing,0,0,
H000000,7,inspection_only;no_spatial_host;surface_parameters_missing,0,0,
H000000,8,inspection_only;no_spatial_host;surface_parameters_missing,0,0,
H000000,9,inspection_only;no_spatial_host;surface_parameters_missing,0,0,
H000000,10,inspection_only;no_spatial_host;surface_parameters_missing,0,0,
H000000,11,inspection_only;no_spatial_host;surface_parameters_missing,0,0,
H000000,12,inspection_only;no_spatial_host;surface_parameters_missing,0,0,
H000000,13,inspection_only;no_spatial_host;surface_parameters_missing,0,0,
H000000,14,inspection_only;no_spatial_host;surface_parameters_missing,0,0,
H000000,15,inspection_only;no_spatial_host;surface_parameters_missing,0,0,
H000000,16,inspection_only;no_spatial_host;surface_parameters_missing,0,0,
H000000,17,inspection_only;no_spatial_host;surface_parameters_missing,0,0,
H000000,18,inspection_only;no_spatial_host;surface_parameters_missing,0,0,
H000000,19,inspection_only;no_spatial_host;surface_parameters_missing,0,0,
H000000,20,inspection_only;no_spatial_host;surface_parameters_missing,0,0,
H000000,21,inspection_only;no_spatial_host;surface_parameters_missing,0,0,
H000000,22,inspection_only;no_spatial_host;surface_parameters_missing,0,0,
H000000,23,inspection_only;no_spatial_host;surface_parameters_missing,0,0,
H000000,24,inspection_only;no_spatial_host;surface_parameters_missing,0,0,
H000000,25,inspection_only;no_spatial_host;surface_parameters_missing,0,0,
H000000,26,inspection_only;no_spatial_host;surface_parameters_missing,0,0,
H000000,27,inspection_only;no_spatial_host;surface_parameters_missing,0,0,
H000000,28,inspection_only;no_spatial_host;surface_parameters_missing,0,0,
H000000,29,inspection_only;no_spatial_host;surface_parameters_missing,0,0,
H000000,30,inspection_only;no_spatial_host;surface_parameters_missing,0,0,
H000000,31,inspection_only;no_spatial_host;surface_parameters_missing,0,0,
H000000,32,inspection_only;no_spatial_host;surface_parameters_missing,0,0,
H000000,33,inspection_only;no_spatial_host;surface_parameters_missing,0,0,
H000000,34,inspection_only;no_spatial_host;surface_parameters_missing,0,0,
H000000,35,inspection_only;no_spatial_host;surface_parameters_missing,0,0,
H000000,36,inspection_only;no_spatial_host;surface_parameters_missing,0,0,
H000000,37,inspection_only;no_spatial_host;surface_parameters_missing,0,0,
H000000,38,inspection_only;no_spatial_host;surface_parameters_missing,0,0,
H000000,39,inspection_only;no_spatial_host;surface_parameters_missing,0,0,
H000000,40,inspection_only;no_spatial_host;surface_parameters_missing,0,0,
H000000,41,inspection_only;no_spatial_host;surface_parameters_missing,0,0,
H000000,42,inspection_only;no_spatial_host;surface_parameters_missing,0,0,
H000000,43,inspection_only;no_spatial_host;surface_parameters_missing,0,0,
H000000,44,inspection_only;no_spatial_host;surface_parameters_missing,0,0,
H000000,45,inspection_only;no_spatial_host;surface_parameters_missing,0,0,
H000000,46,inspection_only;no_spatial_host;surface_parameters_missing,0,0,
H000000,47,inspection_only;no_spatial_host;surface_parameters_missing,0,0,
H000000,48,inspection_only;no_spatial_host;surface_parameters_missing,0,0,
H000000,49,inspection_only;no_spatial_host;surface_parameters_missing,0,0,
H000000,50,inspection_only;no_spatial_host;surface_parameters_missing,0,0,
H000000,51,inspection_only;no_spatial_host;surface_parameters_missing,0,0,
H000000,52,inspection_only;no_spatial_host;surface_parameters_missing,0,0,
H000000,53,inspection_only;no_spatial_host;surface_parameters_missing,0,0,
H000000,54,inspection_only;no_spatial_host;surface_parameters_missing,0,0,
H000000,55,inspection_only;no_spatial_host;surface_parameters_missing,0,0,
H000000,56,inspection_only;no_spatial_host;surface_parameters_missing,0,0,
H000000,57,inspection_only;no_spatial_host;surface_parameters_missing,0,0,
H000000,58,inspection_only;no_spatial_host;surface_parameters_missing,0,0,
H000000,59,inspection_only;no_spatial_host;surface_parameters_missing,0,0,
H000000,60,inspection_only;no_spatial_host;surface_parameters_missing,0,0,
H000000,61,inspection_only;no_spatial_host;surface_parameters_missing,0,0,
H000000,62,inspection_only;no_spatial_host;surface_parameters_missing,0,0,
H000000,63,inspection_only;no_spatial_host;surface_parameters_missing,0,0,
H000000,64,inspection_only;no_spatial_host;surface_parameters_missing,0,0,
H000000,65,inspection_only;no_spatial_host;surface_parameters_missing,0,0,
H000000,66,inspection_only;no_spatial_host;surface_parameters_missing,0,0,
H000000,67,inspection_only;no_spatial_host;surface_parameters_missing,0,0,
H000000,68,inspection_only;no_spatial_host;surface_parameters_missing,0,0,
H000000,69,inspection_only;no_spatial_host;surface_parameters_missing,0,0,
H000000,70,inspection_only;no_spatial_host;surface_parameters_missing,0,0,
H000000,71,inspection_only;no_spatial_host;surface_parameters_missing,0,0,
H000000,72,inspection_only;no_spatial_host;surface_parameters_missing,0,0,
H000000,73,inspection_only;no_spatial_host;surface_parameters_missing,0,0,
H000000,74,inspection_only;no_spatial_host;surface_parameters_missing,0,0,
H000000,75,inspection_only;no_spatial_host;surface_parameters_missing,0,0,
H000000,76,inspection_only;no_spatial_host;surface_parameters_missing,0,0,
H000000,77,inspection_only;no_spatial_host;surface_parameters_missing,0,0,
H000000,78,inspection_only;no_spatial_host;surface_parameters_missing,0,0,
H000000,79,inspection_only;no_spatial_host;surface_parameters_missing,0,0,
H000000,80,inspection_only;no_spatial_host;surface_parameters_missing,0,0,
H000000,81,inspection_only;no_spatial_host;surface_parameters_missing,0,0,
H000000,82,inspection_only;no_spatial_host;surface_parameters_missing,0,0,
H000000,83,inspection_only;no_spatial_host;surface_parameters_missing,0,0,
H000000,84,inspection_only;no_spatial_host;surface_parameters_missing,0,0,
H000000,85,inspection_only;no_spatial_host;surface_parameters_missing,0,0,
H000000,86,inspection_only;no_spatial_host;surface_parameters_missing,0,0,
H000000,87,inspection_only;no_spatial_host;surface_parameters_missing,0,0,
H000000,88,inspection_only;no_spatial_host;surface_parameters_missing,0,0,
H000000,89,inspection_only;no_spatial_host;surface_parameters_missing,0,0,
H000000,90,inspection_only;no_spatial_host;surface_parameters_missing,0,0,
H000000,91,inspection_only;no_spatial_host;surface_parameters_missing,0,0,
H000000,92,inspection_only;no_spatial_host;surface_parameters_missing,0,0,
H000000,93,inspection_only;no_spatial_host;surface_parameters_missing,0,0,
H000000,94,inspection_only;no_spatial_host;surface_parameters_missing,0,0,
H000000,95,inspection_only;no_spatial_host;surface_parameters_missing,0,0,
H000000,96,inspection_only;no_spatial_host;surface_parameters_missing,0,0,
H000000,97,inspection_only;no_spatial_host;surface_parameters_missing,0,0,
H000000,98,inspection_only;no_spatial_host;surface_parameters_missing,0,0,
H000000,99,inspection_only;no_spatial_host;surface_parameters_missing,0,0,
H000000,100,inspection_only;no_spatial_host;surface_parameters_missing,0,0,
H000000,101,inspection_only;no_spatial_host;surface_parameters_missing,0,0,
H000000,102,inspection_only;no_spatial_host;surface_parameters_missing,0,0,
H000000,103,inspection_only;no_spatial_host;surface_parameters_missing,0,0,
H000000,104,inspection_only;no_spatial_host;surface_parameters_missing,0,0,
H000000,105,inspection_only;no_spatial_host;surface_parameters_missing,0,0,
H000000,106,inspection_only;no_spatial_host;surface_parameters_missing,0,0,
H000000,107,inspection_only;no_spatial_host;surface_parameters_missing,0,0,
H000000,108,inspection_only;no_spatial_host;surface_parameters_missing,0,0,
H000000,109,inspection_only;no_spatial_host;surface_parameters_missing,0,0,
H000000,110,inspection_only;no_spatial_host;surface_parameters_missing,0,0,
H000000,111,inspection_only;no_spatial_host;surface_parameters_missing,0,0,
H000000,112,inspection_only;no_spatial_host;surface_parameters_missing,0,0,
H000000,113,inspection_only;no_spatial_host;surface_parameters_missing,0,0,
H000000,114,inspection_only;no_spatial_host;surface_parameters_missing,0,0,
H000000,115,inspection_only;no_spatial_host;surface_parameters_missing,0,0,
H000000,116,inspection_only;no_spatial_host;surface_parameters_missing,0,0,
H000000,117,inspection_only;no_spatial_host;surface_parameters_missing,0,0,
H000000,118,inspection_only;no_spatial_host;surface_parameters_missing,0,0,
H000000,119,inspection_only;no_spatial_host;surface_parameters_missing,0,0,
H000000,120,inspection_only;no_spatial_host;surface_parameters_missing,0,0,
H000000,121,inspection_only;no_spatial_host;surface_parameters_missing,0,0,
H000000,122,inspection_only;no_spatial_host;surface_parameters_missing,0,0,
H000000,123,inspection_only;no_spatial_host;surface_parameters_missing,0,0,
H000000,124,inspection_only;no_spatial_host;surface_parameters_missing,0,0,
H000000,125,inspection_only;no_spatial_host;surface_parameters_missing,0,0,
H000000,126,inspection_only;no_spatial_host;surface_parameters_missing,0,0,
H000000,127,inspection_only;no_spatial_host;surface_parameters_missing,0,0,
H000000,128,inspection_only;no_spatial_host;surface_parameters_missing,0,0,
H000000,129,inspection_only;no_spatial_host;surface_parameters_missing,0,0,
H000000,130,inspection_only;no_spatial_host;surface_parameters_missing,0,0,
H000000,131,inspection_only;no_spatial_host;surface_parameters_missing,0,0,
H000000,132,inspection_only;no_spatial_host;surface_parameters_missing,0,0,
H000000,133,inspection_only;no_spatial_host;surface_parameters_missing,0,0,
H000000,134,inspection_only;no_spatial_host;surface_parameters_missing,0,0,
H000000,135,inspection_only;no_spatial_host;surface_parameters_missing,0,0,
H000000,136,inspection_only;no_spatial_host;surface_parameters_missing,0,0,
H000000,137,inspection_only;no_spatial_host;surface_parameters_missing,0,0,
H000000,138,inspection_only;no_spatial_host;surface_parameters_missing,0,0,
H000000,139,inspection_only;no_spatial_host;surface_parameters_missing,0,0,
H000000,140,inspection_only;no_spatial_host;surface_parameters_missing,0,0,
H000000,141,inspection_only;no_spatial_host;surface_parameters_missing,0,0,
H000000,142,inspection_only;no_spatial_host;surface_parameters_missing,0,0,
H000000,143,inspection_only;no_spatial_host;surface_parameters_missing,0,0,
H000000,144,inspection_only;no_spatial_host;surface_parameters_missing,0,0,
H000000,145,inspection_only;no_spatial_host;surface_parameters_missing,0,0,
H000000,146,inspection_only;no_spatial_host;surface_parameters_missing,0,0,
H000000,147,inspection_only;no_spatial_host;surface_parameters_missing,0,0,
H000000,148,inspection_only;no_spatial_host;surface_parameters_missing,0,0,
H000000,149,inspection_only;no_spatial_host;surface_parameters_missing,0,0,
H000000,150,inspection_only;no_spatial_host;surface_parameters_missing,0,0,
H000000,151,inspection_only;no_spatial_host;surface_parameters_missing,0,0,
H000000,152,inspection_only;no_spatial_host;surface_parameters_missing,0,0,
H000000,153,inspection_only;no_spatial_host;surface_parameters_missing,0,0,
H000000,154,inspection_only;no_spatial_host;surface_parameters_missing,0,0,
H000000,155,inspection_only;no_spatial_host;surface_parameters_missing,0,0,
H000000,156,inspection_only;no_spatial_host;surface_parameters_missing,0,0,
H000000,157,inspection_only;no_spatial_host;surface_parameters_missing,0,0,
H000000,158,inspection_only;no_spatial_host;surface_parameters_missing,0,0,
H000000,159,inspection_only;no_spatial_host;surface_parameters_missing,0,0,
H000000,160,inspection_only;no_spatial_host;surface_parameters_missing,0,0,
H000000,161,inspection_only;no_spatial_host;surface_parameters_missing,0,0,
H000000,162,inspection_only;no_spatial_host;surface_parameters_missing,0,0,
H000000,163,inspection_only;no_spatial_host;surface_parameters_missing,0,0,
H000000,164,inspection_only;no_spatial_host;surface_parameters_missing,0,0,
H000000,165,inspection_only;no_spatial_host;surface_parameters_missing,0,0,
H000000,166,inspection_only;no_spatial_host;surface_parameters_missing,0,0,
H000000,167,inspection_only;no_spatial_host;surface_parameters_missing,0,0,
H000000,168,inspection_only;no_spatial_host;surface_parameters_missing,0,0,
H000000,169,inspection_only;no_spatial_host;surface_parameters_missing,0,0,
H000000,170,inspection_only;no_spatial_host;surface_parameters_missing,0,0,
H000000,171,inspection_only;no_spatial_host;surface_parameters_missing,0,0,
H000000,172,inspection_only;no_spatial_host;surface_parameters_missing,0,0,
H000000,173,inspection_only;no_spatial_host;surface_parameters_missing,0,0,
H000000,174,inspection_only;no_spatial_host;surface_parameters_missing,0,0,
H000000,175,inspection_only;no_spatial_host;surface_parameters_missing,0,0,
H000000,176,inspection_only;no_spatial_host;surface_parameters_missing,0,0,
H000000,177,inspection_only;no_spatial_host;surface_parameters_missing,0,0,
H000000,178,inspection_only;no_spatial_host;surface_parameters_missing,0,0,
H000000,179,inspection_only;no_spatial_host;surface_parameters_missing,0,0,
H000001,0,inspection_only;no_spatial_host;surface_parameters_missing,0,0,
H000001,1,inspection_only;no_spatial_host;surface_parameters_missing,0,0,
H000001,2,inspection_only;no_spatial_host;surface_parameters_missing,0,0,
H000001,3,inspection_only;no_spatial_host;surface_parameters_missing,0,0,
H000001,4,inspection_only;no_spatial_host;surface_parameters_missing,0,0,
H000001,5,inspection_only;no_spatial_host;surface_parameters_missing,0,0,
H000001,6,inspection_only;no_spatial_host;surface_parameters_missing,0,0,
H000001,7,inspection_only;no_spatial_host;surface_parameters_missing,0,0,
H000001,8,inspection_only;no_spatial_host;surface_parameters_missing,0,0,
H000001,9,inspection_only;no_spatial_host;surface_parameters_missing,0,0,
H000001,10,inspection_only;no_spatial_host;surface_parameters_missing,0,0,
H000001,11,inspection_only;no_spatial_host;surface_parameters_missing,0,0,
H000001,12,inspection_only;no_spatial_host;surface_parameters_missing,0,0,
H000001,13,inspection_only;no_spatial_host;surface_parameters_missing,0,0,
H000001,14,inspection_only;no_spatial_host;surface_parameters_missing,0,0,
H000001,15,inspection_only;no_spatial_host;surface_parameters_missing,0,0,
H000001,16,inspection_only;no_spatial_host;surface_parameters_missing,0,0,
H000001,17,inspection_only;no_spatial_host;surface_parameters_missing,0,0,
H000001,18,inspection_only;no_spatial_host;surface_parameters_missing,0,0,
H000001,19,inspection_only;no_spatial_host;surface_parameters_missing,0,0,
H000001,20,inspection_only;no_spatial_host;surface_parameters_missing,0,0,
H000001,21,inspection_only;no_spatial_host;surface_parameters_missing,0,0,
H000001,22,inspection_only;no_spatial_host;surface_parameters_missing,0,0,
H000001,23,inspection_only;no_spatial_host;surface_parameters_missing,0,0,
H000001,24,inspection_only;no_spatial_host;surface_parameters_missing,0,0,
H000001,25,inspection_only;no_spatial_host;surface_parameters_missing,0,0,
H000001,26,inspection_only;no_spatial_host;surface_parameters_missing,0,0,
H000001,27,inspection_only;no_spatial_host;surface_parameters_missing,0,0,
H000001,28,inspection_only;no_spatial_host;surface_parameters_missing,0,0,
H000001,29,inspection_only;no_spatial_host;surface_parameters_missing,0,0,
H000001,30,inspection_only;no_spatial_host;surface_parameters_missing,0,0,
H000001,31,inspection_only;no_spatial_host;surface_parameters_missing,0,0,
H000001,32,inspection_only;no_spatial_host;surface_parameters_missing,0,0,
H000001,33,inspection_only;no_spatial_host;surface_parameters_missing,0,0,
H000001,34,inspection_only;no_spatial_host;surface_parameters_missing,0,0,
H000001,35,inspection_only;no_spatial_host;surface_parameters_missing,0,0,
H000001,36,inspection_only;no_spatial_host;surface_parameters_missing,0,0,
H000001,37,inspection_only;no_spatial_host;surface_parameters_missing,0,0,
H000001,38,inspection_only;no_spatial_host;surface_parameters_missing,0,0,
H000001,39,inspection_only;no_spatial_host;surface_parameters_missing,0,0,
H000001,40,inspection_only;no_spatial_host;surface_parameters_missing,0,0,
H000001,41,inspection_only;no_spatial_host;surface_parameters_missing,0,0,
H000001,42,inspection_only;no_spatial_host;surface_parameters_missing,0,0,
H000001,43,inspection_only;no_spatial_host;surface_parameters_missing,0,0,
H000001,44,inspection_only;no_spatial_host;surface_parameters_missing,0,0,
H000001,45,inspection_only;no_spatial_host;surface_parameters_missing,0,0,
H000001,46,inspection_only;no_spatial_host;surface_parameters_missing,0,0,
H000001,47,inspection_only;no_spatial_host;surface_parameters_missing,0,0,
H000001,48,inspection_only;no_spatial_host;surface_parameters_missing,0,0,
H000001,49,inspection_only;no_spatial_host;surface_parameters_missing,0,0,
H000001,50,inspection_only;no_spatial_host;surface_parameters_missing,0,0,
H000001,51,inspection_only;no_spatial_host;surface_parameters_missing,0,0,
H000001,52,inspection_only;no_spatial_host;surface_parameters_missing,0,0,
H000001,53,inspection_only;no_spatial_host;surface_parameters_missing,0,0,
H000001,54,inspection_only;no_spatial_host;surface_parameters_missing,0,0,
H000001,55,inspection_only;no_spatial_host;surface_parameters_missing,0,0,
H000001,56,inspection_only;no_spatial_host;surface_parameters_missing,0,0,
H000001,57,inspection_only;no_spatial_host;surface_parameters_missing,0,0,
H000001,58,inspection_only;no_spatial_host;surface_parameters_missing,0,0,
H000001,59,inspection_only;no_spatial_host;surface_parameters_missing,0,0,
H000001,60,inspection_only;no_spatial_host;surface_parameters_missing,0,0,
H000001,61,inspection_only;no_spatial_host;surface_parameters_missing,0,0,
H000001,62,inspection_only;no_spatial_host;surface_parameters_missing,0,0,
H000001,63,inspection_only;no_spatial_host;surface_parameters_missing,0,0,
H000001,64,inspection_only;no_spatial_host;surface_parameters_missing,0,0,
H000001,65,inspection_only;no_spatial_host;surface_parameters_missing,0,0,
H000001,66,inspection_only;no_spatial_host;surface_parameters_missing,0,0,
H000001,67,inspection_only;no_spatial_host;surface_parameters_missing,0,0,
H000001,68,inspection_only;no_spatial_host;surface_parameters_missing,0,0,
H000001,69,inspection_only;no_spatial_host;surface_parameters_missing,0,0,
H000001,70,inspection_only;no_spatial_host;surface_parameters_missing,0,0,
H000001,71,inspection_only;no_spatial_host;surface_parameters_missing,0,0,
H000001,72,inspection_only;no_spatial_host;surface_parameters_missing,0,0,
H000001,73,inspection_only;no_spatial_host;surface_parameters_missing,0,0,
H000001,74,inspection_only;no_spatial_host;surface_parameters_missing,0,0,
H000001,75,inspection_only;no_spatial_host;surface_parameters_missing,0,0,
H000001,76,inspection_only;no_spatial_host;surface_parameters_missing,0,0,
H000001,77,inspection_only;no_spatial_host;surface_parameters_missing,0,0,
H000001,78,inspection_only;no_spatial_host;surface_parameters_missing,0,0,
H000001,79,inspection_only;no_spatial_host;surface_parameters_missing,0,0,
H000001,80,inspection_only;no_spatial_host;surface_parameters_missing,0,0,
H000001,81,inspection_only;no_spatial_host;surface_parameters_missing,0,0,
H000001,82,inspection_only;no_spatial_host;surface_parameters_missing,0,0,
H000001,83,inspection_only;no_spatial_host;surface_parameters_missing,0,0,
H000001,84,inspection_only;no_spatial_host;surface_parameters_missing,0,0,
H000001,85,inspection_only;no_spatial_host;surface_parameters_missing,0,0,
H000001,86,inspection_only;no_spatial_host;surface_parameters_missing,0,0,
H000001,87,inspection_only;no_spatial_host;surface_parameters_missing,0,0,
H000001,88,inspection_only;no_spatial_host;surface_parameters_missing,0,0,
H000001,89,inspection_only;no_spatial_host;surface_parameters_missing,0,0,
H000001,90,inspection_only;no_spatial_host;surface_parameters_missing,0,0,
H000001,91,inspection_only;no_spatial_host;surface_parameters_missing,0,0,
H000001,92,inspection_only;no_spatial_host;surface_parameters_missing,0,0,
H000001,93,inspection_only;no_spatial_host;surface_parameters_missing,0,0,
H000001,94,inspection_only;no_spatial_host;surface_parameters_missing,0,0,
H000001,95,inspection_only;no_spatial_host;surface_parameters_missing,0,0,
H000001,96,inspection_only;no_spatial_host;surface_parameters_missing,0,0,
H000001,97,inspection_only;no_spatial_host;surface_parameters_missing,0,0,
H000001,98,inspection_only;no_spatial_host;surface_parameters_missing,0,0,
H000001,99,inspection_only;no_spatial_host;surface_parameters_missing,0,0,
H000001,100,inspection_only;no_spatial_host;surface_parameters_missing,0,0,
H000001,101,inspection_only;no_spatial_host;surface_parameters_missing,0,0,
H000001,102,inspection_only;no_spatial_host;surface_parameters_missing,0,0,
H000001,103,inspection_only;no_spatial_host;surface_parameters_missing,0,0,
H000001,104,inspection_only;no_spatial_host;surface_parameters_missing,0,0,
H000001,105,inspection_only;no_spatial_host;surface_parameters_missing,0,0,
H000001,106,inspection_only;no_spatial_host;surface_parameters_missing,0,0,
H000001,107,inspection_only;no_spatial_host;surface_parameters_missing,0,0,
H000001,108,inspection_only;no_spatial_host;surface_parameters_missing,0,0,
H000001,109,inspection_only;no_spatial_host;surface_parameters_missing,0,0,
H000001,110,inspection_only;no_spatial_host;surface_parameters_missing,0,0,
H000001,111,inspection_only;no_spatial_host;surface_parameters_missing,0,0,
H000001,112,inspection_only;no_spatial_host;surface_parameters_missing,0,0,
H000001,113,inspection_only;no_spatial_host;surface_parameters_missing,0,0,
H000001,114,inspection_only;no_spatial_host;surface_parameters_missing,0,0,
H000001,115,inspection_only;no_spatial_host;surface_parameters_missing,0,0,
H000001,116,inspection_only;no_spatial_host;surface_parameters_missing,0,0,
H000001,117,inspection_only;no_spatial_host;surface_parameters_missing,0,0,
H000001,118,inspection_only;no_spatial_host;surface_parameters_missing,0,0,
H000001,119,inspection_only;no_spatial_host;surface_parameters_missing,0,0,
H000001,120,inspection_only;no_spatial_host;surface_parameters_missing,0,0,
H000001,121,inspection_only;no_spatial_host;surface_parameters_missing,0,0,
H000001,122,inspection_only;no_spatial_host;surface_parameters_missing,0,0,
H000001,123,inspection_only;no_spatial_host;surface_parameters_missing,0,0,
H000001,124,inspection_only;no_spatial_host;surface_parameters_missing,0,0,
H000001,125,inspection_only;no_spatial_host;surface_parameters_missing,0,0,
H000001,126,inspection_only;no_spatial_host;surface_parameters_missing,0,0,
H000001,127,inspection_only;no_spatial_host;surface_parameters_missing,0,0,
H000001,128,inspection_only;no_spatial_host;surface_parameters_missing,0,0,
H000001,129,inspection_only;no_spatial_host;surface_parameters_missing,0,0,
H000001,130,inspection_only;no_spatial_host;surface_parameters_missing,0,0,
H000001,131,inspection_only;no_spatial_host;surface_parameters_missing,0,0,
H000001,132,inspection_only;no_spatial_host;surface_parameters_missing,0,0,
H000001,133,inspection_only;no_spatial_host;surface_parameters_missing,0,0,
H000001,134,inspection_only;no_spatial_host;surface_parameters_missing,0,0,
H000001,135,inspection_only;no_spatial_host;surface_parameters_missing,0,0,
H000001,136,inspection_only;no_spatial_host;surface_parameters_missing,0,0,
H000001,137,inspection_only;no_spatial_host;surface_parameters_missing,0,0,
H000001,138,inspection_only;no_spatial_host;surface_parameters_missing,0,0,
H000001,139,inspection_only;no_spatial_host;surface_parameters_missing,0,0,
H000001,140,inspection_only;no_spatial_host;surface_parameters_missing,0,0,
H000001,141,inspection_only;no_spatial_host;surface_parameters_missing,0,0,
H000001,142,inspection_only;no_spatial_host;surface_parameters_missing,0,0,
H000001,143,inspection_only;no_spatial_host;surface_parameters_missing,0,0,
H000001,144,inspection_only;no_spatial_host;surface_parameters_missing,0,0,
H000001,145,inspection_only;no_spatial_host;surface_parameters_missing,0,0,
H000001,146,inspection_only;no_spatial_host;surface_parameters_missing,0,0,
H000001,147,inspection_only;no_spatial_host;surface_parameters_missing,0,0,
H000001,148,inspection_only;no_spatial_host;surface_parameters_missing,0,0,
H000001,149,inspection_only;no_spatial_host;surface_parameters_missing,0,0,
H000001,150,inspection_only;no_spatial_host;surface_parameters_missing,0,0,
H000001,151,inspection_only;no_spatial_host;surface_parameters_missing,0,0,
H000001,152,inspection_only;no_spatial_host;surface_parameters_missing,0,0,
H000001,153,inspection_only;no_spatial_host;surface_parameters_missing,0,0,
H000001,154,inspection_only;no_spatial_host;surface_parameters_missing,0,0,
H000001,155,inspection_only;no_spatial_host;surface_parameters_missing,0,0,
H000001,156,inspection_only;no_spatial_host;surface_parameters_missing,0,0,
H000001,157,inspection_only;no_spatial_host;surface_parameters_missing,0,0,
H000001,158,inspection_only;no_spatial_host;surface_parameters_missing,0,0,
H000001,159,inspection_only;no_spatial_host;surface_parameters_missing,0,0,
H000001,160,inspection_only;no_spatial_host;surface_parameters_missing,0,0,
H000001,161,inspection_only;no_spatial_host;surface_parameters_missing,0,0,
H000001,162,inspection_only;no_spatial_host;surface_parameters_missing,0,0,
H000001,163,inspection_only;no_spatial_host;surface_parameters_missing,0,0,
H000001,164,inspection_only;no_spatial_host;surface_parameters_missing,0,0,
H000001,165,inspection_only;no_spatial_host;surface_parameters_missing,0,0,
H000001,166,inspection_only;no_spatial_host;surface_parameters_missing,0,0,
H000001,167,inspection_only;no_spatial_host;surface_parameters_missing,0,0,
H000001,168,inspection_only;no_spatial_host;surface_parameters_missing,0,0,
H000001,169,inspection_only;no_spatial_host;surface_parameters_missing,0,0,
H000001,170,inspection_only;no_spatial_host;surface_parameters_missing,0,0,
H000001,171,inspection_only;no_spatial_host;surface_parameters_missing,0,0,
H000001,172,inspection_only;no_spatial_host;surface_parameters_missing,0,0,
H000001,173,inspection_only;no_spatial_host;surface_parameters_missing,0,0,
H000001,174,inspection_only;no_spatial_host;surface_parameters_missing,0,0,
H000001,175,inspection_only;no_spatial_host;surface_parameters_missing,0,0,
H000001,176,inspection_only;no_spatial_host;surface_parameters_missing,0,0,
H000001,177,inspection_only;no_spatial_host;surface_parameters_missing,0,0,
H000001,178,inspection_only;no_spatial_host;surface_parameters_missing,0,0,
H000001,179,inspection_only;no_spatial_host;surface_parameters_missing,0,0,
H000002,0,inspection_only;no_spatial_host;surface_parameters_missing,0,0,
H000002,1,inspection_only;no_spatial_host;surface_parameters_missing,0,0,
H000002,2,inspection_only;no_spatial_host;surface_parameters_missing,0,0,
H000002,3,inspection_only;no_spatial_host;surface_parameters_missing,0,0,
H000002,4,inspection_only;no_spatial_host;surface_parameters_missing,0,0,
H000002,5,inspection_only;no_spatial_host;surface_parameters_missing,0,0,
H000002,6,inspection_only;no_spatial_host;surface_parameters_missing,0,0,
H000002,7,inspection_only;no_spatial_host;surface_parameters_missing,0,0,
H000002,8,inspection_only;no_spatial_host;surface_parameters_missing,0,0,
H000002,9,inspection_only;no_spatial_host;surface_parameters_missing,0,0,
H000002,10,inspection_only;no_spatial_host;surface_parameters_missing,0,0,
H000002,11,inspection_only;no_spatial_host;surface_parameters_missing,0,0,
H000002,12,inspection_only;no_spatial_host;surface_parameters_missing,0,0,
H000002,13,inspection_only;no_spatial_host;surface_parameters_missing,0,0,
H000002,14,inspection_only;no_spatial_host;surface_parameters_missing,0,0,
H000002,15,inspection_only;no_spatial_host;surface_parameters_missing,0,0,
H000002,16,inspection_only;no_spatial_host;surface_parameters_missing,0,0,
H000002,17,inspection_only;no_spatial_host;surface_parameters_missing,0,0,
H000002,18,inspection_only;no_spatial_host;surface_parameters_missing,0,0,
H000002,19,inspection_only;no_spatial_host;surface_parameters_missing,0,0,
H000002,20,inspection_only;no_spatial_host;surface_parameters_missing,0,0,
H000002,21,inspection_only;no_spatial_host;surface_parameters_missing,0,0,
H000002,22,inspection_only;no_spatial_host;surface_parameters_missing,0,0,
H000002,23,inspection_only;no_spatial_host;surface_parameters_missing,0,0,
H000002,24,inspection_only;no_spatial_host;surface_parameters_missing,0,0,
H000002,25,inspection_only;no_spatial_host;surface_parameters_missing,0,0,
H000002,26,inspection_only;no_spatial_host;surface_parameters_missing,0,0,
H000002,27,inspection_only;no_spatial_host;surface_parameters_missing,0,0,
H000002,28,inspection_only;no_spatial_host;surface_parameters_missing,0,0,
H000002,29,inspection_only;no_spatial_host;surface_parameters_missing,0,0,
H000002,30,inspection_only;no_spatial_host;surface_parameters_missing,0,0,
H000002,31,inspection_only;no_spatial_host;surface_parameters_missing,0,0,
H000002,32,inspection_only;no_spatial_host;surface_parameters_missing,0,0,
H000002,33,inspection_only;no_spatial_host;surface_parameters_missing,0,0,
H000002,34,inspection_only;no_spatial_host;surface_parameters_missing,0,0,
H000002,35,inspection_only;no_spatial_host;surface_parameters_missing,0,0,
H000002,36,inspection_only;no_spatial_host;surface_parameters_missing,0,0,
H000002,37,inspection_only;no_spatial_host;surface_parameters_missing,0,0,
H000002,38,inspection_only;no_spatial_host;surface_parameters_missing,0,0,
H000002,39,inspection_only;no_spatial_host;surface_parameters_missing,0,0,
H000002,40,inspection_only;no_spatial_host;surface_parameters_missing,0,0,
H000002,41,inspection_only;no_spatial_host;surface_parameters_missing,0,0,
H000002,42,inspection_only;no_spatial_host;surface_parameters_missing,0,0,
H000002,43,inspection_only;no_spatial_host;surface_parameters_missing,0,0,
H000002,44,inspection_only;no_spatial_host;surface_parameters_missing,0,0,
H000002,45,inspection_only;no_spatial_host;surface_parameters_missing,0,0,
H000002,46,inspection_only;no_spatial_host;surface_parameters_missing,0,0,
H000002,47,inspection_only;no_spatial_host;surface_parameters_missing,0,0,
H000002,48,inspection_only;no_spatial_host;surface_parameters_missing,0,0,
H000002,49,inspection_only;no_spatial_host;surface_parameters_missing,0,0,
H000002,50,inspection_only;no_spatial_host;surface_parameters_missing,0,0,
H000002,51,inspection_only;no_spatial_host;surface_parameters_missing,0,0,
H000002,52,inspection_only;no_spatial_host;surface_parameters_missing,0,0,
H000002,53,inspection_only;no_spatial_host;surface_parameters_missing,0,0,
H000002,54,inspection_only;no_spatial_host;surface_parameters_missing,0,0,
H000002,55,inspection_only;no_spatial_host;surface_parameters_missing,0,0,
H000002,56,inspection_only;no_spatial_host;surface_parameters_missing,0,0,
H000002,57,inspection_only;no_spatial_host;surface_parameters_missing,0,0,
H000002,58,inspection_only;no_spatial_host;surface_parameters_missing,0,0,
H000002,59,inspection_only;no_spatial_host;surface_parameters_missing,0,0,
H000002,60,inspection_only;no_spatial_host;surface_parameters_missing,0,0,
H000002,61,inspection_only;no_spatial_host;surface_parameters_missing,0,0,
H000002,62,inspection_only;no_spatial_host;surface_parameters_missing,0,0,
H000002,63,inspection_only;no_spatial_host;surface_parameters_missing,0,0,
H000002,64,inspection_only;no_spatial_host;surface_parameters_missing,0,0,
H000002,65,inspection_only;no_spatial_host;surface_parameters_missing,0,0,
H000002,66,inspection_only;no_spatial_host;surface_parameters_missing,0,0,
H000002,67,inspection_only;no_spatial_host;surface_parameters_missing,0,0,
H000002,68,inspection_only;no_spatial_host;surface_parameters_missing,0,0,
H000002,69,inspection_only;no_spatial_host;surface_parameters_missing,0,0,
H000002,70,inspection_only;no_spatial_host;surface_parameters_missing,0,0,
H000002,71,inspection_only;no_spatial_host;surface_parameters_missing,0,0,
H000002,72,inspection_only;no_spatial_host;surface_parameters_missing,0,0,
H000002,73,inspection_only;no_spatial_host;surface_parameters_missing,0,0,
H000002,74,inspection_only;no_spatial_host;surface_parameters_missing,0,0,
H000002,75,inspection_only;no_spatial_host;surface_parameters_missing,0,0,
H000002,76,inspection_only;no_spatial_host;surface_parameters_missing,0,0,
H000002,77,inspection_only;no_spatial_host;surface_parameters_missing,0,0,
H000002,78,inspection_only;no_spatial_host;surface_parameters_missing,0,0,
H000002,79,inspection_only;no_spatial_host;surface_parameters_missing,0,0,
H000002,80,inspection_only;no_spatial_host;surface_parameters_missing,0,0,
H000002,81,inspection_only;no_spatial_host;surface_parameters_missing,0,0,
H000002,82,inspection_only;no_spatial_host;surface_parameters_missing,0,0,
H000002,83,inspection_only;no_spatial_host;surface_parameters_missing,0,0,
H000002,84,inspection_only;no_spatial_host;surface_parameters_missing,0,0,
H000002,85,inspection_only;no_spatial_host;surface_parameters_missing,0,0,
H000002,86,inspection_only;no_spatial_host;surface_parameters_missing,0,0,
H000002,87,inspection_only;no_spatial_host;surface_parameters_missing,0,0,
H000002,88,inspection_only;no_spatial_host;surface_parameters_missing,0,0,
H000002,89,inspection_only;no_spatial_host;surface_parameters_missing,0,0,
H000002,90,inspection_only;no_spatial_host;surface_parameters_missing,0,0,
H000002,91,inspection_only;no_spatial_host;surface_parameters_missing,0,0,
H000002,92,inspection_only;no_spatial_host;surface_parameters_missing,0,0,
H000002,93,inspection_only;no_spatial_host;surface_parameters_missing,0,0,
H000002,94,inspection_only;no_spatial_host;surface_parameters_missing,0,0,
H000002,95,inspection_only;no_spatial_host;surface_parameters_missing,0,0,
H000002,96,inspection_only;no_spatial_host;surface_parameters_missing,0,0,
H000002,97,inspection_only;no_spatial_host;surface_parameters_missing,0,0,
H000002,98,inspection_only;no_spatial_host;surface_parameters_missing,0,0,
H000002,99,inspection_only;no_spatial_host;surface_parameters_missing,0,0,
H000002,100,inspection_only;no_spatial_host;surface_parameters_missing,0,0,
H000002,101,inspection_only;no_spatial_host;surface_parameters_missing,0,0,
H000002,102,inspection_only;no_spatial_host;surface_parameters_missing,0,0,
H000002,103,inspection_only;no_spatial_host;surface_parameters_missing,0,0,
H000002,104,inspection_only;no_spatial_host;surface_parameters_missing,0,0,
H000002,105,inspection_only;no_spatial_host;surface_parameters_missing,0,0,
H000002,106,inspection_only;no_spatial_host;surface_parameters_missing,0,0,
H000002,107,inspection_only;no_spatial_host;surface_parameters_missing,0,0,
H000002,108,inspection_only;no_spatial_host;surface_parameters_missing,0,0,
H000002,109,inspection_only;no_spatial_host;surface_parameters_missing,0,0,
H000002,110,inspection_only;no_spatial_host;surface_parameters_missing,0,0,
H000002,111,inspection_only;no_spatial_host;surface_parameters_missing,0,0,
H000002,112,inspection_only;no_spatial_host;surface_parameters_missing,0,0,
H000002,113,inspection_only;no_spatial_host;surface_parameters_missing,0,0,
H000002,114,inspection_only;no_spatial_host;surface_parameters_missing,0,0,
H000002,115,inspection_only;no_spatial_host;surface_parameters_missing,0,0,
H000002,116,inspection_only;no_spatial_host;surface_parameters_missing,0,0,
H000002,117,inspection_only;no_spatial_host;surface_parameters_missing,0,0,
H000002,118,inspection_only;no_spatial_host;surface_parameters_missing,0,0,
H000002,119,inspection_only;no_spatial_host;surface_parameters_missing,0,0,
H000002,120,inspection_only;no_spatial_host;surface_parameters_missing,0,0,
H000002,121,inspection_only;no_spatial_host;surface_parameters_missing,0,0,
H000002,122,inspection_only;no_spatial_host;surface_parameters_missing,0,0,
H000002,123,inspection_only;no_spatial_host;surface_parameters_missing,0,0,
H000002,124,inspection_only;no_spatial_host;surface_parameters_missing,0,0,
H000002,125,inspection_only;no_spatial_host;surface_parameters_missing,0,0,
H000002,126,inspection_only;no_spatial_host;surface_parameters_missing,0,0,
H000002,127,inspection_only;no_spatial_host;surface_parameters_missing,0,0,
H000002,128,inspection_only;no_spatial_host;surface_parameters_missing,0,0,
H000002,129,inspection_only;no_spatial_host;surface_parameters_missing,0,0,
H000002,130,inspection_only;no_spatial_host;surface_parameters_missing,0,0,
H000002,131,inspection_only;no_spatial_host;surface_parameters_missing,0,0,
H000002,132,inspection_only;no_spatial_host;surface_parameters_missing,0,0,
H000002,133,inspection_only;no_spatial_host;surface_parameters_missing,0,0,
H000002,134,inspection_only;no_spatial_host;surface_parameters_missing,0,0,
H000002,135,inspection_only;no_spatial_host;surface_parameters_missing,0,0,
H000002,136,inspection_only;no_spatial_host;surface_parameters_missing,0,0,
H000002,137,inspection_only;no_spatial_host;surface_parameters_missing,0,0,
H000002,138,inspection_only;no_spatial_host;surface_parameters_missing,0,0,
H000002,139,inspection_only;no_spatial_host;surface_parameters_missing,0,0,
H000002,140,inspection_only;no_spatial_host;surface_parameters_missing,0,0,
H000002,141,inspection_only;no_spatial_host;surface_parameters_missing,0,0,
H000002,142,inspection_only;no_spatial_host;surface_parameters_missing,0,0,
H000002,143,inspection_only;no_spatial_host;surface_parameters_missing,0,0,
H000002,144,inspection_only;no_spatial_host;surface_parameters_missing,0,0,
H000002,145,inspection_only;no_spatial_host;surface_parameters_missing,0,0,
H000002,146,inspection_only;no_spatial_host;surface_parameters_missing,0,0,
H000002,147,inspection_only;no_spatial_host;surface_parameters_missing,0,0,
H000002,148,inspection_only;no_spatial_host;surface_parameters_missing,0,0,
H000002,149,inspection_only;no_spatial_host;surface_parameters_missing,0,0,
H000002,150,inspection_only;no_spatial_host;surface_parameters_missing,0,0,
H000002,151,inspection_only;no_spatial_host;surface_parameters_missing,0,0,
H000002,152,inspection_only;no_spatial_host;surface_parameters_missing,0,0,
H000002,153,inspection_only;no_spatial_host;surface_parameters_missing,0,0,
H000002,154,inspection_only;no_spatial_host;surface_parameters_missing,0,0,
H000002,155,inspection_only;no_spatial_host;surface_parameters_missing,0,0,
H000002,156,inspection_only;no_spatial_host;surface_parameters_missing,0,0,
H000002,157,inspection_only;no_spatial_host;surface_parameters_missing,0,0,
H000002,158,inspection_only;no_spatial_host;surface_parameters_missing,0,0,
H000002,159,inspection_only;no_spatial_host;surface_parameters_missing,0,0,
H000002,160,inspection_only;no_spatial_host;surface_parameters_missing,0,0,
H000002,161,inspection_only;no_spatial_host;surface_parameters_missing,0,0,
H000002,162,inspection_only;no_spatial_host;surface_parameters_missing,0,0,
H000002,163,inspection_only;no_spatial_host;surface_parameters_missing,0,0,
H000002,164,inspection_only;no_spatial_host;surface_parameters_missing,0,0,
H000002,165,inspection_only;no_spatial_host;surface_parameters_missing,0,0,
H000002,166,inspection_only;no_spatial_host;surface_parameters_missing,0,0,
H000002,167,inspection_only;no_spatial_host;surface_parameters_missing,0,0,
H000002,168,inspection_only;no_spatial_host;surface_parameters_missing,0,0,
H000002,169,inspection_only;no_spatial_host;surface_parameters_missing,0,0,
H000002,170,inspection_only;no_spatial_host;surface_parameters_missing,0,0,
H000002,171,inspection_only;no_spatial_host;surface_parameters_missing,0,0,
H000002,172,inspection_only;no_spatial_host;surface_parameters_missing,0,0,
H000002,173,inspection_only;no_spatial_host;surface_parameters_missing,0,0,
H000002,174,inspection_only;no_spatial_host;surface_parameters_missing,0,0,
H000002,175,inspection_only;no_spatial_host;surface_parameters_missing,0,0,
H000002,176,inspection_only;no_spatial_host;surface_parameters_missing,0,0,
H000002,177,inspection_only;no_spatial_host;surface_parameters_missing,0,0,
H000002,178,inspection_only;no_spatial_host;surface_parameters_missing,0,0,
H000002,179,inspection_only;no_spatial_host;surface_parameters_missing,0,0,
H000003,0,inspection_only;no_spatial_host;surface_parameters_missing,0,0,
H000003,1,inspection_only;no_spatial_host;surface_parameters_missing,0,0,
H000003,2,inspection_only;no_spatial_host;surface_parameters_missing,0,0,
H000003,3,inspection_only;no_spatial_host;surface_parameters_missing,0,0,
H000003,4,inspection_only;no_spatial_host;surface_parameters_missing,0,0,
H000003,5,inspection_only;no_spatial_host;surface_parameters_missing,0,0,
H000003,6,inspection_only;no_spatial_host;surface_parameters_missing,0,0,
H000003,7,inspection_only;no_spatial_host;surface_parameters_missing,0,0,
H000003,8,inspection_only;no_spatial_host;surface_parameters_missing,0,0,
H000003,9,inspection_only;no_spatial_host;surface_parameters_missing,0,0,
H000003,10,inspection_only;no_spatial_host;surface_parameters_missing,0,0,
H000003,11,inspection_only;no_spatial_host;surface_parameters_missing,0,0,
H000003,12,inspection_only;no_spatial_host;surface_parameters_missing,0,0,
H000003,13,inspection_only;no_spatial_host;surface_parameters_missing,0,0,
H000003,14,inspection_only;no_spatial_host;surface_parameters_missing,0,0,
H000003,15,inspection_only;no_spatial_host;surface_parameters_missing,0,0,
H000003,16,inspection_only;no_spatial_host;surface_parameters_missing,0,0,
H000003,17,inspection_only;no_spatial_host;surface_parameters_missing,0,0,
H000003,18,inspection_only;no_spatial_host;surface_parameters_missing,0,0,
H000003,19,inspection_only;no_spatial_host;surface_parameters_missing,0,0,
H000003,20,inspection_only;no_spatial_host;surface_parameters_missing,0,0,
H000003,21,inspection_only;no_spatial_host;surface_parameters_missing,0,0,
H000003,22,inspection_only;no_spatial_host;surface_parameters_missing,0,0,
H000003,23,inspection_only;no_spatial_host;surface_parameters_missing,0,0,
H000003,24,inspection_only;no_spatial_host;surface_parameters_missing,0,0,
H000003,25,inspection_only;no_spatial_host;surface_parameters_missing,0,0,
H000003,26,inspection_only;no_spatial_host;surface_parameters_missing,0,0,
H000003,27,inspection_only;no_spatial_host;surface_parameters_missing,0,0,
H000003,28,inspection_only;no_spatial_host;surface_parameters_missing,0,0,
H000003,29,inspection_only;no_spatial_host;surface_parameters_missing,0,0,
H000003,30,inspection_only;no_spatial_host;surface_parameters_missing,0,0,
H000003,31,inspection_only;no_spatial_host;surface_parameters_missing,0,0,
H000003,32,inspection_only;no_spatial_host;surface_parameters_missing,0,0,
H000003,33,inspection_only;no_spatial_host;surface_parameters_missing,0,0,
H000003,34,inspection_only;no_spatial_host;surface_parameters_missing,0,0,
H000003,35,inspection_only;no_spatial_host;surface_parameters_missing,0,0,
H000003,36,inspection_only;no_spatial_host;surface_parameters_missing,0,0,
H000003,37,inspection_only;no_spatial_host;surface_parameters_missing,0,0,
H000003,38,inspection_only;no_spatial_host;surface_parameters_missing,0,0,
H000003,39,inspection_only;no_spatial_host;surface_parameters_missing,0,0,
H000003,40,inspection_only;no_spatial_host;surface_parameters_missing,0,0,
H000003,41,inspection_only;no_spatial_host;surface_parameters_missing,0,0,
H000003,42,inspection_only;no_spatial_host;surface_parameters_missing,0,0,
H000003,43,inspection_only;no_spatial_host;surface_parameters_missing,0,0,
H000003,44,inspection_only;no_spatial_host;surface_parameters_missing,0,0,
H000003,45,inspection_only;no_spatial_host;surface_parameters_missing,0,0,
H000003,46,inspection_only;no_spatial_host;surface_parameters_missing,0,0,
H000003,47,inspection_only;no_spatial_host;surface_parameters_missing,0,0,
H000003,48,inspection_only;no_spatial_host;surface_parameters_missing,0,0,
H000003,49,inspection_only;no_spatial_host;surface_parameters_missing,0,0,
H000003,50,inspection_only;no_spatial_host;surface_parameters_missing,0,0,
H000003,51,inspection_only;no_spatial_host;surface_parameters_missing,0,0,
H000003,52,inspection_only;no_spatial_host;surface_parameters_missing,0,0,
H000003,53,inspection_only;no_spatial_host;surface_parameters_missing,0,0,
H000003,54,inspection_only;no_spatial_host;surface_parameters_missing,0,0,
H000003,55,inspection_only;no_spatial_host;surface_parameters_missing,0,0,
H000003,56,inspection_only;no_spatial_host;surface_parameters_missing,0,0,
H000003,57,inspection_only;no_spatial_host;surface_parameters_missing,0,0,
H000003,58,inspection_only;no_spatial_host;surface_parameters_missing,0,0,
H000003,59,inspection_only;no_spatial_host;surface_parameters_missing,0,0,
H000003,60,inspection_only;no_spatial_host;surface_parameters_missing,0,0,
H000003,61,inspection_only;no_spatial_host;surface_parameters_missing,0,0,
H000003,62,inspection_only;no_spatial_host;surface_parameters_missing,0,0,
H000003,63,inspection_only;no_spatial_host;surface_parameters_missing,0,0,
H000003,64,inspection_only;no_spatial_host;surface_parameters_missing,0,0,
H000003,65,inspection_only;no_spatial_host;surface_parameters_missing,0,0,
H000003,66,inspection_only;no_spatial_host;surface_parameters_missing,0,0,
H000003,67,inspection_only;no_spatial_host;surface_parameters_missing,0,0,
H000003,68,inspection_only;no_spatial_host;surface_parameters_missing,0,0,
H000003,69,inspection_only;no_spatial_host;surface_parameters_missing,0,0,
H000003,70,inspection_only;no_spatial_host;surface_parameters_missing,0,0,
H000003,71,inspection_only;no_spatial_host;surface_parameters_missing,0,0,
H000003,72,inspection_only;no_spatial_host;surface_parameters_missing,0,0,
H000003,73,inspection_only;no_spatial_host;surface_parameters_missing,0,0,
H000003,74,inspection_only;no_spatial_host;surface_parameters_missing,0,0,
H000003,75,inspection_only;no_spatial_host;surface_parameters_missing,0,0,
H000003,76,inspection_only;no_spatial_host;surface_parameters_missing,0,0,
H000003,77,inspection_only;no_spatial_host;surface_parameters_missing,0,0,
H000003,78,inspection_only;no_spatial_host;surface_parameters_missing,0,0,
H000003,79,inspection_only;no_spatial_host;surface_parameters_missing,0,0,
H000003,80,inspection_only;no_spatial_host;surface_parameters_missing,0,0,
H000003,81,inspection_only;no_spatial_host;surface_parameters_missing,0,0,
H000003,82,inspection_only;no_spatial_host;surface_parameters_missing,0,0,
H000003,83,inspection_only;no_spatial_host;surface_parameters_missing,0,0,
H000003,84,inspection_only;no_spatial_host;surface_parameters_missing,0,0,
H000003,85,inspection_only;no_spatial_host;surface_parameters_missing,0,0,
H000003,86,inspection_only;no_spatial_host;surface_parameters_missing,0,0,
H000003,87,inspection_only;no_spatial_host;surface_parameters_missing,0,0,
H000003,88,inspection_only;no_spatial_host;surface_parameters_missing,0,0,
H000003,89,inspection_only;no_spatial_host;surface_parameters_missing,0,0,
H000003,90,inspection_only;no_spatial_host;surface_parameters_missing,0,0,
H000003,91,inspection_only;no_spatial_host;surface_parameters_missing,0,0,
H000003,92,inspection_only;no_spatial_host;surface_parameters_missing,0,0,
H000003,93,inspection_only;no_spatial_host;surface_parameters_missing,0,0,
H000003,94,inspection_only;no_spatial_host;surface_parameters_missing,0,0,
H000003,95,inspection_only;no_spatial_host;surface_parameters_missing,0,0,
H000003,96,inspection_only;no_spatial_host;surface_parameters_missing,0,0,
H000003,97,inspection_only;no_spatial_host;surface_parameters_missing,0,0,
H000003,98,inspection_only;no_spatial_host;surface_parameters_missing,0,0,
H000003,99,inspection_only;no_spatial_host;surface_parameters_missing,0,0,
H000003,100,inspection_only;no_spatial_host;surface_parameters_missing,0,0,
H000003,101,inspection_only;no_spatial_host;surface_parameters_missing,0,0,
H000003,102,inspection_only;no_spatial_host;surface_parameters_missing,0,0,
H000003,103,inspection_only;no_spatial_host;surface_parameters_missing,0,0,
H000003,104,inspection_only;no_spatial_host;surface_parameters_missing,0,0,
H000003,105,inspection_only;no_spatial_host;surface_parameters_missing,0,0,
H000003,106,inspection_only;no_spatial_host;surface_parameters_missing,0,0,
H000003,107,inspection_only;no_spatial_host;surface_parameters_missing,0,0,
H000003,108,inspection_only;no_spatial_host;surface_parameters_missing,0,0,
H000003,109,inspection_only;no_spatial_host;surface_parameters_missing,0,0,
H000003,110,inspection_only;no_spatial_host;surface_parameters_missing,0,0,
H000003,111,inspection_only;no_spatial_host;surface_parameters_missing,0,0,
H000003,112,inspection_only;no_spatial_host;surface_parameters_missing,0,0,
H000003,113,inspection_only;no_spatial_host;surface_parameters_missing,0,0,
H000003,114,inspection_only;no_spatial_host;surface_parameters_missing,0,0,
H000003,115,inspection_only;no_spatial_host;surface_parameters_missing,0,0,
H000003,116,inspection_only;no_spatial_host;surface_parameters_missing,0,0,
H000003,117,inspection_only;no_spatial_host;surface_parameters_missing,0,0,
H000003,118,inspection_only;no_spatial_host;surface_parameters_missing,0,0,
H000003,119,inspection_only;no_spatial_host;surface_parameters_missing,0,0,
H000003,120,inspection_only;no_spatial_host;surface_parameters_missing,0,0,
H000003,121,inspection_only;no_spatial_host;surface_parameters_missing,0,0,
H000003,122,inspection_only;no_spatial_host;surface_parameters_missing,0,0,
H000003,123,inspection_only;no_spatial_host;surface_parameters_missing,0,0,
H000003,124,inspection_only;no_spatial_host;surface_parameters_missing,0,0,
H000003,125,inspection_only;no_spatial_host;surface_parameters_missing,0,0,
H000003,126,inspection_only;no_spatial_host;surface_parameters_missing,0,0,
H000003,127,inspection_only;no_spatial_host;surface_parameters_missing,0,0,
H000003,128,inspection_only;no_spatial_host;surface_parameters_missing,0,0,
H000003,129,inspection_only;no_spatial_host;surface_parameters_missing,0,0,
H000003,130,inspection_only;no_spatial_host;surface_parameters_missing,0,0,
H000003,131,inspection_only;no_spatial_host;surface_parameters_missing,0,0,
H000003,132,inspection_only;no_spatial_host;surface_parameters_missing,0,0,
H000003,133,inspection_only;no_spatial_host;surface_parameters_missing,0,0,
H000003,134,inspection_only;no_spatial_host;surface_parameters_missing,0,0,
H000003,135,inspection_only;no_spatial_host;surface_parameters_missing,0,0,
H000003,136,inspection_only;no_spatial_host;surface_parameters_missing,0,0,
H000003,137,inspection_only;no_spatial_host;surface_parameters_missing,0,0,
H000003,138,inspection_only;no_spatial_host;surface_parameters_missing,0,0,
H000003,139,inspection_only;no_spatial_host;surface_parameters_missing,0,0,
H000003,140,inspection_only;no_spatial_host;surface_parameters_missing,0,0,
H000003,141,inspection_only;no_spatial_host;surface_parameters_missing,0,0,
H000003,142,inspection_only;no_spatial_host;surface_parameters_missing,0,0,
H000003,143,inspection_only;no_spatial_host;surface_parameters_missing,0,0,
H000003,144,inspection_only;no_spatial_host;surface_parameters_missing,0,0,
H000003,145,inspection_only;no_spatial_host;surface_parameters_missing,0,0,
H000003,146,inspection_only;no_spatial_host;surface_parameters_missing,0,0,
H000003,147,inspection_only;no_spatial_host;surface_parameters_missing,0,0,
H000003,148,inspection_only;no_spatial_host;surface_parameters_missing,0,0,
H000003,149,inspection_only;no_spatial_host;surface_parameters_missing,0,0,
H000003,150,inspection_only;no_spatial_host;surface_parameters_missing,0,0,
H000003,151,inspection_only;no_spatial_host;surface_parameters_missing,0,0,
H000003,152,inspection_only;no_spatial_host;surface_parameters_missing,0,0,
H000003,153,inspection_only;no_spatial_host;surface_parameters_missing,0,0,
H000003,154,inspection_only;no_spatial_host;surface_parameters_missing,0,0,
H000003,155,inspection_only;no_spatial_host;surface_parameters_missing,0,0,
H000003,156,inspection_only;no_spatial_host;surface_parameters_missing,0,0,
H000003,157,inspection_only;no_spatial_host;surface_parameters_missing,0,0,
H000003,158,inspection_only;no_spatial_host;surface_parameters_missing,0,0,
H000003,159,inspection_only;no_spatial_host;surface_parameters_missing,0,0,
H000003,160,inspection_only;no_spatial_host;surface_parameters_missing,0,0,
H000003,161,inspection_only;no_spatial_host;surface_parameters_missing,0,0,
H000003,162,inspection_only;no_spatial_host;surface_parameters_missing,0,0,
H000003,163,inspection_only;no_spatial_host;surface_parameters_missing,0,0,
H000003,164,inspection_only;no_spatial_host;surface_parameters_missing,0,0,
H000003,165,inspection_only;no_spatial_host;surface_parameters_missing,0,0,
H000003,166,inspection_only;no_spatial_host;surface_parameters_missing,0,0,
H000003,167,inspection_only;no_spatial_host;surface_parameters_missing,0,0,
H000003,168,inspection_only;no_spatial_host;surface_parameters_missing,0,0,
H000003,169,inspection_only;no_spatial_host;surface_parameters_missing,0,0,
H000003,170,inspection_only;no_spatial_host;surface_parameters_missing,0,0,
H000003,171,inspection_only;no_spatial_host;surface_parameters_missing,0,0,
H000003,172,inspection_only;no_spatial_host;surface_parameters_missing,0,0,
H000003,173,inspection_only;no_spatial_host;surface_parameters_missing,0,0,
H000003,174,inspection_only;no_spatial_host;surface_parameters_missing,0,0,
H000003,175,inspection_only;no_spatial_host;surface_parameters_missing,0,0,
H000003,176,inspection_only;no_spatial_host;surface_parameters_missing,0,0,
H000003,177,inspection_only;no_spatial_host;surface_parameters_missing,0,0,
H000003,178,inspection_only;no_spatial_host;surface_parameters_missing,0,0,
H000003,179,inspection_only;no_spatial_host;surface_parameters_missing,0,0,
H000004,0,inspection_only;no_spatial_host;surface_parameters_missing,0,0,
H000004,1,inspection_only;no_spatial_host;surface_parameters_missing,0,0,
H000004,2,inspection_only;no_spatial_host;surface_parameters_missing,0,0,
H000004,3,inspection_only;no_spatial_host;surface_parameters_missing,0,0,
H000004,4,inspection_only;no_spatial_host;surface_parameters_missing,0,0,
H000004,5,inspection_only;no_spatial_host;surface_parameters_missing,0,0,
H000004,6,inspection_only;no_spatial_host;surface_parameters_missing,0,0,
H000004,7,inspection_only;no_spatial_host;surface_parameters_missing,0,0,
H000004,8,inspection_only;no_spatial_host;surface_parameters_missing,0,0,
H000004,9,inspection_only;no_spatial_host;surface_parameters_missing,0,0,
H000004,10,inspection_only;no_spatial_host;surface_parameters_missing,0,0,
H000004,11,inspection_only;no_spatial_host;surface_parameters_missing,0,0,
H000004,12,inspection_only;no_spatial_host;surface_parameters_missing,0,0,
H000004,13,inspection_only;no_spatial_host;surface_parameters_missing,0,0,
H000004,14,inspection_only;no_spatial_host;surface_parameters_missing,0,0,
H000004,15,inspection_only;no_spatial_host;surface_parameters_missing,0,0,
H000004,16,inspection_only;no_spatial_host;surface_parameters_missing,0,0,
H000004,17,inspection_only;no_spatial_host;surface_parameters_missing,0,0,
H000004,18,inspection_only;no_spatial_host;surface_parameters_missing,0,0,
H000004,19,inspection_only;no_spatial_host;surface_parameters_missing,0,0,
H000004,20,inspection_only;no_spatial_host;surface_parameters_missing,0,0,
H000004,21,inspection_only;no_spatial_host;surface_parameters_missing,0,0,
H000004,22,inspection_only;no_spatial_host;surface_parameters_missing,0,0,
H000004,23,inspection_only;no_spatial_host;surface_parameters_missing,0,0,
H000004,24,inspection_only;no_spatial_host;surface_parameters_missing,0,0,
H000004,25,inspection_only;no_spatial_host;surface_parameters_missing,0,0,
H000004,26,inspection_only;no_spatial_host;surface_parameters_missing,0,0,
H000004,27,inspection_only;no_spatial_host;surface_parameters_missing,0,0,
H000004,28,inspection_only;no_spatial_host;surface_parameters_missing,0,0,
H000004,29,inspection_only;no_spatial_host;surface_parameters_missing,0,0,
H000004,30,inspection_only;no_spatial_host;surface_parameters_missing,0,0,
H000004,31,inspection_only;no_spatial_host;surface_parameters_missing,0,0,
H000004,32,inspection_only;no_spatial_host;surface_parameters_missing,0,0,
H000004,33,inspection_only;no_spatial_host;surface_parameters_missing,0,0,
H000004,34,inspection_only;no_spatial_host;surface_parameters_missing,0,0,
H000004,35,inspection_only;no_spatial_host;surface_parameters_missing,0,0,
H000004,36,inspection_only;no_spatial_host;surface_parameters_missing,0,0,
H000004,37,inspection_only;no_spatial_host;surface_parameters_missing,0,0,
H000004,38,inspection_only;no_spatial_host;surface_parameters_missing,0,0,
H000004,39,inspection_only;no_spatial_host;surface_parameters_missing,0,0,
H000004,40,inspection_only;no_spatial_host;surface_parameters_missing,0,0,
H000004,41,inspection_only;no_spatial_host;surface_parameters_missing,0,0,
H000004,42,inspection_only;no_spatial_host;surface_parameters_missing,0,0,
H000004,43,inspection_only;no_spatial_host;surface_parameters_missing,0,0,
H000004,44,inspection_only;no_spatial_host;surface_parameters_missing,0,0,
H000004,45,inspection_only;no_spatial_host;surface_parameters_missing,0,0,
H000004,46,inspection_only;no_spatial_host;surface_parameters_missing,0,0,
H000004,47,inspection_only;no_spatial_host;surface_parameters_missing,0,0,
H000004,48,inspection_only;no_spatial_host;surface_parameters_missing,0,0,
H000004,49,inspection_only;no_spatial_host;surface_parameters_missing,0,0,
H000004,50,inspection_only;no_spatial_host;surface_parameters_missing,0,0,
H000004,51,inspection_only;no_spatial_host;surface_parameters_missing,0,0,
H000004,52,inspection_only;no_spatial_host;surface_parameters_missing,0,0,
H000004,53,inspection_only;no_spatial_host;surface_parameters_missing,0,0,
H000004,54,inspection_only;no_spatial_host;surface_parameters_missing,0,0,
H000004,55,inspection_only;no_spatial_host;surface_parameters_missing,0,0,
H000004,56,inspection_only;no_spatial_host;surface_parameters_missing,0,0,
H000004,57,inspection_only;no_spatial_host;surface_parameters_missing,0,0,
H000004,58,inspection_only;no_spatial_host;surface_parameters_missing,0,0,
H000004,59,inspection_only;no_spatial_host;surface_parameters_missing,0,0,
H000004,60,inspection_only;no_spatial_host;surface_parameters_missing,0,0,
H000004,61,inspection_only;no_spatial_host;surface_parameters_missing,0,0,
H000004,62,inspection_only;no_spatial_host;surface_parameters_missing,0,0,
H000004,63,inspection_only;no_spatial_host;surface_parameters_missing,0,0,
H000004,64,inspection_only;no_spatial_host;surface_parameters_missing,0,0,
H000004,65,inspection_only;no_spatial_host;surface_parameters_missing,0,0,
H000004,66,inspection_only;no_spatial_host;surface_parameters_missing,0,0,
H000004,67,inspection_only;no_spatial_host;surface_parameters_missing,0,0,
H000004,68,inspection_only;no_spatial_host;surface_parameters_missing,0,0,
H000004,69,inspection_only;no_spatial_host;surface_parameters_missing,0,0,
H000004,70,inspection_only;no_spatial_host;surface_parameters_missing,0,0,
H000004,71,inspection_only;no_spatial_host;surface_parameters_missing,0,0,
H000004,72,inspection_only;no_spatial_host;surface_parameters_missing,0,0,
H000004,73,inspection_only;no_spatial_host;surface_parameters_missing,0,0,
H000004,74,inspection_only;no_spatial_host;surface_parameters_missing,0,0,
H000004,75,inspection_only;no_spatial_host;surface_parameters_missing,0,0,
H000004,76,inspection_only;no_spatial_host;surface_parameters_missing,0,0,
H000004,77,inspection_only;no_spatial_host;surface_parameters_missing,0,0,
H000004,78,inspection_only;no_spatial_host;surface_parameters_missing,0,0,
H000004,79,inspection_only;no_spatial_host;surface_parameters_missing,0,0,
H000004,80,inspection_only;no_spatial_host;surface_parameters_missing,0,0,
H000004,81,inspection_only;no_spatial_host;surface_parameters_missing,0,0,
H000004,82,inspection_only;no_spatial_host;surface_parameters_missing,0,0,
H000004,83,inspection_only;no_spatial_host;surface_parameters_missing,0,0,
H000004,84,inspection_only;no_spatial_host;surface_parameters_missing,0,0,
H000004,85,inspection_only;no_spatial_host;surface_parameters_missing,0,0,
H000004,86,inspection_only;no_spatial_host;surface_parameters_missing,0,0,
H000004,87,inspection_only;no_spatial_host;surface_parameters_missing,0,0,
H000004,88,inspection_only;no_spatial_host;surface_parameters_missing,0,0,
H000004,89,inspection_only;no_spatial_host;surface_parameters_missing,0,0,
H000004,90,inspection_only;no_spatial_host;surface_parameters_missing,0,0,
H000004,91,inspection_only;no_spatial_host;surface_parameters_missing,0,0,
H000004,92,inspection_only;no_spatial_host;surface_parameters_missing,0,0,
H000004,93,inspection_only;no_spatial_host;surface_parameters_missing,0,0,
H000004,94,inspection_only;no_spatial_host;surface_parameters_missing,0,0,
H000004,95,inspection_only;no_spatial_host;surface_parameters_missing,0,0,
H000004,96,inspection_only;no_spatial_host;surface_parameters_missing,0,0,
H000004,97,inspection_only;no_spatial_host;surface_parameters_missing,0,0,
H000004,98,inspection_only;no_spatial_host;surface_parameters_missing,0,0,
H000004,99,inspection_only;no_spatial_host;surface_parameters_missing,0,0,
H000004,100,inspection_only;no_spatial_host;surface_parameters_missing,0,0,
H000004,101,inspection_only;no_spatial_host;surface_parameters_missing,0,0,
H000004,102,inspection_only;no_spatial_host;surface_parameters_missing,0,0,
H000004,103,inspection_only;no_spatial_host;surface_parameters_missing,0,0,
H000004,104,inspection_only;no_spatial_host;surface_parameters_missing,0,0,
H000004,105,inspection_only;no_spatial_host;surface_parameters_missing,0,0,
H000004,106,inspection_only;no_spatial_host;surface_parameters_missing,0,0,
H000004,107,inspection_only;no_spatial_host;surface_parameters_missing,0,0,
H000004,108,inspection_only;no_spatial_host;surface_parameters_missing,0,0,
H000004,109,inspection_only;no_spatial_host;surface_parameters_missing,0,0,
H000004,110,inspection_only;no_spatial_host;surface_parameters_missing,0,0,
H000004,111,inspection_only;no_spatial_host;surface_parameters_missing,0,0,
H000004,112,inspection_only;no_spatial_host;surface_parameters_missing,0,0,
H000004,113,inspection_only;no_spatial_host;surface_parameters_missing,0,0,
H000004,114,inspection_only;no_spatial_host;surface_parameters_missing,0,0,
H000004,115,inspection_only;no_spatial_host;surface_parameters_missing,0,0,
H000004,116,inspection_only;no_spatial_host;surface_parameters_missing,0,0,
H000004,117,inspection_only;no_spatial_host;surface_parameters_missing,0,0,
H000004,118,inspection_only;no_spatial_host;surface_parameters_missing,0,0,
H000004,119,inspection_only;no_spatial_host;surface_parameters_missing,0,0,
H000004,120,inspection_only;no_spatial_host;surface_parameters_missing,0,0,
H000004,121,inspection_only;no_spatial_host;surface_parameters_missing,0,0,
H000004,122,inspection_only;no_spatial_host;surface_parameters_missing,0,0,
H000004,123,inspection_only;no_spatial_host;surface_parameters_missing,0,0,
H000004,124,inspection_only;no_spatial_host;surface_parameters_missing,0,0,
H000004,125,inspection_only;no_spatial_host;surface_parameters_missing,0,0,
H000004,126,inspection_only;no_spatial_host;surface_parameters_missing,0,0,
H000004,127,inspection_only;no_spatial_host;surface_parameters_missing,0,0,
H000004,128,inspection_only;no_spatial_host;surface_parameters_missing,0,0,
H000004,129,inspection_only;no_spatial_host;surface_parameters_missing,0,0,
H000004,130,inspection_only;no_spatial_host;surface_parameters_missing,0,0,
H000004,131,inspection_only;no_spatial_host;surface_parameters_missing,0,0,
H000004,132,inspection_only;no_spatial_host;surface_parameters_missing,0,0,
H000004,133,inspection_only;no_spatial_host;surface_parameters_missing,0,0,
H000004,134,inspection_only;no_spatial_host;surface_parameters_missing,0,0,
H000004,135,inspection_only;no_spatial_host;surface_parameters_missing,0,0,
H000004,136,inspection_only;no_spatial_host;surface_parameters_missing,0,0,
H000004,137,inspection_only;no_spatial_host;surface_parameters_missing,0,0,
H000004,138,inspection_only;no_spatial_host;surface_parameters_missing,0,0,
H000004,139,inspection_only;no_spatial_host;surface_parameters_missing,0,0,
H000004,140,inspection_only;no_spatial_host;surface_parameters_missing,0,0,
H000004,141,inspection_only;no_spatial_host;surface_parameters_missing,0,0,
H000004,142,inspection_only;no_spatial_host;surface_parameters_missing,0,0,
H000004,143,inspection_only;no_spatial_host;surface_parameters_missing,0,0,
H000004,144,inspection_only;no_spatial_host;surface_parameters_missing,0,0,
H000004,145,inspection_only;no_spatial_host;surface_parameters_missing,0,0,
H000004,146,inspection_only;no_spatial_host;surface_parameters_missing,0,0,
H000004,147,inspection_only;no_spatial_host;surface_parameters_missing,0,0,
H000004,148,inspection_only;no_spatial_host;surface_parameters_missing,0,0,
H000004,149,inspection_only;no_spatial_host;surface_parameters_missing,0,0,
H000004,150,inspection_only;no_spatial_host;surface_parameters_missing,0,0,
H000004,151,inspection_only;no_spatial_host;surface_parameters_missing,0,0,
H000004,152,inspection_only;no_spatial_host;surface_parameters_missing,0,0,
H000004,153,inspection_only;no_spatial_host;surface_parameters_missing,0,0,
H000004,154,inspection_only;no_spatial_host;surface_parameters_missing,0,0,
H000004,155,inspection_only;no_spatial_host;surface_parameters_missing,0,0,
H000004,156,inspection_only;no_spatial_host;surface_parameters_missing,0,0,
H000004,157,inspection_only;no_spatial_host;surface_parameters_missing,0,0,
H000004,158,inspection_only;no_spatial_host;surface_parameters_missing,0,0,
H000004,159,inspection_only;no_spatial_host;surface_parameters_missing,0,0,
H000004,160,inspection_only;no_spatial_host;surface_parameters_missing,0,0,
H000004,161,inspection_only;no_spatial_host;surface_parameters_missing,0,0,
H000004,162,inspection_only;no_spatial_host;surface_parameters_missing,0,0,
H000004,163,inspection_only;no_spatial_host;surface_parameters_missing,0,0,
H000004,164,inspection_only;no_spatial_host;surface_parameters_missing,0,0,
H000004,165,inspection_only;no_spatial_host;surface_parameters_missing,0,0,
H000004,166,inspection_only;no_spatial_host;surface_parameters_missing,0,0,
H000004,167,inspection_only;no_spatial_host;surface_parameters_missing,0,0,
H000004,168,inspection_only;no_spatial_host;surface_parameters_missing,0,0,
H000004,169,inspection_only;no_spatial_host;surface_parameters_missing,0,0,
H000004,170,inspection_only;no_spatial_host;surface_parameters_missing,0,0,
H000004,171,inspection_only;no_spatial_host;surface_parameters_missing,0,0,
H000004,172,inspection_only;no_spatial_host;surface_parameters_missing,0,0,
H000004,173,inspection_only;no_spatial_host;surface_parameters_missing,0,0,
H000004,174,inspection_only;no_spatial_host;surface_parameters_missing,0,0,
H000004,175,inspection_only;no_spatial_host;surface_parameters_missing,0,0,
H000004,176,inspection_only;no_spatial_host;surface_parameters_missing,0,0,
H000004,177,inspection_only;no_spatial_host;surface_parameters_missing,0,0,
H000004,178,inspection_only;no_spatial_host;surface_parameters_missing,0,0,
H000004,179,inspection_only;no_spatial_host;surface_parameters_missing,0,0,
H000005,0,inspection_only;no_spatial_host;surface_parameters_missing,0,0,
H000005,1,inspection_only;no_spatial_host;surface_parameters_missing,0,0,
H000005,2,inspection_only;no_spatial_host;surface_parameters_missing,0,0,
H000005,3,inspection_only;no_spatial_host;surface_parameters_missing,0,0,
H000005,4,inspection_only;no_spatial_host;surface_parameters_missing,0,0,
H000005,5,inspection_only;no_spatial_host;surface_parameters_missing,0,0,
H000005,6,inspection_only;no_spatial_host;surface_parameters_missing,0,0,
H000005,7,inspection_only;no_spatial_host;surface_parameters_missing,0,0,
H000005,8,inspection_only;no_spatial_host;surface_parameters_missing,0,0,
H000005,9,inspection_only;no_spatial_host;surface_parameters_missing,0,0,
H000005,10,inspection_only;no_spatial_host;surface_parameters_missing,0,0,
H000005,11,inspection_only;no_spatial_host;surface_parameters_missing,0,0,
H000005,12,inspection_only;no_spatial_host;surface_parameters_missing,0,0,
H000005,13,inspection_only;no_spatial_host;surface_parameters_missing,0,0,
H000005,14,inspection_only;no_spatial_host;surface_parameters_missing,0,0,
H000005,15,inspection_only;no_spatial_host;surface_parameters_missing,0,0,
H000005,16,inspection_only;no_spatial_host;surface_parameters_missing,0,0,
H000005,17,inspection_only;no_spatial_host;surface_parameters_missing,0,0,
H000005,18,inspection_only;no_spatial_host;surface_parameters_missing,0,0,
H000005,19,inspection_only;no_spatial_host;surface_parameters_missing,0,0,
H000005,20,inspection_only;no_spatial_host;surface_parameters_missing,0,0,
H000005,21,inspection_only;no_spatial_host;surface_parameters_missing,0,0,
H000005,22,inspection_only;no_spatial_host;surface_parameters_missing,0,0,
H000005,23,inspection_only;no_spatial_host;surface_parameters_missing,0,0,
H000005,24,inspection_only;no_spatial_host;surface_parameters_missing,0,0,
H000005,25,inspection_only;no_spatial_host;surface_parameters_missing,0,0,
H000005,26,inspection_only;no_spatial_host;surface_parameters_missing,0,0,
H000005,27,inspection_only;no_spatial_host;surface_parameters_missing,0,0,
H000005,28,inspection_only;no_spatial_host;surface_parameters_missing,0,0,
H000005,29,inspection_only;no_spatial_host;surface_parameters_missing,0,0,
H000005,30,inspection_only;no_spatial_host;surface_parameters_missing,0,0,
H000005,31,inspection_only;no_spatial_host;surface_parameters_missing,0,0,
H000005,32,inspection_only;no_spatial_host;surface_parameters_missing,0,0,
H000005,33,inspection_only;no_spatial_host;surface_parameters_missing,0,0,
H000005,34,inspection_only;no_spatial_host;surface_parameters_missing,0,0,
H000005,35,inspection_only;no_spatial_host;surface_parameters_missing,0,0,
H000005,36,inspection_only;no_spatial_host;surface_parameters_missing,0,0,
H000005,37,inspection_only;no_spatial_host;surface_parameters_missing,0,0,
H000005,38,inspection_only;no_spatial_host;surface_parameters_missing,0,0,
H000005,39,inspection_only;no_spatial_host;surface_parameters_missing,0,0,
H000005,40,inspection_only;no_spatial_host;surface_parameters_missing,0,0,
H000005,41,inspection_only;no_spatial_host;surface_parameters_missing,0,0,
H000005,42,inspection_only;no_spatial_host;surface_parameters_missing,0,0,
H000005,43,inspection_only;no_spatial_host;surface_parameters_missing,0,0,
H000005,44,inspection_only;no_spatial_host;surface_parameters_missing,0,0,
H000005,45,inspection_only;no_spatial_host;surface_parameters_missing,0,0,
H000005,46,inspection_only;no_spatial_host;surface_parameters_missing,0,0,
H000005,47,inspection_only;no_spatial_host;surface_parameters_missing,0,0,
H000005,48,inspection_only;no_spatial_host;surface_parameters_missing,0,0,
H000005,49,inspection_only;no_spatial_host;surface_parameters_missing,0,0,
H000005,50,inspection_only;no_spatial_host;surface_parameters_missing,0,0,
H000005,51,inspection_only;no_spatial_host;surface_parameters_missing,0,0,
H000005,52,inspection_only;no_spatial_host;surface_parameters_missing,0,0,
H000005,53,inspection_only;no_spatial_host;surface_parameters_missing,0,0,
H000005,54,inspection_only;no_spatial_host;surface_parameters_missing,0,0,
H000005,55,inspection_only;no_spatial_host;surface_parameters_missing,0,0,
H000005,56,inspection_only;no_spatial_host;surface_parameters_missing,0,0,
H000005,57,inspection_only;no_spatial_host;surface_parameters_missing,0,0,
H000005,58,inspection_only;no_spatial_host;surface_parameters_missing,0,0,
H000005,59,inspection_only;no_spatial_host;surface_parameters_missing,0,0,
H000005,60,inspection_only;no_spatial_host;surface_parameters_missing,0,0,
H000005,61,inspection_only;no_spatial_host;surface_parameters_missing,0,0,
H000005,62,inspection_only;no_spatial_host;surface_parameters_missing,0,0,
H000005,63,inspection_only;no_spatial_host;surface_parameters_missing,0,0,
H000005,64,inspection_only;no_spatial_host;surface_parameters_missing,0,0,
H000005,65,inspection_only;no_spatial_host;surface_parameters_missing,0,0,
H000005,66,inspection_only;no_spatial_host;surface_parameters_missing,0,0,
H000005,67,inspection_only;no_spatial_host;surface_parameters_missing,0,0,
H000005,68,inspection_only;no_spatial_host;surface_parameters_missing,0,0,
H000005,69,inspection_only;no_spatial_host;surface_parameters_missing,0,0,
H000005,70,inspection_only;no_spatial_host;surface_parameters_missing,0,0,
H000005,71,inspection_only;no_spatial_host;surface_parameters_missing,0,0,
H000005,72,inspection_only;no_spatial_host;surface_parameters_missing,0,0,
H000005,73,inspection_only;no_spatial_host;surface_parameters_missing,0,0,
H000005,74,inspection_only;no_spatial_host;surface_parameters_missing,0,0,
H000005,75,inspection_only;no_spatial_host;surface_parameters_missing,0,0,
H000005,76,inspection_only;no_spatial_host;surface_parameters_missing,0,0,
H000005,77,inspection_only;no_spatial_host;surface_parameters_missing,0,0,
H000005,78,inspection_only;no_spatial_host;surface_parameters_missing,0,0,
H000005,79,inspection_only;no_spatial_host;surface_parameters_missing,0,0,
H000005,80,inspection_only;no_spatial_host;surface_parameters_missing,0,0,
H000005,81,inspection_only;no_spatial_host;surface_parameters_missing,0,0,
H000005,82,inspection_only;no_spatial_host;surface_parameters_missing,0,0,
H000005,83,inspection_only;no_spatial_host;surface_parameters_missing,0,0,
H000005,84,inspection_only;no_spatial_host;surface_parameters_missing,0,0,
H000005,85,inspection_only;no_spatial_host;surface_parameters_missing,0,0,
H000005,86,inspection_only;no_spatial_host;surface_parameters_missing,0,0,
H000005,87,inspection_only;no_spatial_host;surface_parameters_missing,0,0,
H000005,88,inspection_only;no_spatial_host;surface_parameters_missing,0,0,
H000005,89,inspection_only;no_spatial_host;surface_parameters_missing,0,0,
H000005,90,inspection_only;no_spatial_host;surface_parameters_missing,0,0,
H000005,91,inspection_only;no_spatial_host;surface_parameters_missing,0,0,
H000005,92,inspection_only;no_spatial_host;surface_parameters_missing,0,0,
H000005,93,inspection_only;no_spatial_host;surface_parameters_missing,0,0,
H000005,94,inspection_only;no_spatial_host;surface_parameters_missing,0,0,
H000005,95,inspection_only;no_spatial_host;surface_parameters_missing,0,0,
H000005,96,inspection_only;no_spatial_host;surface_parameters_missing,0,0,
H000005,97,inspection_only;no_spatial_host;surface_parameters_missing,0,0,
H000005,98,inspection_only;no_spatial_host;surface_parameters_missing,0,0,
H000005,99,inspection_only;no_spatial_host;surface_parameters_missing,0,0,
H000005,100,inspection_only;no_spatial_host;surface_parameters_missing,0,0,
H000005,101,inspection_only;no_spatial_host;surface_parameters_missing,0,0,
H000005,102,inspection_only;no_spatial_host;surface_parameters_missing,0,0,
H000005,103,inspection_only;no_spatial_host;surface_parameters_missing,0,0,
H000005,104,inspection_only;no_spatial_host;surface_parameters_missing,0,0,
H000005,105,inspection_only;no_spatial_host;surface_parameters_missing,0,0,
H000005,106,inspection_only;no_spatial_host;surface_parameters_missing,0,0,
H000005,107,inspection_only;no_spatial_host;surface_parameters_missing,0,0,
H000005,108,inspection_only;no_spatial_host;surface_parameters_missing,0,0,
H000005,109,inspection_only;no_spatial_host;surface_parameters_missing,0,0,
H000005,110,inspection_only;no_spatial_host;surface_parameters_missing,0,0,
H000005,111,inspection_only;no_spatial_host;surface_parameters_missing,0,0,
H000005,112,inspection_only;no_spatial_host;surface_parameters_missing,0,0,
H000005,113,inspection_only;no_spatial_host;surface_parameters_missing,0,0,
H000005,114,inspection_only;no_spatial_host;surface_parameters_missing,0,0,
H000005,115,inspection_only;no_spatial_host;surface_parameters_missing,0,0,
H000005,116,inspection_only;no_spatial_host;surface_parameters_missing,0,0,
H000005,117,inspection_only;no_spatial_host;surface_parameters_missing,0,0,
H000005,118,inspection_only;no_spatial_host;surface_parameters_missing,0,0,
H000005,119,inspection_only;no_spatial_host;surface_parameters_missing,0,0,
H000005,120,inspection_only;no_spatial_host;surface_parameters_missing,0,0,
H000005,121,inspection_only;no_spatial_host;surface_parameters_missing,0,0,
H000005,122,inspection_only;no_spatial_host;surface_parameters_missing,0,0,
H000005,123,inspection_only;no_spatial_host;surface_parameters_missing,0,0,
H000005,124,inspection_only;no_spatial_host;surface_parameters_missing,0,0,
H000005,125,inspection_only;no_spatial_host;surface_parameters_missing,0,0,
H000005,126,inspection_only;no_spatial_host;surface_parameters_missing,0,0,
H000005,127,inspection_only;no_spatial_host;surface_parameters_missing,0,0,
H000005,128,inspection_only;no_spatial_host;surface_parameters_missing,0,0,
H000005,129,inspection_only;no_spatial_host;surface_parameters_missing,0,0,
H000005,130,inspection_only;no_spatial_host;surface_parameters_missing,0,0,
H000005,131,inspection_only;no_spatial_host;surface_parameters_missing,0,0,
H000005,132,inspection_only;no_spatial_host;surface_parameters_missing,0,0,
H000005,133,inspection_only;no_spatial_host;surface_parameters_missing,0,0,
H000005,134,inspection_only;no_spatial_host;surface_parameters_missing,0,0,
H000005,135,inspection_only;no_spatial_host;surface_parameters_missing,0,0,
H000005,136,inspection_only;no_spatial_host;surface_parameters_missing,0,0,
H000005,137,inspection_only;no_spatial_host;surface_parameters_missing,0,0,
H000005,138,inspection_only;no_spatial_host;surface_parameters_missing,0,0,
H000005,139,inspection_only;no_spatial_host;surface_parameters_missing,0,0,
H000005,140,inspection_only;no_spatial_host;surface_parameters_missing,0,0,
H000005,141,inspection_only;no_spatial_host;surface_parameters_missing,0,0,
H000005,142,inspection_only;no_spatial_host;surface_parameters_missing,0,0,
H000005,143,inspection_only;no_spatial_host;surface_parameters_missing,0,0,
H000005,144,inspection_only;no_spatial_host;surface_parameters_missing,0,0,
H000005,145,inspection_only;no_spatial_host;surface_parameters_missing,0,0,
H000005,146,inspection_only;no_spatial_host;surface_parameters_missing,0,0,
H000005,147,inspection_only;no_spatial_host;surface_parameters_missing,0,0,
H000005,148,inspection_only;no_spatial_host;surface_parameters_missing,0,0,
H000005,149,inspection_only;no_spatial_host;surface_parameters_missing,0,0,
H000005,150,inspection_only;no_spatial_host;surface_parameters_missing,0,0,
H000005,151,inspection_only;no_spatial_host;surface_parameters_missing,0,0,
H000005,152,inspection_only;no_spatial_host;surface_parameters_missing,0,0,
H000005,153,inspection_only;no_spatial_host;surface_parameters_missing,0,0,
H000005,154,inspection_only;no_spatial_host;surface_parameters_missing,0,0,
H000005,155,inspection_only;no_spatial_host;surface_parameters_missing,0,0,
H000005,156,inspection_only;no_spatial_host;surface_parameters_missing,0,0,
H000005,157,inspection_only;no_spatial_host;surface_parameters_missing,0,0,
H000005,158,inspection_only;no_spatial_host;surface_parameters_missing,0,0,
H000005,159,inspection_only;no_spatial_host;surface_parameters_missing,0,0,
H000005,160,inspection_only;no_spatial_host;surface_parameters_missing,0,0,
H000005,161,inspection_only;no_spatial_host;surface_parameters_missing,0,0,
H000005,162,inspection_only;no_spatial_host;surface_parameters_missing,0,0,
H000005,163,inspection_only;no_spatial_host;surface_parameters_missing,0,0,
H000005,164,inspection_only;no_spatial_host;surface_parameters_missing,0,0,
H000005,165,inspection_only;no_spatial_host;surface_parameters_missing,0,0,
H000005,166,inspection_only;no_spatial_host;surface_parameters_missing,0,0,
H000005,167,inspection_only;no_spatial_host;surface_parameters_missing,0,0,
H000005,168,inspection_only;no_spatial_host;surface_parameters_missing,0,0,
H000005,169,inspection_only;no_spatial_host;surface_parameters_missing,0,0,
H000005,170,inspection_only;no_spatial_host;surface_parameters_missing,0,0,
H000005,171,inspection_only;no_spatial_host;surface_parameters_missing,0,0,
H000005,172,inspection_only;no_spatial_host;surface_parameters_missing,0,0,
H000005,173,inspection_only;no_spatial_host;surface_parameters_missing,0,0,
H000005,174,inspection_only;no_spatial_host;surface_parameters_missing,0,0,
H000005,175,inspection_only;no_spatial_host;surface_parameters_missing,0,0,
H000005,176,inspection_only;no_spatial_host;surface_parameters_missing,0,0,
H000005,177,inspection_only;no_spatial_host;surface_parameters_missing,0,0,
H000005,178,inspection_only;no_spatial_host;surface_parameters_missing,0,0,
H000005,179,inspection_only;no_spatial_host;surface_parameters_missing,0,0,
H000006,0,inspection_only;no_spatial_host;surface_parameters_missing,0,0,
H000006,1,inspection_only;no_spatial_host;surface_parameters_missing,0,0,
H000006,2,inspection_only;no_spatial_host;surface_parameters_missing,0,0,
H000006,3,inspection_only;no_spatial_host;surface_parameters_missing,0,0,
H000006,4,inspection_only;no_spatial_host;surface_parameters_missing,0,0,
H000006,5,inspection_only;no_spatial_host;surface_parameters_missing,0,0,
H000006,6,inspection_only;no_spatial_host;surface_parameters_missing,0,0,
H000006,7,inspection_only;no_spatial_host;surface_parameters_missing,0,0,
H000006,8,inspection_only;no_spatial_host;surface_parameters_missing,0,0,
H000006,9,inspection_only;no_spatial_host;surface_parameters_missing,0,0,
H000006,10,inspection_only;no_spatial_host;surface_parameters_missing,0,0,
H000006,11,inspection_only;no_spatial_host;surface_parameters_missing,0,0,
H000006,12,inspection_only;no_spatial_host;surface_parameters_missing,0,0,
H000006,13,inspection_only;no_spatial_host;surface_parameters_missing,0,0,
H000006,14,inspection_only;no_spatial_host;surface_parameters_missing,0,0,
H000006,15,inspection_only;no_spatial_host;surface_parameters_missing,0,0,
H000006,16,inspection_only;no_spatial_host;surface_parameters_missing,0,0,
H000006,17,inspection_only;no_spatial_host;surface_parameters_missing,0,0,
H000006,18,inspection_only;no_spatial_host;surface_parameters_missing,0,0,
H000006,19,inspection_only;no_spatial_host;surface_parameters_missing,0,0,
H000006,20,inspection_only;no_spatial_host;surface_parameters_missing,0,0,
H000006,21,inspection_only;no_spatial_host;surface_parameters_missing,0,0,
H000006,22,inspection_only;no_spatial_host;surface_parameters_missing,0,0,
H000006,23,inspection_only;no_spatial_host;surface_parameters_missing,0,0,
H000006,24,inspection_only;no_spatial_host;surface_parameters_missing,0,0,
H000006,25,inspection_only;no_spatial_host;surface_parameters_missing,0,0,
H000006,26,inspection_only;no_spatial_host;surface_parameters_missing,0,0,
H000006,27,inspection_only;no_spatial_host;surface_parameters_missing,0,0,
H000006,28,inspection_only;no_spatial_host;surface_parameters_missing,0,0,
H000006,29,inspection_only;no_spatial_host;surface_parameters_missing,0,0,
H000006,30,inspection_only;no_spatial_host;surface_parameters_missing,0,0,
H000006,31,inspection_only;no_spatial_host;surface_parameters_missing,0,0,
H000006,32,inspection_only;no_spatial_host;surface_parameters_missing,0,0,
H000006,33,inspection_only;no_spatial_host;surface_parameters_missing,0,0,
H000006,34,inspection_only;no_spatial_host;surface_parameters_missing,0,0,
H000006,35,inspection_only;no_spatial_host;surface_parameters_missing,0,0,
H000006,36,inspection_only;no_spatial_host;surface_parameters_missing,0,0,
H000006,37,inspection_only;no_spatial_host;surface_parameters_missing,0,0,
H000006,38,inspection_only;no_spatial_host;surface_parameters_missing,0,0,
H000006,39,inspection_only;no_spatial_host;surface_parameters_missing,0,0,
H000006,40,inspection_only;no_spatial_host;surface_parameters_missing,0,0,
H000006,41,inspection_only;no_spatial_host;surface_parameters_missing,0,0,
H000006,42,inspection_only;no_spatial_host;surface_parameters_missing,0,0,
H000006,43,inspection_only;no_spatial_host;surface_parameters_missing,0,0,
H000006,44,inspection_only;no_spatial_host;surface_parameters_missing,0,0,
H000006,45,inspection_only;no_spatial_host;surface_parameters_missing,0,0,
H000006,46,inspection_only;no_spatial_host;surface_parameters_missing,0,0,
H000006,47,inspection_only;no_spatial_host;surface_parameters_missing,0,0,
H000006,48,inspection_only;no_spatial_host;surface_parameters_missing,0,0,
H000006,49,inspection_only;no_spatial_host;surface_parameters_missing,0,0,
H000006,50,inspection_only;no_spatial_host;surface_parameters_missing,0,0,
H000006,51,inspection_only;no_spatial_host;surface_parameters_missing,0,0,
H000006,52,inspection_only;no_spatial_host;surface_parameters_missing,0,0,
H000006,53,inspection_only;no_spatial_host;surface_parameters_missing,0,0,
H000006,54,inspection_only;no_spatial_host;surface_parameters_missing,0,0,
H000006,55,inspection_only;no_spatial_host;surface_parameters_missing,0,0,
H000006,56,inspection_only;no_spatial_host;surface_parameters_missing,0,0,
H000006,57,inspection_only;no_spatial_host;surface_parameters_missing,0,0,
H000006,58,inspection_only;no_spatial_host;surface_parameters_missing,0,0,
H000006,59,inspection_only;no_spatial_host;surface_parameters_missing,0,0,
H000006,60,inspection_only;no_spatial_host;surface_parameters_missing,0,0,
H000006,61,inspection_only;no_spatial_host;surface_parameters_missing,0,0,
H000006,62,inspection_only;no_spatial_host;surface_parameters_missing,0,0,
H000006,63,inspection_only;no_spatial_host;surface_parameters_missing,0,0,
H000006,64,inspection_only;no_spatial_host;surface_parameters_missing,0,0,
H000006,65,inspection_only;no_spatial_host;surface_parameters_missing,0,0,
H000006,66,inspection_only;no_spatial_host;surface_parameters_missing,0,0,
H000006,67,inspection_only;no_spatial_host;surface_parameters_missing,0,0,
H000006,68,inspection_only;no_spatial_host;surface_parameters_missing,0,0,
H000006,69,inspection_only;no_spatial_host;surface_parameters_missing,0,0,
H000006,70,inspection_only;no_spatial_host;surface_parameters_missing,0,0,
H000006,71,inspection_only;no_spatial_host;surface_parameters_missing,0,0,
H000006,72,inspection_only;no_spatial_host;surface_parameters_missing,0,0,
H000006,73,inspection_only;no_spatial_host;surface_parameters_missing,0,0,
H000006,74,inspection_only;no_spatial_host;surface_parameters_missing,0,0,
H000006,75,inspection_only;no_spatial_host;surface_parameters_missing,0,0,
H000006,76,inspection_only;no_spatial_host;surface_parameters_missing,0,0,
H000006,77,inspection_only;no_spatial_host;surface_parameters_missing,0,0,
H000006,78,inspection_only;no_spatial_host;surface_parameters_missing,0,0,
H000006,79,inspection_only;no_spatial_host;surface_parameters_missing,0,0,
H000006,80,inspection_only;no_spatial_host;surface_parameters_missing,0,0,
H000006,81,inspection_only;no_spatial_host;surface_parameters_missing,0,0,
H000006,82,inspection_only;no_spatial_host;surface_parameters_missing,0,0,
H000006,83,inspection_only;no_spatial_host;surface_parameters_missing,0,0,
H000006,84,inspection_only;no_spatial_host;surface_parameters_missing,0,0,
H000006,85,inspection_only;no_spatial_host;surface_parameters_missing,0,0,
H000006,86,inspection_only;no_spatial_host;surface_parameters_missing,0,0,
H000006,87,inspection_only;no_spatial_host;surface_parameters_missing,0,0,
H000006,88,inspection_only;no_spatial_host;surface_parameters_missing,0,0,
H000006,89,inspection_only;no_spatial_host;surface_parameters_missing,0,0,
H000006,90,inspection_only;no_spatial_host;surface_parameters_missing,0,0,
H000006,91,inspection_only;no_spatial_host;surface_parameters_missing,0,0,
H000006,92,inspection_only;no_spatial_host;surface_parameters_missing,0,0,
H000006,93,inspection_only;no_spatial_host;surface_parameters_missing,0,0,
H000006,94,inspection_only;no_spatial_host;surface_parameters_missing,0,0,
H000006,95,inspection_only;no_spatial_host;surface_parameters_missing,0,0,
H000006,96,inspection_only;no_spatial_host;surface_parameters_missing,0,0,
H000006,97,inspection_only;no_spatial_host;surface_parameters_missing,0,0,
H000006,98,inspection_only;no_spatial_host;surface_parameters_missing,0,0,
H000006,99,inspection_only;no_spatial_host;surface_parameters_missing,0,0,
H000006,100,inspection_only;no_spatial_host;surface_parameters_missing,0,0,
H000006,101,inspection_only;no_spatial_host;surface_parameters_missing,0,0,
H000006,102,inspection_only;no_spatial_host;surface_parameters_missing,0,0,
H000006,103,inspection_only;no_spatial_host;surface_parameters_missing,0,0,
H000006,104,inspection_only;no_spatial_host;surface_parameters_missing,0,0,
H000006,105,inspection_only;no_spatial_host;surface_parameters_missing,0,0,
H000006,106,inspection_only;no_spatial_host;surface_parameters_missing,0,0,
H000006,107,inspection_only;no_spatial_host;surface_parameters_missing,0,0,
H000006,108,inspection_only;no_spatial_host;surface_parameters_missing,0,0,
H000006,109,inspection_only;no_spatial_host;surface_parameters_missing,0,0,
H000006,110,inspection_only;no_spatial_host;surface_parameters_missing,0,0,
H000006,111,inspection_only;no_spatial_host;surface_parameters_missing,0,0,
H000006,112,inspection_only;no_spatial_host;surface_parameters_missing,0,0,
H000006,113,inspection_only;no_spatial_host;surface_parameters_missing,0,0,
H000006,114,inspection_only;no_spatial_host;surface_parameters_missing,0,0,
H000006,115,inspection_only;no_spatial_host;surface_parameters_missing,0,0,
H000006,116,inspection_only;no_spatial_host;surface_parameters_missing,0,0,
H000006,117,inspection_only;no_spatial_host;surface_parameters_missing,0,0,
H000006,118,inspection_only;no_spatial_host;surface_parameters_missing,0,0,
H000006,119,inspection_only;no_spatial_host;surface_parameters_missing,0,0,
H000006,120,inspection_only;no_spatial_host;surface_parameters_missing,0,0,
H000006,121,inspection_only;no_spatial_host;surface_parameters_missing,0,0,
H000006,122,inspection_only;no_spatial_host;surface_parameters_missing,0,0,
H000006,123,inspection_only;no_spatial_host;surface_parameters_missing,0,0,
H000006,124,inspection_only;no_spatial_host;surface_parameters_missing,0,0,
H000006,125,inspection_only;no_spatial_host;surface_parameters_missing,0,0,
H000006,126,inspection_only;no_spatial_host;surface_parameters_missing,0,0,
H000006,127,inspection_only;no_spatial_host;surface_parameters_missing,0,0,
H000006,128,inspection_only;no_spatial_host;surface_parameters_missing,0,0,
H000006,129,inspection_only;no_spatial_host;surface_parameters_missing,0,0,
H000006,130,inspection_only;no_spatial_host;surface_parameters_missing,0,0,
H000006,131,inspection_only;no_spatial_host;surface_parameters_missing,0,0,
H000006,132,inspection_only;no_spatial_host;surface_parameters_missing,0,0,
H000006,133,inspection_only;no_spatial_host;surface_parameters_missing,0,0,
H000006,134,inspection_only;no_spatial_host;surface_parameters_missing,0,0,
H000006,135,inspection_only;no_spatial_host;surface_parameters_missing,0,0,
H000006,136,inspection_only;no_spatial_host;surface_parameters_missing,0,0,
H000006,137,inspection_only;no_spatial_host;surface_parameters_missing,0,0,
H000006,138,inspection_only;no_spatial_host;surface_parameters_missing,0,0,
H000006,139,inspection_only;no_spatial_host;surface_parameters_missing,0,0,
H000006,140,inspection_only;no_spatial_host;surface_parameters_missing,0,0,
H000006,141,inspection_only;no_spatial_host;surface_parameters_missing,0,0,
H000006,142,inspection_only;no_spatial_host;surface_parameters_missing,0,0,
H000006,143,inspection_only;no_spatial_host;surface_parameters_missing,0,0,
H000006,144,inspection_only;no_spatial_host;surface_parameters_missing,0,0,
H000006,145,inspection_only;no_spatial_host;surface_parameters_missing,0,0,
H000006,146,inspection_only;no_spatial_host;surface_parameters_missing,0,0,
H000006,147,inspection_only;no_spatial_host;surface_parameters_missing,0,0,
H000006,148,inspection_only;no_spatial_host;surface_parameters_missing,0,0,
H000006,149,inspection_only;no_spatial_host;surface_parameters_missing,0,0,
H000006,150,inspection_only;no_spatial_host;surface_parameters_missing,0,0,
H000006,151,inspection_only;no_spatial_host;surface_parameters_missing,0,0,
H000006,152,inspection_only;no_spatial_host;surface_parameters_missing,0,0,
H000006,153,inspection_only;no_spatial_host;surface_parameters_missing,0,0,
H000006,154,inspection_only;no_spatial_host;surface_parameters_missing,0,0,
H000006,155,inspection_only;no_spatial_host;surface_parameters_missing,0,0,
H000006,156,inspection_only;no_spatial_host;surface_parameters_missing,0,0,
H000006,157,inspection_only;no_spatial_host;surface_parameters_missing,0,0,
H000006,158,inspection_only;no_spatial_host;surface_parameters_missing,0,0,
H000006,159,inspection_only;no_spatial_host;surface_parameters_missing,0,0,
H000006,160,inspection_only;no_spatial_host;surface_parameters_missing,0,0,
H000006,161,inspection_only;no_spatial_host;surface_parameters_missing,0,0,
H000006,162,inspection_only;no_spatial_host;surface_parameters_missing,0,0,
H000006,163,inspection_only;no_spatial_host;surface_parameters_missing,0,0,
H000006,164,inspection_only;no_spatial_host;surface_parameters_missing,0,0,
H000006,165,inspection_only;no_spatial_host;surface_parameters_missing,0,0,
H000006,166,inspection_only;no_spatial_host;surface_parameters_missing,0,0,
H000006,167,inspection_only;no_spatial_host;surface_parameters_missing,0,0,
H000006,168,inspection_only;no_spatial_host;surface_parameters_missing,0,0,
H000006,169,inspection_only;no_spatial_host;surface_parameters_missing,0,0,
H000006,170,inspection_only;no_spatial_host;surface_parameters_missing,0,0,
H000006,171,inspection_only;no_spatial_host;surface_parameters_missing,0,0,
H000006,172,inspection_only;no_spatial_host;surface_parameters_missing,0,0,
H000006,173,inspection_only;no_spatial_host;surface_parameters_missing,0,0,
H000006,174,inspection_only;no_spatial_host;surface_parameters_missing,0,0,
H000006,175,inspection_only;no_spatial_host;surface_parameters_missing,0,0,
H000006,176,inspection_only;no_spatial_host;surface_parameters_missing,0,0,
H000006,177,inspection_only;no_spatial_host;surface_parameters_missing,0,0,
H000006,178,inspection_only;no_spatial_host;surface_parameters_missing,0,0,
H000006,179,inspection_only;no_spatial_host;surface_parameters_missing,0,0,
H000007,0,inspection_only;no_spatial_host;surface_parameters_missing,0,0,
H000007,1,inspection_only;no_spatial_host;surface_parameters_missing,0,0,
H000007,2,inspection_only;no_spatial_host;surface_parameters_missing,0,0,
H000007,3,inspection_only;no_spatial_host;surface_parameters_missing,0,0,
H000007,4,inspection_only;no_spatial_host;surface_parameters_missing,0,0,
H000007,5,inspection_only;no_spatial_host;surface_parameters_missing,0,0,
H000007,6,inspection_only;no_spatial_host;surface_parameters_missing,0,0,
H000007,7,inspection_only;no_spatial_host;surface_parameters_missing,0,0,
H000007,8,inspection_only;no_spatial_host;surface_parameters_missing,0,0,
H000007,9,inspection_only;no_spatial_host;surface_parameters_missing,0,0,
H000007,10,inspection_only;no_spatial_host;surface_parameters_missing,0,0,
H000007,11,inspection_only;no_spatial_host;surface_parameters_missing,0,0,
H000007,12,inspection_only;no_spatial_host;surface_parameters_missing,0,0,
H000007,13,inspection_only;no_spatial_host;surface_parameters_missing,0,0,
H000007,14,inspection_only;no_spatial_host;surface_parameters_missing,0,0,
H000007,15,inspection_only;no_spatial_host;surface_parameters_missing,0,0,
H000007,16,inspection_only;no_spatial_host;surface_parameters_missing,0,0,
H000007,17,inspection_only;no_spatial_host;surface_parameters_missing,0,0,
H000007,18,inspection_only;no_spatial_host;surface_parameters_missing,0,0,
H000007,19,inspection_only;no_spatial_host;surface_parameters_missing,0,0,
H000007,20,inspection_only;no_spatial_host;surface_parameters_missing,0,0,
H000007,21,inspection_only;no_spatial_host;surface_parameters_missing,0,0,
H000007,22,inspection_only;no_spatial_host;surface_parameters_missing,0,0,
H000007,23,inspection_only;no_spatial_host;surface_parameters_missing,0,0,
H000007,24,inspection_only;no_spatial_host;surface_parameters_missing,0,0,
H000007,25,inspection_only;no_spatial_host;surface_parameters_missing,0,0,
H000007,26,inspection_only;no_spatial_host;surface_parameters_missing,0,0,
H000007,27,inspection_only;no_spatial_host;surface_parameters_missing,0,0,
H000007,28,inspection_only;no_spatial_host;surface_parameters_missing,0,0,
H000007,29,inspection_only;no_spatial_host;surface_parameters_missing,0,0,
H000007,30,inspection_only;no_spatial_host;surface_parameters_missing,0,0,
H000007,31,inspection_only;no_spatial_host;surface_parameters_missing,0,0,
H000007,32,inspection_only;no_spatial_host;surface_parameters_missing,0,0,
H000007,33,inspection_only;no_spatial_host;surface_parameters_missing,0,0,
H000007,34,inspection_only;no_spatial_host;surface_parameters_missing,0,0,
H000007,35,inspection_only;no_spatial_host;surface_parameters_missing,0,0,
H000007,36,inspection_only;no_spatial_host;surface_parameters_missing,0,0,
H000007,37,inspection_only;no_spatial_host;surface_parameters_missing,0,0,
H000007,38,inspection_only;no_spatial_host;surface_parameters_missing,0,0,
H000007,39,inspection_only;no_spatial_host;surface_parameters_missing,0,0,
H000007,40,inspection_only;no_spatial_host;surface_parameters_missing,0,0,
H000007,41,inspection_only;no_spatial_host;surface_parameters_missing,0,0,
H000007,42,inspection_only;no_spatial_host;surface_parameters_missing,0,0,
H000007,43,inspection_only;no_spatial_host;surface_parameters_missing,0,0,
H000007,44,inspection_only;no_spatial_host;surface_parameters_missing,0,0,
H000007,45,inspection_only;no_spatial_host;surface_parameters_missing,0,0,
H000007,46,inspection_only;no_spatial_host;surface_parameters_missing,0,0,
H000007,47,inspection_only;no_spatial_host;surface_parameters_missing,0,0,
H000007,48,inspection_only;no_spatial_host;surface_parameters_missing,0,0,
H000007,49,inspection_only;no_spatial_host;surface_parameters_missing,0,0,
H000007,50,inspection_only;no_spatial_host;surface_parameters_missing,0,0,
H000007,51,inspection_only;no_spatial_host;surface_parameters_missing,0,0,
H000007,52,inspection_only;no_spatial_host;surface_parameters_missing,0,0,
H000007,53,inspection_only;no_spatial_host;surface_parameters_missing,0,0,
H000007,54,inspection_only;no_spatial_host;surface_parameters_missing,0,0,
H000007,55,inspection_only;no_spatial_host;surface_parameters_missing,0,0,
H000007,56,inspection_only;no_spatial_host;surface_parameters_missing,0,0,
H000007,57,inspection_only;no_spatial_host;surface_parameters_missing,0,0,
H000007,58,inspection_only;no_spatial_host;surface_parameters_missing,0,0,
H000007,59,inspection_only;no_spatial_host;surface_parameters_missing,0,0,
H000007,60,inspection_only;no_spatial_host;surface_parameters_missing,0,0,
H000007,61,inspection_only;no_spatial_host;surface_parameters_missing,0,0,
H000007,62,inspection_only;no_spatial_host;surface_parameters_missing,0,0,
H000007,63,inspection_only;no_spatial_host;surface_parameters_missing,0,0,
H000007,64,inspection_only;no_spatial_host;surface_parameters_missing,0,0,
H000007,65,inspection_only;no_spatial_host;surface_parameters_missing,0,0,
H000007,66,inspection_only;no_spatial_host;surface_parameters_missing,0,0,
H000007,67,inspection_only;no_spatial_host;surface_parameters_missing,0,0,
H000007,68,inspection_only;no_spatial_host;surface_parameters_missing,0,0,
H000007,69,inspection_only;no_spatial_host;surface_parameters_missing,0,0,
H000007,70,inspection_only;no_spatial_host;surface_parameters_missing,0,0,
H000007,71,inspection_only;no_spatial_host;surface_parameters_missing,0,0,
H000007,72,inspection_only;no_spatial_host;surface_parameters_missing,0,0,
H000007,73,inspection_only;no_spatial_host;surface_parameters_missing,0,0,
H000007,74,inspection_only;no_spatial_host;surface_parameters_missing,0,0,
H000007,75,inspection_only;no_spatial_host;surface_parameters_missing,0,0,
H000007,76,inspection_only;no_spatial_host;surface_parameters_missing,0,0,
H000007,77,inspection_only;no_spatial_host;surface_parameters_missing,0,0,
H000007,78,inspection_only;no_spatial_host;surface_parameters_missing,0,0,
H000007,79,inspection_only;no_spatial_host;surface_parameters_missing,0,0,
H000007,80,inspection_only;no_spatial_host;surface_parameters_missing,0,0,
H000007,81,inspection_only;no_spatial_host;surface_parameters_missing,0,0,
H000007,82,inspection_only;no_spatial_host;surface_parameters_missing,0,0,
H000007,83,inspection_only;no_spatial_host;surface_parameters_missing,0,0,
H000007,84,inspection_only;no_spatial_host;surface_parameters_missing,0,0,
H000007,85,inspection_only;no_spatial_host;surface_parameters_missing,0,0,
H000007,86,inspection_only;no_spatial_host;surface_parameters_missing,0,0,
H000007,87,inspection_only;no_spatial_host;surface_parameters_missing,0,0,
H000007,88,inspection_only;no_spatial_host;surface_parameters_missing,0,0,
H000007,89,inspection_only;no_spatial_host;surface_parameters_missing,0,0,
H000007,90,inspection_only;no_spatial_host;surface_parameters_missing,0,0,
H000007,91,inspection_only;no_spatial_host;surface_parameters_missing,0,0,
H000007,92,inspection_only;no_spatial_host;surface_parameters_missing,0,0,
H000007,93,inspection_only;no_spatial_host;surface_parameters_missing,0,0,
H000007,94,inspection_only;no_spatial_host;surface_parameters_missing,0,0,
H000007,95,inspection_only;no_spatial_host;surface_parameters_missing,0,0,
H000007,96,inspection_only;no_spatial_host;surface_parameters_missing,0,0,
H000007,97,inspection_only;no_spatial_host;surface_parameters_missing,0,0,
H000007,98,inspection_only;no_spatial_host;surface_parameters_missing,0,0,
H000007,99,inspection_only;no_spatial_host;surface_parameters_missing,0,0,
H000007,100,inspection_only;no_spatial_host;surface_parameters_missing,0,0,
H000007,101,inspection_only;no_spatial_host;surface_parameters_missing,0,0,
H000007,102,inspection_only;no_spatial_host;surface_parameters_missing,0,0,
H000007,103,inspection_only;no_spatial_host;surface_parameters_missing,0,0,
H000007,104,inspection_only;no_spatial_host;surface_parameters_missing,0,0,
H000007,105,inspection_only;no_spatial_host;surface_parameters_missing,0,0,
H000007,106,inspection_only;no_spatial_host;surface_parameters_missing,0,0,
H000007,107,inspection_only;no_spatial_host;surface_parameters_missing,0,0,
H000007,108,inspection_only;no_spatial_host;surface_parameters_missing,0,0,
H000007,109,inspection_only;no_spatial_host;surface_parameters_missing,0,0,
H000007,110,inspection_only;no_spatial_host;surface_parameters_missing,0,0,
H000007,111,inspection_only;no_spatial_host;surface_parameters_missing,0,0,
H000007,112,inspection_only;no_spatial_host;surface_parameters_missing,0,0,
H000007,113,inspection_only;no_spatial_host;surface_parameters_missing,0,0,
H000007,114,inspection_only;no_spatial_host;surface_parameters_missing,0,0,
H000007,115,inspection_only;no_spatial_host;surface_parameters_missing,0,0,
H000007,116,inspection_only;no_spatial_host;surface_parameters_missing,0,0,
H000007,117,inspection_only;no_spatial_host;surface_parameters_missing,0,0,
H000007,118,inspection_only;no_spatial_host;surface_parameters_missing,0,0,
H000007,119,inspection_only;no_spatial_host;surface_parameters_missing,0,0,
H000007,120,inspection_only;no_spatial_host;surface_parameters_missing,0,0,
H000007,121,inspection_only;no_spatial_host;surface_parameters_missing,0,0,
H000007,122,inspection_only;no_spatial_host;surface_parameters_missing,0,0,
H000007,123,inspection_only;no_spatial_host;surface_parameters_missing,0,0,
H000007,124,inspection_only;no_spatial_host;surface_parameters_missing,0,0,
H000007,125,inspection_only;no_spatial_host;surface_parameters_missing,0,0,
H000007,126,inspection_only;no_spatial_host;surface_parameters_missing,0,0,
H000007,127,inspection_only;no_spatial_host;surface_parameters_missing,0,0,
H000007,128,inspection_only;no_spatial_host;surface_parameters_missing,0,0,
H000007,129,inspection_only;no_spatial_host;surface_parameters_missing,0,0,
H000007,130,inspection_only;no_spatial_host;surface_parameters_missing,0,0,
H000007,131,inspection_only;no_spatial_host;surface_parameters_missing,0,0,
H000007,132,inspection_only;no_spatial_host;surface_parameters_missing,0,0,
H000007,133,inspection_only;no_spatial_host;surface_parameters_missing,0,0,
H000007,134,inspection_only;no_spatial_host;surface_parameters_missing,0,0,
H000007,135,inspection_only;no_spatial_host;surface_parameters_missing,0,0,
H000007,136,inspection_only;no_spatial_host;surface_parameters_missing,0,0,
H000007,137,inspection_only;no_spatial_host;surface_parameters_missing,0,0,
H000007,138,inspection_only;no_spatial_host;surface_parameters_missing,0,0,
H000007,139,inspection_only;no_spatial_host;surface_parameters_missing,0,0,
H000007,140,inspection_only;no_spatial_host;surface_parameters_missing,0,0,
H000007,141,inspection_only;no_spatial_host;surface_parameters_missing,0,0,
H000007,142,inspection_only;no_spatial_host;surface_parameters_missing,0,0,
H000007,143,inspection_only;no_spatial_host;surface_parameters_missing,0,0,
H000007,144,inspection_only;no_spatial_host;surface_parameters_missing,0,0,
H000007,145,inspection_only;no_spatial_host;surface_parameters_missing,0,0,
H000007,146,inspection_only;no_spatial_host;surface_parameters_missing,0,0,
H000007,147,inspection_only;no_spatial_host;surface_parameters_missing,0,0,
H000007,148,inspection_only;no_spatial_host;surface_parameters_missing,0,0,
H000007,149,inspection_only;no_spatial_host;surface_parameters_missing,0,0,
H000007,150,inspection_only;no_spatial_host;surface_parameters_missing,0,0,
H000007,151,inspection_only;no_spatial_host;surface_parameters_missing,0,0,
H000007,152,inspection_only;no_spatial_host;surface_parameters_missing,0,0,
H000007,153,inspection_only;no_spatial_host;surface_parameters_missing,0,0,
H000007,154,inspection_only;no_spatial_host;surface_parameters_missing,0,0,
H000007,155,inspection_only;no_spatial_host;surface_parameters_missing,0,0,
H000007,156,inspection_only;no_spatial_host;surface_parameters_missing,0,0,
H000007,157,inspection_only;no_spatial_host;surface_parameters_missing,0,0,
H000007,158,inspection_only;no_spatial_host;surface_parameters_missing,0,0,
H000007,159,inspection_only;no_spatial_host;surface_parameters_missing,0,0,
H000007,160,inspection_only;no_spatial_host;surface_parameters_missing,0,0,
H000007,161,inspection_only;no_spatial_host;surface_parameters_missing,0,0,
H000007,162,inspection_only;no_spatial_host;surface_parameters_missing,0,0,
H000007,163,inspection_only;no_spatial_host;surface_parameters_missing,0,0,
H000007,164,inspection_only;no_spatial_host;surface_parameters_missing,0,0,
H000007,165,inspection_only;no_spatial_host;surface_parameters_missing,0,0,
H000007,166,inspection_only;no_spatial_host;surface_parameters_missing,0,0,
H000007,167,inspection_only;no_spatial_host;surface_parameters_missing,0,0,
H000007,168,inspection_only;no_spatial_host;surface_parameters_missing,0,0,
H000007,169,inspection_only;no_spatial_host;surface_parameters_missing,0,0,
H000007,170,inspection_only;no_spatial_host;surface_parameters_missing,0,0,
H000007,171,inspection_only;no_spatial_host;surface_parameters_missing,0,0,
H000007,172,inspection_only;no_spatial_host;surface_parameters_missing,0,0,
H000007,173,inspection_only;no_spatial_host;surface_parameters_missing,0,0,
H000007,174,inspection_only;no_spatial_host;surface_parameters_missing,0,0,
H000007,175,inspection_only;no_spatial_host;surface_parameters_missing,0,0,
H000007,176,inspection_only;no_spatial_host;surface_parameters_missing,0,0,
H000007,177,inspection_only;no_spatial_host;surface_parameters_missing,0,0,
H000007,178,inspection_only;no_spatial_host;surface_parameters_missing,0,0,
H000007,179,inspection_only;no_spatial_host;surface_parameters_missing,0,0,
H000008,0,inspection_only;no_spatial_host;surface_parameters_missing,0,0,
H000008,1,inspection_only;no_spatial_host;surface_parameters_missing,0,0,
H000008,2,inspection_only;no_spatial_host;surface_parameters_missing,0,0,
H000008,3,inspection_only;no_spatial_host;surface_parameters_missing,0,0,
H000008,4,inspection_only;no_spatial_host;surface_parameters_missing,0,0,
H000008,5,inspection_only;no_spatial_host;surface_parameters_missing,0,0,
H000008,6,inspection_only;no_spatial_host;surface_parameters_missing,0,0,
H000008,7,inspection_only;no_spatial_host;surface_parameters_missing,0,0,
H000008,8,inspection_only;no_spatial_host;surface_parameters_missing,0,0,
H000008,9,inspection_only;no_spatial_host;surface_parameters_missing,0,0,
H000008,10,inspection_only;no_spatial_host;surface_parameters_missing,0,0,
H000008,11,inspection_only;no_spatial_host;surface_parameters_missing,0,0,
H000008,12,inspection_only;no_spatial_host;surface_parameters_missing,0,0,
H000008,13,inspection_only;no_spatial_host;surface_parameters_missing,0,0,
H000008,14,inspection_only;no_spatial_host;surface_parameters_missing,0,0,
H000008,15,inspection_only;no_spatial_host;surface_parameters_missing,0,0,
H000008,16,inspection_only;no_spatial_host;surface_parameters_missing,0,0,
H000008,17,inspection_only;no_spatial_host;surface_parameters_missing,0,0,
H000008,18,inspection_only;no_spatial_host;surface_parameters_missing,0,0,
H000008,19,inspection_only;no_spatial_host;surface_parameters_missing,0,0,
H000008,20,inspection_only;no_spatial_host;surface_parameters_missing,0,0,
H000008,21,inspection_only;no_spatial_host;surface_parameters_missing,0,0,
H000008,22,inspection_only;no_spatial_host;surface_parameters_missing,0,0,
H000008,23,inspection_only;no_spatial_host;surface_parameters_missing,0,0,
H000008,24,inspection_only;no_spatial_host;surface_parameters_missing,0,0,
H000008,25,inspection_only;no_spatial_host;surface_parameters_missing,0,0,
H000008,26,inspection_only;no_spatial_host;surface_parameters_missing,0,0,
H000008,27,inspection_only;no_spatial_host;surface_parameters_missing,0,0,
H000008,28,inspection_only;no_spatial_host;surface_parameters_missing,0,0,
H000008,29,inspection_only;no_spatial_host;surface_parameters_missing,0,0,
H000008,30,inspection_only;no_spatial_host;surface_parameters_missing,0,0,
H000008,31,inspection_only;no_spatial_host;surface_parameters_missing,0,0,
H000008,32,inspection_only;no_spatial_host;surface_parameters_missing,0,0,
H000008,33,inspection_only;no_spatial_host;surface_parameters_missing,0,0,
H000008,34,inspection_only;no_spatial_host;surface_parameters_missing,0,0,
H000008,35,inspection_only;no_spatial_host;surface_parameters_missing,0,0,
H000008,36,inspection_only;no_spatial_host;surface_parameters_missing,0,0,
H000008,37,inspection_only;no_spatial_host;surface_parameters_missing,0,0,
H000008,38,inspection_only;no_spatial_host;surface_parameters_missing,0,0,
H000008,39,inspection_only;no_spatial_host;surface_parameters_missing,0,0,
H000008,40,inspection_only;no_spatial_host;surface_parameters_missing,0,0,
H000008,41,inspection_only;no_spatial_host;surface_parameters_missing,0,0,
H000008,42,inspection_only;no_spatial_host;surface_parameters_missing,0,0,
H000008,43,inspection_only;no_spatial_host;surface_parameters_missing,0,0,
H000008,44,inspection_only;no_spatial_host;surface_parameters_missing,0,0,
H000008,45,inspection_only;no_spatial_host;surface_parameters_missing,0,0,
H000008,46,inspection_only;no_spatial_host;surface_parameters_missing,0,0,
H000008,47,inspection_only;no_spatial_host;surface_parameters_missing,0,0,
H000008,48,inspection_only;no_spatial_host;surface_parameters_missing,0,0,
H000008,49,inspection_only;no_spatial_host;surface_parameters_missing,0,0,
H000008,50,inspection_only;no_spatial_host;surface_parameters_missing,0,0,
H000008,51,inspection_only;no_spatial_host;surface_parameters_missing,0,0,
H000008,52,inspection_only;no_spatial_host;surface_parameters_missing,0,0,
H000008,53,inspection_only;no_spatial_host;surface_parameters_missing,0,0,
H000008,54,inspection_only;no_spatial_host;surface_parameters_missing,0,0,
H000008,55,inspection_only;no_spatial_host;surface_parameters_missing,0,0,
H000008,56,inspection_only;no_spatial_host;surface_parameters_missing,0,0,
H000008,57,inspection_only;no_spatial_host;surface_parameters_missing,0,0,
H000008,58,inspection_only;no_spatial_host;surface_parameters_missing,0,0,
H000008,59,inspection_only;no_spatial_host;surface_parameters_missing,0,0,
H000008,60,inspection_only;no_spatial_host;surface_parameters_missing,0,0,
H000008,61,inspection_only;no_spatial_host;surface_parameters_missing,0,0,
H000008,62,inspection_only;no_spatial_host;surface_parameters_missing,0,0,
H000008,63,inspection_only;no_spatial_host;surface_parameters_missing,0,0,
H000008,64,inspection_only;no_spatial_host;surface_parameters_missing,0,0,
H000008,65,inspection_only;no_spatial_host;surface_parameters_missing,0,0,
H000008,66,inspection_only;no_spatial_host;surface_parameters_missing,0,0,
H000008,67,inspection_only;no_spatial_host;surface_parameters_missing,0,0,
H000008,68,inspection_only;no_spatial_host;surface_parameters_missing,0,0,
H000008,69,inspection_only;no_spatial_host;surface_parameters_missing,0,0,
H000008,70,inspection_only;no_spatial_host;surface_parameters_missing,0,0,
H000008,71,inspection_only;no_spatial_host;surface_parameters_missing,0,0,
H000008,72,inspection_only;no_spatial_host;surface_parameters_missing,0,0,
H000008,73,inspection_only;no_spatial_host;surface_parameters_missing,0,0,
H000008,74,inspection_only;no_spatial_host;surface_parameters_missing,0,0,
H000008,75,inspection_only;no_spatial_host;surface_parameters_missing,0,0,
H000008,76,inspection_only;no_spatial_host;surface_parameters_missing,0,0,
H000008,77,inspection_only;no_spatial_host;surface_parameters_missing,0,0,
H000008,78,inspection_only;no_spatial_host;surface_parameters_missing,0,0,
H000008,79,inspection_only;no_spatial_host;surface_parameters_missing,0,0,
H000008,80,inspection_only;no_spatial_host;surface_parameters_missing,0,0,
H000008,81,inspection_only;no_spatial_host;surface_parameters_missing,0,0,
H000008,82,inspection_only;no_spatial_host;surface_parameters_missing,0,0,
H000008,83,inspection_only;no_spatial_host;surface_parameters_missing,0,0,
H000008,84,inspection_only;no_spatial_host;surface_parameters_missing,0,0,
H000008,85,inspection_only;no_spatial_host;surface_parameters_missing,0,0,
H000008,86,inspection_only;no_spatial_host;surface_parameters_missing,0,0,
H000008,87,inspection_only;no_spatial_host;surface_parameters_missing,0,0,
H000008,88,inspection_only;no_spatial_host;surface_parameters_missing,0,0,
H000008,89,inspection_only;no_spatial_host;surface_parameters_missing,0,0,
H000008,90,inspection_only;no_spatial_host;surface_parameters_missing,0,0,
H000008,91,inspection_only;no_spatial_host;surface_parameters_missing,0,0,
H000008,92,inspection_only;no_spatial_host;surface_parameters_missing,0,0,
H000008,93,inspection_only;no_spatial_host;surface_parameters_missing,0,0,
H000008,94,inspection_only;no_spatial_host;surface_parameters_missing,0,0,
H000008,95,inspection_only;no_spatial_host;surface_parameters_missing,0,0,
H000008,96,inspection_only;no_spatial_host;surface_parameters_missing,0,0,
H000008,97,inspection_only;no_spatial_host;surface_parameters_missing,0,0,
H000008,98,inspection_only;no_spatial_host;surface_parameters_missing,0,0,
H000008,99,inspection_only;no_spatial_host;surface_parameters_missing,0,0,
H000008,100,inspection_only;no_spatial_host;surface_parameters_missing,0,0,
H000008,101,inspection_only;no_spatial_host;surface_parameters_missing,0,0,
H000008,102,inspection_only;no_spatial_host;surface_parameters_missing,0,0,
H000008,103,inspection_only;no_spatial_host;surface_parameters_missing,0,0,
H000008,104,inspection_only;no_spatial_host;surface_parameters_missing,0,0,
H000008,105,inspection_only;no_spatial_host;surface_parameters_missing,0,0,
H000008,106,inspection_only;no_spatial_host;surface_parameters_missing,0,0,
H000008,107,inspection_only;no_spatial_host;surface_parameters_missing,0,0,
H000008,108,inspection_only;no_spatial_host;surface_parameters_missing,0,0,
H000008,109,inspection_only;no_spatial_host;surface_parameters_missing,0,0,
H000008,110,inspection_only;no_spatial_host;surface_parameters_missing,0,0,
H000008,111,inspection_only;no_spatial_host;surface_parameters_missing,0,0,
H000008,112,inspection_only;no_spatial_host;surface_parameters_missing,0,0,
H000008,113,inspection_only;no_spatial_host;surface_parameters_missing,0,0,
H000008,114,inspection_only;no_spatial_host;surface_parameters_missing,0,0,
H000008,115,inspection_only;no_spatial_host;surface_parameters_missing,0,0,
H000008,116,inspection_only;no_spatial_host;surface_parameters_missing,0,0,
H000008,117,inspection_only;no_spatial_host;surface_parameters_missing,0,0,
H000008,118,inspection_only;no_spatial_host;surface_parameters_missing,0,0,
H000008,119,inspection_only;no_spatial_host;surface_parameters_missing,0,0,
H000008,120,inspection_only;no_spatial_host;surface_parameters_missing,0,0,
H000008,121,inspection_only;no_spatial_host;surface_parameters_missing,0,0,
H000008,122,inspection_only;no_spatial_host;surface_parameters_missing,0,0,
H000008,123,inspection_only;no_spatial_host;surface_parameters_missing,0,0,
H000008,124,inspection_only;no_spatial_host;surface_parameters_missing,0,0,
H000008,125,inspection_only;no_spatial_host;surface_parameters_missing,0,0,
H000008,126,inspection_only;no_spatial_host;surface_parameters_missing,0,0,
H000008,127,inspection_only;no_spatial_host;surface_parameters_missing,0,0,
H000008,128,inspection_only;no_spatial_host;surface_parameters_missing,0,0,
H000008,129,inspection_only;no_spatial_host;surface_parameters_missing,0,0,
H000008,130,inspection_only;no_spatial_host;surface_parameters_missing,0,0,
H000008,131,inspection_only;no_spatial_host;surface_parameters_missing,0,0,
H000008,132,inspection_only;no_spatial_host;surface_parameters_missing,0,0,
H000008,133,inspection_only;no_spatial_host;surface_parameters_missing,0,0,
H000008,134,inspection_only;no_spatial_host;surface_parameters_missing,0,0,
H000008,135,inspection_only;no_spatial_host;surface_parameters_missing,0,0,
H000008,136,inspection_only;no_spatial_host;surface_parameters_missing,0,0,
H000008,137,inspection_only;no_spatial_host;surface_parameters_missing,0,0,
H000008,138,inspection_only;no_spatial_host;surface_parameters_missing,0,0,
H000008,139,inspection_only;no_spatial_host;surface_parameters_missing,0,0,
H000008,140,inspection_only;no_spatial_host;surface_parameters_missing,0,0,
H000008,141,inspection_only;no_spatial_host;surface_parameters_missing,0,0,
H000008,142,inspection_only;no_spatial_host;surface_parameters_missing,0,0,
H000008,143,inspection_only;no_spatial_host;surface_parameters_missing,0,0,
H000008,144,inspection_only;no_spatial_host;surface_parameters_missing,0,0,
H000008,145,inspection_only;no_spatial_host;surface_parameters_missing,0,0,
H000008,146,inspection_only;no_spatial_host;surface_parameters_missing,0,0,
H000008,147,inspection_only;no_spatial_host;surface_parameters_missing,0,0,
H000008,148,inspection_only;no_spatial_host;surface_parameters_missing,0,0,
H000008,149,inspection_only;no_spatial_host;surface_parameters_missing,0,0,
H000008,150,inspection_only;no_spatial_host;surface_parameters_missing,0,0,
H000008,151,inspection_only;no_spatial_host;surface_parameters_missing,0,0,
H000008,152,inspection_only;no_spatial_host;surface_parameters_missing,0,0,
H000008,153,inspection_only;no_spatial_host;surface_parameters_missing,0,0,
H000008,154,inspection_only;no_spatial_host;surface_parameters_missing,0,0,
H000008,155,inspection_only;no_spatial_host;surface_parameters_missing,0,0,
H000008,156,inspection_only;no_spatial_host;surface_parameters_missing,0,0,
H000008,157,inspection_only;no_spatial_host;surface_parameters_missing,0,0,
H000008,158,inspection_only;no_spatial_host;surface_parameters_missing,0,0,
H000008,159,inspection_only;no_spatial_host;surface_parameters_missing,0,0,
H000008,160,inspection_only;no_spatial_host;surface_parameters_missing,0,0,
H000008,161,inspection_only;no_spatial_host;surface_parameters_missing,0,0,
H000008,162,inspection_only;no_spatial_host;surface_parameters_missing,0,0,
H000008,163,inspection_only;no_spatial_host;surface_parameters_missing,0,0,
H000008,164,inspection_only;no_spatial_host;surface_parameters_missing,0,0,
H000008,165,inspection_only;no_spatial_host;surface_parameters_missing,0,0,
H000008,166,inspection_only;no_spatial_host;surface_parameters_missing,0,0,
H000008,167,inspection_only;no_spatial_host;surface_parameters_missing,0,0,
H000008,168,inspection_only;no_spatial_host;surface_parameters_missing,0,0,
H000008,169,inspection_only;no_spatial_host;surface_parameters_missing,0,0,
H000008,170,inspection_only;no_spatial_host;surface_parameters_missing,0,0,
H000008,171,inspection_only;no_spatial_host;surface_parameters_missing,0,0,
H000008,172,inspection_only;no_spatial_host;surface_parameters_missing,0,0,
H000008,173,inspection_only;no_spatial_host;surface_parameters_missing,0,0,
H000008,174,inspection_only;no_spatial_host;surface_parameters_missing,0,0,
H000008,175,inspection_only;no_spatial_host;surface_parameters_missing,0,0,
H000008,176,inspection_only;no_spatial_host;surface_parameters_missing,0,0,
H000008,177,inspection_only;no_spatial_host;surface_parameters_missing,0,0,
H000008,178,inspection_only;no_spatial_host;surface_parameters_missing,0,0,
H000008,179,inspection_only;no_spatial_host;surface_parameters_missing,0,0,
H000009,0,inspection_only;no_spatial_host;surface_parameters_missing,0,0,
H000009,1,inspection_only;no_spatial_host;surface_parameters_missing,0,0,
H000009,2,inspection_only;no_spatial_host;surface_parameters_missing,0,0,
H000009,3,inspection_only;no_spatial_host;surface_parameters_missing,0,0,
H000009,4,inspection_only;no_spatial_host;surface_parameters_missing,0,0,
H000009,5,inspection_only;no_spatial_host;surface_parameters_missing,0,0,
H000009,6,inspection_only;no_spatial_host;surface_parameters_missing,0,0,
H000009,7,inspection_only;no_spatial_host;surface_parameters_missing,0,0,
H000009,8,inspection_only;no_spatial_host;surface_parameters_missing,0,0,
H000009,9,inspection_only;no_spatial_host;surface_parameters_missing,0,0,
H000009,10,inspection_only;no_spatial_host;surface_parameters_missing,0,0,
H000009,11,inspection_only;no_spatial_host;surface_parameters_missing,0,0,
H000009,12,inspection_only;no_spatial_host;surface_parameters_missing,0,0,
H000009,13,inspection_only;no_spatial_host;surface_parameters_missing,0,0,
H000009,14,inspection_only;no_spatial_host;surface_parameters_missing,0,0,
H000009,15,inspection_only;no_spatial_host;surface_parameters_missing,0,0,
H000009,16,inspection_only;no_spatial_host;surface_parameters_missing,0,0,
H000009,17,inspection_only;no_spatial_host;surface_parameters_missing,0,0,
H000009,18,inspection_only;no_spatial_host;surface_parameters_missing,0,0,
H000009,19,inspection_only;no_spatial_host;surface_parameters_missing,0,0,
H000009,20,inspection_only;no_spatial_host;surface_parameters_missing,0,0,
H000009,21,inspection_only;no_spatial_host;surface_parameters_missing,0,0,
H000009,22,inspection_only;no_spatial_host;surface_parameters_missing,0,0,
H000009,23,inspection_only;no_spatial_host;surface_parameters_missing,0,0,
H000009,24,inspection_only;no_spatial_host;surface_parameters_missing,0,0,
H000009,25,inspection_only;no_spatial_host;surface_parameters_missing,0,0,
H000009,26,inspection_only;no_spatial_host;surface_parameters_missing,0,0,
H000009,27,inspection_only;no_spatial_host;surface_parameters_missing,0,0,
H000009,28,inspection_only;no_spatial_host;surface_parameters_missing,0,0,
H000009,29,inspection_only;no_spatial_host;surface_parameters_missing,0,0,
H000009,30,inspection_only;no_spatial_host;surface_parameters_missing,0,0,
H000009,31,inspection_only;no_spatial_host;surface_parameters_missing,0,0,
H000009,32,inspection_only;no_spatial_host;surface_parameters_missing,0,0,
H000009,33,inspection_only;no_spatial_host;surface_parameters_missing,0,0,
H000009,34,inspection_only;no_spatial_host;surface_parameters_missing,0,0,
H000009,35,inspection_only;no_spatial_host;surface_parameters_missing,0,0,
H000009,36,inspection_only;no_spatial_host;surface_parameters_missing,0,0,
H000009,37,inspection_only;no_spatial_host;surface_parameters_missing,0,0,
H000009,38,inspection_only;no_spatial_host;surface_parameters_missing,0,0,
H000009,39,inspection_only;no_spatial_host;surface_parameters_missing,0,0,
H000009,40,inspection_only;no_spatial_host;surface_parameters_missing,0,0,
H000009,41,inspection_only;no_spatial_host;surface_parameters_missing,0,0,
H000009,42,inspection_only;no_spatial_host;surface_parameters_missing,0,0,
H000009,43,inspection_only;no_spatial_host;surface_parameters_missing,0,0,
H000009,44,inspection_only;no_spatial_host;surface_parameters_missing,0,0,
H000009,45,inspection_only;no_spatial_host;surface_parameters_missing,0,0,
H000009,46,inspection_only;no_spatial_host;surface_parameters_missing,0,0,
H000009,47,inspection_only;no_spatial_host;surface_parameters_missing,0,0,
H000009,48,inspection_only;no_spatial_host;surface_parameters_missing,0,0,
H000009,49,inspection_only;no_spatial_host;surface_parameters_missing,0,0,
H000009,50,inspection_only;no_spatial_host;surface_parameters_missing,0,0,
H000009,51,inspection_only;no_spatial_host;surface_parameters_missing,0,0,
H000009,52,inspection_only;no_spatial_host;surface_parameters_missing,0,0,
H000009,53,inspection_only;no_spatial_host;surface_parameters_missing,0,0,
H000009,54,inspection_only;no_spatial_host;surface_parameters_missing,0,0,
H000009,55,inspection_only;no_spatial_host;surface_parameters_missing,0,0,
H000009,56,inspection_only;no_spatial_host;surface_parameters_missing,0,0,
H000009,57,inspection_only;no_spatial_host;surface_parameters_missing,0,0,
H000009,58,inspection_only;no_spatial_host;surface_parameters_missing,0,0,
H000009,59,inspection_only;no_spatial_host;surface_parameters_missing,0,0,
H000009,60,inspection_only;no_spatial_host;surface_parameters_missing,0,0,
H000009,61,inspection_only;no_spatial_host;surface_parameters_missing,0,0,
H000009,62,inspection_only;no_spatial_host;surface_parameters_missing,0,0,
H000009,63,inspection_only;no_spatial_host;surface_parameters_missing,0,0,
H000009,64,inspection_only;no_spatial_host;surface_parameters_missing,0,0,
H000009,65,inspection_only;no_spatial_host;surface_parameters_missing,0,0,
H000009,66,inspection_only;no_spatial_host;surface_parameters_missing,0,0,
H000009,67,inspection_only;no_spatial_host;surface_parameters_missing,0,0,
H000009,68,inspection_only;no_spatial_host;surface_parameters_missing,0,0,
H000009,69,inspection_only;no_spatial_host;surface_parameters_missing,0,0,
H000009,70,inspection_only;no_spatial_host;surface_parameters_missing,0,0,
H000009,71,inspection_only;no_spatial_host;surface_parameters_missing,0,0,
H000009,72,inspection_only;no_spatial_host;surface_parameters_missing,0,0,
H000009,73,inspection_only;no_spatial_host;surface_parameters_missing,0,0,
H000009,74,inspection_only;no_spatial_host;surface_parameters_missing,0,0,
H000009,75,inspection_only;no_spatial_host;surface_parameters_missing,0,0,
H000009,76,inspection_only;no_spatial_host;surface_parameters_missing,0,0,
H000009,77,inspection_only;no_spatial_host;surface_parameters_missing,0,0,
H000009,78,inspection_only;no_spatial_host;surface_parameters_missing,0,0,
H000009,79,inspection_only;no_spatial_host;surface_parameters_missing,0,0,
H000009,80,inspection_only;no_spatial_host;surface_parameters_missing,0,0,
H000009,81,inspection_only;no_spatial_host;surface_parameters_missing,0,0,
H000009,82,inspection_only;no_spatial_host;surface_parameters_missing,0,0,
H000009,83,inspection_only;no_spatial_host;surface_parameters_missing,0,0,
H000009,84,inspection_only;no_spatial_host;surface_parameters_missing,0,0,
H000009,85,inspection_only;no_spatial_host;surface_parameters_missing,0,0,
H000009,86,inspection_only;no_spatial_host;surface_parameters_missing,0,0,
H000009,87,inspection_only;no_spatial_host;surface_parameters_missing,0,0,
H000009,88,inspection_only;no_spatial_host;surface_parameters_missing,0,0,
H000009,89,inspection_only;no_spatial_host;surface_parameters_missing,0,0,
H000009,90,inspection_only;no_spatial_host;surface_parameters_missing,0,0,
H000009,91,inspection_only;no_spatial_host;surface_parameters_missing,0,0,
H000009,92,inspection_only;no_spatial_host;surface_parameters_missing,0,0,
H000009,93,inspection_only;no_spatial_host;surface_parameters_missing,0,0,
H000009,94,inspection_only;no_spatial_host;surface_parameters_missing,0,0,
H000009,95,inspection_only;no_spatial_host;surface_parameters_missing,0,0,
H000009,96,inspection_only;no_spatial_host;surface_parameters_missing,0,0,
H000009,97,inspection_only;no_spatial_host;surface_parameters_missing,0,0,
H000009,98,inspection_only;no_spatial_host;surface_parameters_missing,0,0,
H000009,99,inspection_only;no_spatial_host;surface_parameters_missing,0,0,
H000009,100,inspection_only;no_spatial_host;surface_parameters_missing,0,0,
H000009,101,inspection_only;no_spatial_host;surface_parameters_missing,0,0,
H000009,102,inspection_only;no_spatial_host;surface_parameters_missing,0,0,
H000009,103,inspection_only;no_spatial_host;surface_parameters_missing,0,0,
H000009,104,inspection_only;no_spatial_host;surface_parameters_missing,0,0,
H000009,105,inspection_only;no_spatial_host;surface_parameters_missing,0,0,
H000009,106,inspection_only;no_spatial_host;surface_parameters_missing,0,0,
H000009,107,inspection_only;no_spatial_host;surface_parameters_missing,0,0,
H000009,108,inspection_only;no_spatial_host;surface_parameters_missing,0,0,
H000009,109,inspection_only;no_spatial_host;surface_parameters_missing,0,0,
H000009,110,inspection_only;no_spatial_host;surface_parameters_missing,0,0,
H000009,111,inspection_only;no_spatial_host;surface_parameters_missing,0,0,
H000009,112,inspection_only;no_spatial_host;surface_parameters_missing,0,0,
H000009,113,inspection_only;no_spatial_host;surface_parameters_missing,0,0,
H000009,114,inspection_only;no_spatial_host;surface_parameters_missing,0,0,
H000009,115,inspection_only;no_spatial_host;surface_parameters_missing,0,0,
H000009,116,inspection_only;no_spatial_host;surface_parameters_missing,0,0,
H000009,117,inspection_only;no_spatial_host;surface_parameters_missing,0,0,
H000009,118,inspection_only;no_spatial_host;surface_parameters_missing,0,0,
H000009,119,inspection_only;no_spatial_host;surface_parameters_missing,0,0,
H000009,120,inspection_only;no_spatial_host;surface_parameters_missing,0,0,
H000009,121,inspection_only;no_spatial_host;surface_parameters_missing,0,0,
H000009,122,inspection_only;no_spatial_host;surface_parameters_missing,0,0,
H000009,123,inspection_only;no_spatial_host;surface_parameters_missing,0,0,
H000009,124,inspection_only;no_spatial_host;surface_parameters_missing,0,0,
H000009,125,inspection_only;no_spatial_host;surface_parameters_missing,0,0,
H000009,126,inspection_only;no_spatial_host;surface_parameters_missing,0,0,
H000009,127,inspection_only;no_spatial_host;surface_parameters_missing,0,0,
H000009,128,inspection_only;no_spatial_host;surface_parameters_missing,0,0,
H000009,129,inspection_only;no_spatial_host;surface_parameters_missing,0,0,
H000009,130,inspection_only;no_spatial_host;surface_parameters_missing,0,0,
H000009,131,inspection_only;no_spatial_host;surface_parameters_missing,0,0,
H000009,132,inspection_only;no_spatial_host;surface_parameters_missing,0,0,
H000009,133,inspection_only;no_spatial_host;surface_parameters_missing,0,0,
H000009,134,inspection_only;no_spatial_host;surface_parameters_missing,0,0,
H000009,135,inspection_only;no_spatial_host;surface_parameters_missing,0,0,
H000009,136,inspection_only;no_spatial_host;surface_parameters_missing,0,0,
H000009,137,inspection_only;no_spatial_host;surface_parameters_missing,0,0,
H000009,138,inspection_only;no_spatial_host;surface_parameters_missing,0,0,
H000009,139,inspection_only;no_spatial_host;surface_parameters_missing,0,0,
H000009,140,inspection_only;no_spatial_host;surface_parameters_missing,0,0,
H000009,141,inspection_only;no_spatial_host;surface_parameters_missing,0,0,
H000009,142,inspection_only;no_spatial_host;surface_parameters_missing,0,0,
H000009,143,inspection_only;no_spatial_host;surface_parameters_missing,0,0,
H000009,144,inspection_only;no_spatial_host;surface_parameters_missing,0,0,
H000009,145,inspection_only;no_spatial_host;surface_parameters_missing,0,0,
H000009,146,inspection_only;no_spatial_host;surface_parameters_missing,0,0,
H000009,147,inspection_only;no_spatial_host;surface_parameters_missing,0,0,
H000009,148,inspection_only;no_spatial_host;surface_parameters_missing,0,0,
H000009,149,inspection_only;no_spatial_host;surface_parameters_missing,0,0,
H000009,150,inspection_only;no_spatial_host;surface_parameters_missing,0,0,
H000009,151,inspection_only;no_spatial_host;surface_parameters_missing,0,0,
H000009,152,inspection_only;no_spatial_host;surface_parameters_missing,0,0,
H000009,153,inspection_only;no_spatial_host;surface_parameters_missing,0,0,
H000009,154,inspection_only;no_spatial_host;surface_parameters_missing,0,0,
H000009,155,inspection_only;no_spatial_host;surface_parameters_missing,0,0,
H000009,156,inspection_only;no_spatial_host;surface_parameters_missing,0,0,
H000009,157,inspection_only;no_spatial_host;surface_parameters_missing,0,0,
H000009,158,inspection_only;no_spatial_host;surface_parameters_missing,0,0,
H000009,159,inspection_only;no_spatial_host;surface_parameters_missing,0,0,
H000009,160,inspection_only;no_spatial_host;surface_parameters_missing,0,0,
H000009,161,inspection_only;no_spatial_host;surface_parameters_missing,0,0,
H000009,162,inspection_only;no_spatial_host;surface_parameters_missing,0,0,
H000009,163,inspection_only;no_spatial_host;surface_parameters_missing,0,0,
H000009,164,inspection_only;no_spatial_host;surface_parameters_missing,0,0,
H000009,165,inspection_only;no_spatial_host;surface_parameters_missing,0,0,
H000009,166,inspection_only;no_spatial_host;surface_parameters_missing,0,0,
H000009,167,inspection_only;no_spatial_host;surface_parameters_missing,0,0,
H000009,168,inspection_only;no_spatial_host;surface_parameters_missing,0,0,
H000009,169,inspection_only;no_spatial_host;surface_parameters_missing,0,0,
H000009,170,inspection_only;no_spatial_host;surface_parameters_missing,0,0,
H000009,171,inspection_only;no_spatial_host;surface_parameters_missing,0,0,
H000009,172,inspection_only;no_spatial_host;surface_parameters_missing,0,0,
H000009,173,inspection_only;no_spatial_host;surface_parameters_missing,0,0,
H000009,174,inspection_only;no_spatial_host;surface_parameters_missing,0,0,
H000009,175,inspection_only;no_spatial_host;surface_parameters_missing,0,0,
H000009,176,inspection_only;no_spatial_host;surface_parameters_missing,0,0,
H000009,177,inspection_only;no_spatial_host;surface_parameters_missing,0,0,
H000009,178,inspection_only;no_spatial_host;surface_parameters_missing,0,0,
H000009,179,inspection_only;no_spatial_host;surface_parameters_missing,0,0,
H000010,0,inspection_only;no_spatial_host;surface_parameters_missing,0,0,
H000010,1,inspection_only;no_spatial_host;surface_parameters_missing,0,0,
H000010,2,inspection_only;no_spatial_host;surface_parameters_missing,0,0,
H000010,3,inspection_only;no_spatial_host;surface_parameters_missing,0,0,
H000010,4,inspection_only;no_spatial_host;surface_parameters_missing,0,0,
H000010,5,inspection_only;no_spatial_host;surface_parameters_missing,0,0,
H000010,6,inspection_only;no_spatial_host;surface_parameters_missing,0,0,
H000010,7,inspection_only;no_spatial_host;surface_parameters_missing,0,0,
H000010,8,inspection_only;no_spatial_host;surface_parameters_missing,0,0,
H000010,9,inspection_only;no_spatial_host;surface_parameters_missing,0,0,
H000010,10,inspection_only;no_spatial_host;surface_parameters_missing,0,0,
H000010,11,inspection_only;no_spatial_host;surface_parameters_missing,0,0,
H000010,12,inspection_only;no_spatial_host;surface_parameters_missing,0,0,
H000010,13,inspection_only;no_spatial_host;surface_parameters_missing,0,0,
H000010,14,inspection_only;no_spatial_host;surface_parameters_missing,0,0,
H000010,15,inspection_only;no_spatial_host;surface_parameters_missing,0,0,
H000010,16,inspection_only;no_spatial_host;surface_parameters_missing,0,0,
H000010,17,inspection_only;no_spatial_host;surface_parameters_missing,0,0,
H000010,18,inspection_only;no_spatial_host;surface_parameters_missing,0,0,
H000010,19,inspection_only;no_spatial_host;surface_parameters_missing,0,0,
H000010,20,inspection_only;no_spatial_host;surface_parameters_missing,0,0,
H000010,21,inspection_only;no_spatial_host;surface_parameters_missing,0,0,
H000010,22,inspection_only;no_spatial_host;surface_parameters_missing,0,0,
H000010,23,inspection_only;no_spatial_host;surface_parameters_missing,0,0,
H000010,24,inspection_only;no_spatial_host;surface_parameters_missing,0,0,
H000010,25,inspection_only;no_spatial_host;surface_parameters_missing,0,0,
H000010,26,inspection_only;no_spatial_host;surface_parameters_missing,0,0,
H000010,27,inspection_only;no_spatial_host;surface_parameters_missing,0,0,
H000010,28,inspection_only;no_spatial_host;surface_parameters_missing,0,0,
H000010,29,inspection_only;no_spatial_host;surface_parameters_missing,0,0,
H000010,30,inspection_only;no_spatial_host;surface_parameters_missing,0,0,
H000010,31,inspection_only;no_spatial_host;surface_parameters_missing,0,0,
H000010,32,inspection_only;no_spatial_host;surface_parameters_missing,0,0,
H000010,33,inspection_only;no_spatial_host;surface_parameters_missing,0,0,
H000010,34,inspection_only;no_spatial_host;surface_parameters_missing,0,0,
H000010,35,inspection_only;no_spatial_host;surface_parameters_missing,0,0,
H000010,36,inspection_only;no_spatial_host;surface_parameters_missing,0,0,
H000010,37,inspection_only;no_spatial_host;surface_parameters_missing,0,0,
H000010,38,inspection_only;no_spatial_host;surface_parameters_missing,0,0,
H000010,39,inspection_only;no_spatial_host;surface_parameters_missing,0,0,
H000010,40,inspection_only;no_spatial_host;surface_parameters_missing,0,0,
H000010,41,inspection_only;no_spatial_host;surface_parameters_missing,0,0,
H000010,42,inspection_only;no_spatial_host;surface_parameters_missing,0,0,
H000010,43,inspection_only;no_spatial_host;surface_parameters_missing,0,0,
H000010,44,inspection_only;no_spatial_host;surface_parameters_missing,0,0,
H000010,45,inspection_only;no_spatial_host;surface_parameters_missing,0,0,
H000010,46,inspection_only;no_spatial_host;surface_parameters_missing,0,0,
H000010,47,inspection_only;no_spatial_host;surface_parameters_missing,0,0,
H000010,48,inspection_only;no_spatial_host;surface_parameters_missing,0,0,
H000010,49,inspection_only;no_spatial_host;surface_parameters_missing,0,0,
H000010,50,inspection_only;no_spatial_host;surface_parameters_missing,0,0,
H000010,51,inspection_only;no_spatial_host;surface_parameters_missing,0,0,
H000010,52,inspection_only;no_spatial_host;surface_parameters_missing,0,0,
H000010,53,inspection_only;no_spatial_host;surface_parameters_missing,0,0,
H000010,54,inspection_only;no_spatial_host;surface_parameters_missing,0,0,
H000010,55,inspection_only;no_spatial_host;surface_parameters_missing,0,0,
H000010,56,inspection_only;no_spatial_host;surface_parameters_missing,0,0,
H000010,57,inspection_only;no_spatial_host;surface_parameters_missing,0,0,
H000010,58,inspection_only;no_spatial_host;surface_parameters_missing,0,0,
H000010,59,inspection_only;no_spatial_host;surface_parameters_missing,0,0,
H000010,60,inspection_only;no_spatial_host;surface_parameters_missing,0,0,
H000010,61,inspection_only;no_spatial_host;surface_parameters_missing,0,0,
H000010,62,inspection_only;no_spatial_host;surface_parameters_missing,0,0,
H000010,63,inspection_only;no_spatial_host;surface_parameters_missing,0,0,
H000010,64,inspection_only;no_spatial_host;surface_parameters_missing,0,0,
H000010,65,inspection_only;no_spatial_host;surface_parameters_missing,0,0,
H000010,66,inspection_only;no_spatial_host;surface_parameters_missing,0,0,
H000010,67,inspection_only;no_spatial_host;surface_parameters_missing,0,0,
H000010,68,inspection_only;no_spatial_host;surface_parameters_missing,0,0,
H000010,69,inspection_only;no_spatial_host;surface_parameters_missing,0,0,
H000010,70,inspection_only;no_spatial_host;surface_parameters_missing,0,0,
H000010,71,inspection_only;no_spatial_host;surface_parameters_missing,0,0,
H000010,72,inspection_only;no_spatial_host;surface_parameters_missing,0,0,
H000010,73,inspection_only;no_spatial_host;surface_parameters_missing,0,0,
H000010,74,inspection_only;no_spatial_host;surface_parameters_missing,0,0,
H000010,75,inspection_only;no_spatial_host;surface_parameters_missing,0,0,
H000010,76,inspection_only;no_spatial_host;surface_parameters_missing,0,0,
H000010,77,inspection_only;no_spatial_host;surface_parameters_missing,0,0,
H000010,78,inspection_only;no_spatial_host;surface_parameters_missing,0,0,
H000010,79,inspection_only;no_spatial_host;surface_parameters_missing,0,0,
H000010,80,inspection_only;no_spatial_host;surface_parameters_missing,0,0,
H000010,81,inspection_only;no_spatial_host;surface_parameters_missing,0,0,
H000010,82,inspection_only;no_spatial_host;surface_parameters_missing,0,0,
H000010,83,inspection_only;no_spatial_host;surface_parameters_missing,0,0,
H000010,84,inspection_only;no_spatial_host;surface_parameters_missing,0,0,
H000010,85,inspection_only;no_spatial_host;surface_parameters_missing,0,0,
H000010,86,inspection_only;no_spatial_host;surface_parameters_missing,0,0,
H000010,87,inspection_only;no_spatial_host;surface_parameters_missing,0,0,
H000010,88,inspection_only;no_spatial_host;surface_parameters_missing,0,0,
H000010,89,inspection_only;no_spatial_host;surface_parameters_missing,0,0,
H000010,90,inspection_only;no_spatial_host;surface_parameters_missing,0,0,
H000010,91,inspection_only;no_spatial_host;surface_parameters_missing,0,0,
H000010,92,inspection_only;no_spatial_host;surface_parameters_missing,0,0,
H000010,93,inspection_only;no_spatial_host;surface_parameters_missing,0,0,
H000010,94,inspection_only;no_spatial_host;surface_parameters_missing,0,0,
H000010,95,inspection_only;no_spatial_host;surface_parameters_missing,0,0,
H000010,96,inspection_only;no_spatial_host;surface_parameters_missing,0,0,
H000010,97,inspection_only;no_spatial_host;surface_parameters_missing,0,0,
H000010,98,inspection_only;no_spatial_host;surface_parameters_missing,0,0,
H000010,99,inspection_only;no_spatial_host;surface_parameters_missing,0,0,
H000010,100,inspection_only;no_spatial_host;surface_parameters_missing,0,0,
H000010,101,inspection_only;no_spatial_host;surface_parameters_missing,0,0,
H000010,102,inspection_only;no_spatial_host;surface_parameters_missing,0,0,
H000010,103,inspection_only;no_spatial_host;surface_parameters_missing,0,0,
H000010,104,inspection_only;no_spatial_host;surface_parameters_missing,0,0,
H000010,105,inspection_only;no_spatial_host;surface_parameters_missing,0,0,
H000010,106,inspection_only;no_spatial_host;surface_parameters_missing,0,0,
H000010,107,inspection_only;no_spatial_host;surface_parameters_missing,0,0,
H000010,108,inspection_only;no_spatial_host;surface_parameters_missing,0,0,
H000010,109,inspection_only;no_spatial_host;surface_parameters_missing,0,0,
H000010,110,inspection_only;no_spatial_host;surface_parameters_missing,0,0,
H000010,111,inspection_only;no_spatial_host;surface_parameters_missing,0,0,
H000010,112,inspection_only;no_spatial_host;surface_parameters_missing,0,0,
H000010,113,inspection_only;no_spatial_host;surface_parameters_missing,0,0,
H000010,114,inspection_only;no_spatial_host;surface_parameters_missing,0,0,
H000010,115,inspection_only;no_spatial_host;surface_parameters_missing,0,0,
H000010,116,inspection_only;no_spatial_host;surface_parameters_missing,0,0,
H000010,117,inspection_only;no_spatial_host;surface_parameters_missing,0,0,
H000010,118,inspection_only;no_spatial_host;surface_parameters_missing,0,0,
H000010,119,inspection_only;no_spatial_host;surface_parameters_missing,0,0,
H000010,120,inspection_only;no_spatial_host;surface_parameters_missing,0,0,
H000010,121,inspection_only;no_spatial_host;surface_parameters_missing,0,0,
H000010,122,inspection_only;no_spatial_host;surface_parameters_missing,0,0,
H000010,123,inspection_only;no_spatial_host;surface_parameters_missing,0,0,
H000010,124,inspection_only;no_spatial_host;surface_parameters_missing,0,0,
H000010,125,inspection_only;no_spatial_host;surface_parameters_missing,0,0,
H000010,126,inspection_only;no_spatial_host;surface_parameters_missing,0,0,
H000010,127,inspection_only;no_spatial_host;surface_parameters_missing,0,0,
H000010,128,inspection_only;no_spatial_host;surface_parameters_missing,0,0,
H000010,129,inspection_only;no_spatial_host;surface_parameters_missing,0,0,
H000010,130,inspection_only;no_spatial_host;surface_parameters_missing,0,0,
H000010,131,inspection_only;no_spatial_host;surface_parameters_missing,0,0,
H000010,132,inspection_only;no_spatial_host;surface_parameters_missing,0,0,
H000010,133,inspection_only;no_spatial_host;surface_parameters_missing,0,0,
H000010,134,inspection_only;no_spatial_host;surface_parameters_missing,0,0,
H000010,135,inspection_only;no_spatial_host;surface_parameters_missing,0,0,
H000010,136,inspection_only;no_spatial_host;surface_parameters_missing,0,0,
H000010,137,inspection_only;no_spatial_host;surface_parameters_missing,0,0,
H000010,138,inspection_only;no_spatial_host;surface_parameters_missing,0,0,
H000010,139,inspection_only;no_spatial_host;surface_parameters_missing,0,0,
H000010,140,inspection_only;no_spatial_host;surface_parameters_missing,0,0,
H000010,141,inspection_only;no_spatial_host;surface_parameters_missing,0,0,
H000010,142,inspection_only;no_spatial_host;surface_parameters_missing,0,0,
H000010,143,inspection_only;no_spatial_host;surface_parameters_missing,0,0,
H000010,144,inspection_only;no_spatial_host;surface_parameters_missing,0,0,
H000010,145,inspection_only;no_spatial_host;surface_parameters_missing,0,0,
H000010,146,inspection_only;no_spatial_host;surface_parameters_missing,0,0,
H000010,147,inspection_only;no_spatial_host;surface_parameters_missing,0,0,
H000010,148,inspection_only;no_spatial_host;surface_parameters_missing,0,0,
H000010,149,inspection_only;no_spatial_host;surface_parameters_missing,0,0,
H000010,150,inspection_only;no_spatial_host;surface_parameters_missing,0,0,
H000010,151,inspection_only;no_spatial_host;surface_parameters_missing,0,0,
H000010,152,inspection_only;no_spatial_host;surface_parameters_missing,0,0,
H000010,153,inspection_only;no_spatial_host;surface_parameters_missing,0,0,
H000010,154,inspection_only;no_spatial_host;surface_parameters_missing,0,0,
H000010,155,inspection_only;no_spatial_host;surface_parameters_missing,0,0,
H000010,156,inspection_only;no_spatial_host;surface_parameters_missing,0,0,
H000010,157,inspection_only;no_spatial_host;surface_parameters_missing,0,0,
H000010,158,inspection_only;no_spatial_host;surface_parameters_missing,0,0,
H000010,159,inspection_only;no_spatial_host;surface_parameters_missing,0,0,
H000010,160,inspection_only;no_spatial_host;surface_parameters_missing,0,0,
H000010,161,inspection_only;no_spatial_host;surface_parameters_missing,0,0,
H000010,162,inspection_only;no_spatial_host;surface_parameters_missing,0,0,
H000010,163,inspection_only;no_spatial_host;surface_parameters_missing,0,0,
H000010,164,inspection_only;no_spatial_host;surface_parameters_missing,0,0,
H000010,165,inspection_only;no_spatial_host;surface_parameters_missing,0,0,
H000010,166,inspection_only;no_spatial_host;surface_parameters_missing,0,0,
H000010,167,inspection_only;no_spatial_host;surface_parameters_missing,0,0,
H000010,168,inspection_only;no_spatial_host;surface_parameters_missing,0,0,
H000010,169,inspection_only;no_spatial_host;surface_parameters_missing,0,0,
H000010,170,inspection_only;no_spatial_host;surface_parameters_missing,0,0,
H000010,171,inspection_only;no_spatial_host;surface_parameters_missing,0,0,
H000010,172,inspection_only;no_spatial_host;surface_parameters_missing,0,0,
H000010,173,inspection_only;no_spatial_host;surface_parameters_missing,0,0,
H000010,174,inspection_only;no_spatial_host;surface_parameters_missing,0,0,
H000010,175,inspection_only;no_spatial_host;surface_parameters_missing,0,0,
H000010,176,inspection_only;no_spatial_host;surface_parameters_missing,0,0,
H000010,177,inspection_only;no_spatial_host;surface_parameters_missing,0,0,
H000010,178,inspection_only;no_spatial_host;surface_parameters_missing,0,0,
H000010,179,inspection_only;no_spatial_host;surface_parameters_missing,0,0,
H000011,0,inspection_only;no_spatial_host;surface_parameters_missing,0,0,
H000011,1,inspection_only;no_spatial_host;surface_parameters_missing,0,0,
H000011,2,inspection_only;no_spatial_host;surface_parameters_missing,0,0,
H000011,3,inspection_only;no_spatial_host;surface_parameters_missing,0,0,
H000011,4,inspection_only;no_spatial_host;surface_parameters_missing,0,0,
H000011,5,inspection_only;no_spatial_host;surface_parameters_missing,0,0,
H000011,6,inspection_only;no_spatial_host;surface_parameters_missing,0,0,
H000011,7,inspection_only;no_spatial_host;surface_parameters_missing,0,0,
H000011,8,inspection_only;no_spatial_host;surface_parameters_missing,0,0,
H000011,9,inspection_only;no_spatial_host;surface_parameters_missing,0,0,
H000011,10,inspection_only;no_spatial_host;surface_parameters_missing,0,0,
H000011,11,inspection_only;no_spatial_host;surface_parameters_missing,0,0,
H000011,12,inspection_only;no_spatial_host;surface_parameters_missing,0,0,
H000011,13,inspection_only;no_spatial_host;surface_parameters_missing,0,0,
H000011,14,inspection_only;no_spatial_host;surface_parameters_missing,0,0,
H000011,15,inspection_only;no_spatial_host;surface_parameters_missing,0,0,
H000011,16,inspection_only;no_spatial_host;surface_parameters_missing,0,0,
H000011,17,inspection_only;no_spatial_host;surface_parameters_missing,0,0,
H000011,18,inspection_only;no_spatial_host;surface_parameters_missing,0,0,
H000011,19,inspection_only;no_spatial_host;surface_parameters_missing,0,0,
H000011,20,inspection_only;no_spatial_host;surface_parameters_missing,0,0,
H000011,21,inspection_only;no_spatial_host;surface_parameters_missing,0,0,
H000011,22,inspection_only;no_spatial_host;surface_parameters_missing,0,0,
H000011,23,inspection_only;no_spatial_host;surface_parameters_missing,0,0,
H000011,24,inspection_only;no_spatial_host;surface_parameters_missing,0,0,
H000011,25,inspection_only;no_spatial_host;surface_parameters_missing,0,0,
H000011,26,inspection_only;no_spatial_host;surface_parameters_missing,0,0,
H000011,27,inspection_only;no_spatial_host;surface_parameters_missing,0,0,
H000011,28,inspection_only;no_spatial_host;surface_parameters_missing,0,0,
H000011,29,inspection_only;no_spatial_host;surface_parameters_missing,0,0,
H000011,30,inspection_only;no_spatial_host;surface_parameters_missing,0,0,
H000011,31,inspection_only;no_spatial_host;surface_parameters_missing,0,0,
H000011,32,inspection_only;no_spatial_host;surface_parameters_missing,0,0,
H000011,33,inspection_only;no_spatial_host;surface_parameters_missing,0,0,
H000011,34,inspection_only;no_spatial_host;surface_parameters_missing,0,0,
H000011,35,inspection_only;no_spatial_host;surface_parameters_missing,0,0,
H000011,36,inspection_only;no_spatial_host;surface_parameters_missing,0,0,
H000011,37,inspection_only;no_spatial_host;surface_parameters_missing,0,0,
H000011,38,inspection_only;no_spatial_host;surface_parameters_missing,0,0,
H000011,39,inspection_only;no_spatial_host;surface_parameters_missing,0,0,
H000011,40,inspection_only;no_spatial_host;surface_parameters_missing,0,0,
H000011,41,inspection_only;no_spatial_host;surface_parameters_missing,0,0,
H000011,42,inspection_only;no_spatial_host;surface_parameters_missing,0,0,
H000011,43,inspection_only;no_spatial_host;surface_parameters_missing,0,0,
H000011,44,inspection_only;no_spatial_host;surface_parameters_missing,0,0,
H000011,45,inspection_only;no_spatial_host;surface_parameters_missing,0,0,
H000011,46,inspection_only;no_spatial_host;surface_parameters_missing,0,0,
H000011,47,inspection_only;no_spatial_host;surface_parameters_missing,0,0,
H000011,48,inspection_only;no_spatial_host;surface_parameters_missing,0,0,
H000011,49,inspection_only;no_spatial_host;surface_parameters_missing,0,0,
H000011,50,inspection_only;no_spatial_host;surface_parameters_missing,0,0,
H000011,51,inspection_only;no_spatial_host;surface_parameters_missing,0,0,
H000011,52,inspection_only;no_spatial_host;surface_parameters_missing,0,0,
H000011,53,inspection_only;no_spatial_host;surface_parameters_missing,0,0,
H000011,54,inspection_only;no_spatial_host;surface_parameters_missing,0,0,
H000011,55,inspection_only;no_spatial_host;surface_parameters_missing,0,0,
H000011,56,inspection_only;no_spatial_host;surface_parameters_missing,0,0,
H000011,57,inspection_only;no_spatial_host;surface_parameters_missing,0,0,
H000011,58,inspection_only;no_spatial_host;surface_parameters_missing,0,0,
H000011,59,inspection_only;no_spatial_host;surface_parameters_missing,0,0,
H000011,60,inspection_only;no_spatial_host;surface_parameters_missing,0,0,
H000011,61,inspection_only;no_spatial_host;surface_parameters_missing,0,0,
H000011,62,inspection_only;no_spatial_host;surface_parameters_missing,0,0,
H000011,63,inspection_only;no_spatial_host;surface_parameters_missing,0,0,
H000011,64,inspection_only;no_spatial_host;surface_parameters_missing,0,0,
H000011,65,inspection_only;no_spatial_host;surface_parameters_missing,0,0,
H000011,66,inspection_only;no_spatial_host;surface_parameters_missing,0,0,
H000011,67,inspection_only;no_spatial_host;surface_parameters_missing,0,0,
H000011,68,inspection_only;no_spatial_host;surface_parameters_missing,0,0,
H000011,69,inspection_only;no_spatial_host;surface_parameters_missing,0,0,
H000011,70,inspection_only;no_spatial_host;surface_parameters_missing,0,0,
H000011,71,inspection_only;no_spatial_host;surface_parameters_missing,0,0,
H000011,72,inspection_only;no_spatial_host;surface_parameters_missing,0,0,
H000011,73,inspection_only;no_spatial_host;surface_parameters_missing,0,0,
H000011,74,inspection_only;no_spatial_host;surface_parameters_missing,0,0,
H000011,75,inspection_only;no_spatial_host;surface_parameters_missing,0,0,
H000011,76,inspection_only;no_spatial_host;surface_parameters_missing,0,0,
H000011,77,inspection_only;no_spatial_host;surface_parameters_missing,0,0,
H000011,78,inspection_only;no_spatial_host;surface_parameters_missing,0,0,
H000011,79,inspection_only;no_spatial_host;surface_parameters_missing,0,0,
H000011,80,inspection_only;no_spatial_host;surface_parameters_missing,0,0,
H000011,81,inspection_only;no_spatial_host;surface_parameters_missing,0,0,
H000011,82,inspection_only;no_spatial_host;surface_parameters_missing,0,0,
H000011,83,inspection_only;no_spatial_host;surface_parameters_missing,0,0,
H000011,84,inspection_only;no_spatial_host;surface_parameters_missing,0,0,
H000011,85,inspection_only;no_spatial_host;surface_parameters_missing,0,0,
H000011,86,inspection_only;no_spatial_host;surface_parameters_missing,0,0,
H000011,87,inspection_only;no_spatial_host;surface_parameters_missing,0,0,
H000011,88,inspection_only;no_spatial_host;surface_parameters_missing,0,0,
H000011,89,inspection_only;no_spatial_host;surface_parameters_missing,0,0,
H000011,90,inspection_only;no_spatial_host;surface_parameters_missing,0,0,
H000011,91,inspection_only;no_spatial_host;surface_parameters_missing,0,0,
H000011,92,inspection_only;no_spatial_host;surface_parameters_missing,0,0,
H000011,93,inspection_only;no_spatial_host;surface_parameters_missing,0,0,
H000011,94,inspection_only;no_spatial_host;surface_parameters_missing,0,0,
H000011,95,inspection_only;no_spatial_host;surface_parameters_missing,0,0,
H000011,96,inspection_only;no_spatial_host;surface_parameters_missing,0,0,
H000011,97,inspection_only;no_spatial_host;surface_parameters_missing,0,0,
H000011,98,inspection_only;no_spatial_host;surface_parameters_missing,0,0,
H000011,99,inspection_only;no_spatial_host;surface_parameters_missing,0,0,
H000011,100,inspection_only;no_spatial_host;surface_parameters_missing,0,0,
H000011,101,inspection_only;no_spatial_host;surface_parameters_missing,0,0,
H000011,102,inspection_only;no_spatial_host;surface_parameters_missing,0,0,
H000011,103,inspection_only;no_spatial_host;surface_parameters_missing,0,0,
H000011,104,inspection_only;no_spatial_host;surface_parameters_missing,0,0,
H000011,105,inspection_only;no_spatial_host;surface_parameters_missing,0,0,
H000011,106,inspection_only;no_spatial_host;surface_parameters_missing,0,0,
H000011,107,inspection_only;no_spatial_host;surface_parameters_missing,0,0,
H000011,108,inspection_only;no_spatial_host;surface_parameters_missing,0,0,
H000011,109,inspection_only;no_spatial_host;surface_parameters_missing,0,0,
H000011,110,inspection_only;no_spatial_host;surface_parameters_missing,0,0,
H000011,111,inspection_only;no_spatial_host;surface_parameters_missing,0,0,
H000011,112,inspection_only;no_spatial_host;surface_parameters_missing,0,0,
H000011,113,inspection_only;no_spatial_host;surface_parameters_missing,0,0,
H000011,114,inspection_only;no_spatial_host;surface_parameters_missing,0,0,
H000011,115,inspection_only;no_spatial_host;surface_parameters_missing,0,0,
H000011,116,inspection_only;no_spatial_host;surface_parameters_missing,0,0,
H000011,117,inspection_only;no_spatial_host;surface_parameters_missing,0,0,
H000011,118,inspection_only;no_spatial_host;surface_parameters_missing,0,0,
H000011,119,inspection_only;no_spatial_host;surface_parameters_missing,0,0,
H000011,120,inspection_only;no_spatial_host;surface_parameters_missing,0,0,
H000011,121,inspection_only;no_spatial_host;surface_parameters_missing,0,0,
H000011,122,inspection_only;no_spatial_host;surface_parameters_missing,0,0,
H000011,123,inspection_only;no_spatial_host;surface_parameters_missing,0,0,
H000011,124,inspection_only;no_spatial_host;surface_parameters_missing,0,0,
H000011,125,inspection_only;no_spatial_host;surface_parameters_missing,0,0,
H000011,126,inspection_only;no_spatial_host;surface_parameters_missing,0,0,
H000011,127,inspection_only;no_spatial_host;surface_parameters_missing,0,0,
H000011,128,inspection_only;no_spatial_host;surface_parameters_missing,0,0,
H000011,129,inspection_only;no_spatial_host;surface_parameters_missing,0,0,
H000011,130,inspection_only;no_spatial_host;surface_parameters_missing,0,0,
H000011,131,inspection_only;no_spatial_host;surface_parameters_missing,0,0,
H000011,132,inspection_only;no_spatial_host;surface_parameters_missing,0,0,
H000011,133,inspection_only;no_spatial_host;surface_parameters_missing,0,0,
H000011,134,inspection_only;no_spatial_host;surface_parameters_missing,0,0,
H000011,135,inspection_only;no_spatial_host;surface_parameters_missing,0,0,
H000011,136,inspection_only;no_spatial_host;surface_parameters_missing,0,0,
H000011,137,inspection_only;no_spatial_host;surface_parameters_missing,0,0,
H000011,138,inspection_only;no_spatial_host;surface_parameters_missing,0,0,
H000011,139,inspection_only;no_spatial_host;surface_parameters_missing,0,0,
H000011,140,inspection_only;no_spatial_host;surface_parameters_missing,0,0,
H000011,141,inspection_only;no_spatial_host;surface_parameters_missing,0,0,
H000011,142,inspection_only;no_spatial_host;surface_parameters_missing,0,0,
H000011,143,inspection_only;no_spatial_host;surface_parameters_missing,0,0,
H000011,144,inspection_only;no_spatial_host;surface_parameters_missing,0,0,
H000011,145,inspection_only;no_spatial_host;surface_parameters_missing,0,0,
H000011,146,inspection_only;no_spatial_host;surface_parameters_missing,0,0,
H000011,147,inspection_only;no_spatial_host;surface_parameters_missing,0,0,
H000011,148,inspection_only;no_spatial_host;surface_parameters_missing,0,0,
H000011,149,inspection_only;no_spatial_host;surface_parameters_missing,0,0,
H000011,150,inspection_only;no_spatial_host;surface_parameters_missing,0,0,
H000011,151,inspection_only;no_spatial_host;surface_parameters_missing,0,0,
H000011,152,inspection_only;no_spatial_host;surface_parameters_missing,0,0,
H000011,153,inspection_only;no_spatial_host;surface_parameters_missing,0,0,
H000011,154,inspection_only;no_spatial_host;surface_parameters_missing,0,0,
H000011,155,inspection_only;no_spatial_host;surface_parameters_missing,0,0,
H000011,156,inspection_only;no_spatial_host;surface_parameters_missing,0,0,
H000011,157,inspection_only;no_spatial_host;surface_parameters_missing,0,0,
H000011,158,inspection_only;no_spatial_host;surface_parameters_missing,0,0,
H000011,159,inspection_only;no_spatial_host;surface_parameters_missing,0,0,
H000011,160,inspection_only;no_spatial_host;surface_parameters_missing,0,0,
H000011,161,inspection_only;no_spatial_host;surface_parameters_missing,0,0,
H000011,162,inspection_only;no_spatial_host;surface_parameters_missing,0,0,
H000011,163,inspection_only;no_spatial_host;surface_parameters_missing,0,0,
H000011,164,inspection_only;no_spatial_host;surface_parameters_missing,0,0,
H000011,165,inspection_only;no_spatial_host;surface_parameters_missing,0,0,
H000011,166,inspection_only;no_spatial_host;surface_parameters_missing,0,0,
H000011,167,inspection_only;no_spatial_host;surface_parameters_missing,0,0,
H000011,168,inspection_only;no_spatial_host;surface_parameters_missing,0,0,
H000011,169,inspection_only;no_spatial_host;surface_parameters_missing,0,0,
H000011,170,inspection_only;no_spatial_host;surface_parameters_missing,0,0,
H000011,171,inspection_only;no_spatial_host;surface_parameters_missing,0,0,
H000011,172,inspection_only;no_spatial_host;surface_parameters_missing,0,0,
H000011,173,inspection_only;no_spatial_host;surface_parameters_missing,0,0,
H000011,174,inspection_only;no_spatial_host;surface_parameters_missing,0,0,
H000011,175,inspection_only;no_spatial_host;surface_parameters_missing,0,0,
H000011,176,inspection_only;no_spatial_host;surface_parameters_missing,0,0,
H000011,177,inspection_only;no_spatial_host;surface_parameters_missing,0,0,
H000011,178,inspection_only;no_spatial_host;surface_parameters_missing,0,0,
H000011,179,inspection_only;no_spatial_host;surface_parameters_missing,0,0,
H000012,0,inspection_only;no_spatial_host;surface_parameters_missing,0,0,
H000012,1,inspection_only;no_spatial_host;surface_parameters_missing,0,0,
H000012,2,inspection_only;no_spatial_host;surface_parameters_missing,0,0,
H000012,3,inspection_only;no_spatial_host;surface_parameters_missing,0,0,
H000012,4,inspection_only;no_spatial_host;surface_parameters_missing,0,0,
H000012,5,inspection_only;no_spatial_host;surface_parameters_missing,0,0,
H000012,6,inspection_only;no_spatial_host;surface_parameters_missing,0,0,
H000012,7,inspection_only;no_spatial_host;surface_parameters_missing,0,0,
H000012,8,inspection_only;no_spatial_host;surface_parameters_missing,0,0,
H000012,9,inspection_only;no_spatial_host;surface_parameters_missing,0,0,
H000012,10,inspection_only;no_spatial_host;surface_parameters_missing,0,0,
H000012,11,inspection_only;no_spatial_host;surface_parameters_missing,0,0,
H000012,12,inspection_only;no_spatial_host;surface_parameters_missing,0,0,
H000012,13,inspection_only;no_spatial_host;surface_parameters_missing,0,0,
H000012,14,inspection_only;no_spatial_host;surface_parameters_missing,0,0,
H000012,15,inspection_only;no_spatial_host;surface_parameters_missing,0,0,
H000012,16,inspection_only;no_spatial_host;surface_parameters_missing,0,0,
H000012,17,inspection_only;no_spatial_host;surface_parameters_missing,0,0,
H000012,18,inspection_only;no_spatial_host;surface_parameters_missing,0,0,
H000012,19,inspection_only;no_spatial_host;surface_parameters_missing,0,0,
H000012,20,inspection_only;no_spatial_host;surface_parameters_missing,0,0,
H000012,21,inspection_only;no_spatial_host;surface_parameters_missing,0,0,
H000012,22,inspection_only;no_spatial_host;surface_parameters_missing,0,0,
H000012,23,inspection_only;no_spatial_host;surface_parameters_missing,0,0,
H000012,24,inspection_only;no_spatial_host;surface_parameters_missing,0,0,
H000012,25,inspection_only;no_spatial_host;surface_parameters_missing,0,0,
H000012,26,inspection_only;no_spatial_host;surface_parameters_missing,0,0,
H000012,27,inspection_only;no_spatial_host;surface_parameters_missing,0,0,
H000012,28,inspection_only;no_spatial_host;surface_parameters_missing,0,0,
H000012,29,inspection_only;no_spatial_host;surface_parameters_missing,0,0,
H000012,30,inspection_only;no_spatial_host;surface_parameters_missing,0,0,
H000012,31,inspection_only;no_spatial_host;surface_parameters_missing,0,0,
H000012,32,inspection_only;no_spatial_host;surface_parameters_missing,0,0,
H000012,33,inspection_only;no_spatial_host;surface_parameters_missing,0,0,
H000012,34,inspection_only;no_spatial_host;surface_parameters_missing,0,0,
H000012,35,inspection_only;no_spatial_host;surface_parameters_missing,0,0,
H000012,36,inspection_only;no_spatial_host;surface_parameters_missing,0,0,
H000012,37,inspection_only;no_spatial_host;surface_parameters_missing,0,0,
H000012,38,inspection_only;no_spatial_host;surface_parameters_missing,0,0,
H000012,39,inspection_only;no_spatial_host;surface_parameters_missing,0,0,
H000012,40,inspection_only;no_spatial_host;surface_parameters_missing,0,0,
H000012,41,inspection_only;no_spatial_host;surface_parameters_missing,0,0,
H000012,42,inspection_only;no_spatial_host;surface_parameters_missing,0,0,
H000012,43,inspection_only;no_spatial_host;surface_parameters_missing,0,0,
H000012,44,inspection_only;no_spatial_host;surface_parameters_missing,0,0,
H000012,45,inspection_only;no_spatial_host;surface_parameters_missing,0,0,
H000012,46,inspection_only;no_spatial_host;surface_parameters_missing,0,0,
H000012,47,inspection_only;no_spatial_host;surface_parameters_missing,0,0,
H000012,48,inspection_only;no_spatial_host;surface_parameters_missing,0,0,
H000012,49,inspection_only;no_spatial_host;surface_parameters_missing,0,0,
H000012,50,inspection_only;no_spatial_host;surface_parameters_missing,0,0,
H000012,51,inspection_only;no_spatial_host;surface_parameters_missing,0,0,
H000012,52,inspection_only;no_spatial_host;surface_parameters_missing,0,0,
H000012,53,inspection_only;no_spatial_host;surface_parameters_missing,0,0,
H000012,54,inspection_only;no_spatial_host;surface_parameters_missing,0,0,
H000012,55,inspection_only;no_spatial_host;surface_parameters_missing,0,0,
H000012,56,inspection_only;no_spatial_host;surface_parameters_missing,0,0,
H000012,57,inspection_only;no_spatial_host;surface_parameters_missing,0,0,
H000012,58,inspection_only;no_spatial_host;surface_parameters_missing,0,0,
H000012,59,inspection_only;no_spatial_host;surface_parameters_missing,0,0,
H000012,60,inspection_only;no_spatial_host;surface_parameters_missing,0,0,
H000012,61,inspection_only;no_spatial_host;surface_parameters_missing,0,0,
H000012,62,inspection_only;no_spatial_host;surface_parameters_missing,0,0,
H000012,63,inspection_only;no_spatial_host;surface_parameters_missing,0,0,
H000012,64,inspection_only;no_spatial_host;surface_parameters_missing,0,0,
H000012,65,inspection_only;no_spatial_host;surface_parameters_missing,0,0,
H000012,66,inspection_only;no_spatial_host;surface_parameters_missing,0,0,
H000012,67,inspection_only;no_spatial_host;surface_parameters_missing,0,0,
H000012,68,inspection_only;no_spatial_host;surface_parameters_missing,0,0,
H000012,69,inspection_only;no_spatial_host;surface_parameters_missing,0,0,
H000012,70,inspection_only;no_spatial_host;surface_parameters_missing,0,0,
H000012,71,inspection_only;no_spatial_host;surface_parameters_missing,0,0,
H000012,72,inspection_only;no_spatial_host;surface_parameters_missing,0,0,
H000012,73,inspection_only;no_spatial_host;surface_parameters_missing,0,0,
H000012,74,inspection_only;no_spatial_host;surface_parameters_missing,0,0,
H000012,75,inspection_only;no_spatial_host;surface_parameters_missing,0,0,
H000012,76,inspection_only;no_spatial_host;surface_parameters_missing,0,0,
H000012,77,inspection_only;no_spatial_host;surface_parameters_missing,0,0,
H000012,78,inspection_only;no_spatial_host;surface_parameters_missing,0,0,
H000012,79,inspection_only;no_spatial_host;surface_parameters_missing,0,0,
H000012,80,inspection_only;no_spatial_host;surface_parameters_missing,0,0,
H000012,81,inspection_only;no_spatial_host;surface_parameters_missing,0,0,
H000012,82,inspection_only;no_spatial_host;surface_parameters_missing,0,0,
H000012,83,inspection_only;no_spatial_host;surface_parameters_missing,0,0,
H000012,84,inspection_only;no_spatial_host;surface_parameters_missing,0,0,
H000012,85,inspection_only;no_spatial_host;surface_parameters_missing,0,0,
H000012,86,inspection_only;no_spatial_host;surface_parameters_missing,0,0,
H000012,87,inspection_only;no_spatial_host;surface_parameters_missing,0,0,
H000012,88,inspection_only;no_spatial_host;surface_parameters_missing,0,0,
H000012,89,inspection_only;no_spatial_host;surface_parameters_missing,0,0,
H000012,90,inspection_only;no_spatial_host;surface_parameters_missing,0,0,
H000012,91,inspection_only;no_spatial_host;surface_parameters_missing,0,0,
H000012,92,inspection_only;no_spatial_host;surface_parameters_missing,0,0,
H000012,93,inspection_only;no_spatial_host;surface_parameters_missing,0,0,
H000012,94,inspection_only;no_spatial_host;surface_parameters_missing,0,0,
H000012,95,inspection_only;no_spatial_host;surface_parameters_missing,0,0,
H000012,96,inspection_only;no_spatial_host;surface_parameters_missing,0,0,
H000012,97,inspection_only;no_spatial_host;surface_parameters_missing,0,0,
H000012,98,inspection_only;no_spatial_host;surface_parameters_missing,0,0,
H000012,99,inspection_only;no_spatial_host;surface_parameters_missing,0,0,
H000012,100,inspection_only;no_spatial_host;surface_parameters_missing,0,0,
H000012,101,inspection_only;no_spatial_host;surface_parameters_missing,0,0,
H000012,102,inspection_only;no_spatial_host;surface_parameters_missing,0,0,
H000012,103,inspection_only;no_spatial_host;surface_parameters_missing,0,0,
H000012,104,inspection_only;no_spatial_host;surface_parameters_missing,0,0,
H000012,105,inspection_only;no_spatial_host;surface_parameters_missing,0,0,
H000012,106,inspection_only;no_spatial_host;surface_parameters_missing,0,0,
H000012,107,inspection_only;no_spatial_host;surface_parameters_missing,0,0,
H000012,108,inspection_only;no_spatial_host;surface_parameters_missing,0,0,
H000012,109,inspection_only;no_spatial_host;surface_parameters_missing,0,0,
H000012,110,inspection_only;no_spatial_host;surface_parameters_missing,0,0,
H000012,111,inspection_only;no_spatial_host;surface_parameters_missing,0,0,
H000012,112,inspection_only;no_spatial_host;surface_parameters_missing,0,0,
H000012,113,inspection_only;no_spatial_host;surface_parameters_missing,0,0,
H000012,114,inspection_only;no_spatial_host;surface_parameters_missing,0,0,
H000012,115,inspection_only;no_spatial_host;surface_parameters_missing,0,0,
H000012,116,inspection_only;no_spatial_host;surface_parameters_missing,0,0,
H000012,117,inspection_only;no_spatial_host;surface_parameters_missing,0,0,
H000012,118,inspection_only;no_spatial_host;surface_parameters_missing,0,0,
H000012,119,inspection_only;no_spatial_host;surface_parameters_missing,0,0,
H000012,120,inspection_only;no_spatial_host;surface_parameters_missing,0,0,
H000012,121,inspection_only;no_spatial_host;surface_parameters_missing,0,0,
H000012,122,inspection_only;no_spatial_host;surface_parameters_missing,0,0,
H000012,123,inspection_only;no_spatial_host;surface_parameters_missing,0,0,
H000012,124,inspection_only;no_spatial_host;surface_parameters_missing,0,0,
H000012,125,inspection_only;no_spatial_host;surface_parameters_missing,0,0,
H000012,126,inspection_only;no_spatial_host;surface_parameters_missing,0,0,
H000012,127,inspection_only;no_spatial_host;surface_parameters_missing,0,0,
H000012,128,inspection_only;no_spatial_host;surface_parameters_missing,0,0,
H000012,129,inspection_only;no_spatial_host;surface_parameters_missing,0,0,
H000012,130,inspection_only;no_spatial_host;surface_parameters_missing,0,0,
H000012,131,inspection_only;no_spatial_host;surface_parameters_missing,0,0,
H000012,132,inspection_only;no_spatial_host;surface_parameters_missing,0,0,
H000012,133,inspection_only;no_spatial_host;surface_parameters_missing,0,0,
H000012,134,inspection_only;no_spatial_host;surface_parameters_missing,0,0,
H000012,135,inspection_only;no_spatial_host;surface_parameters_missing,0,0,
H000012,136,inspection_only;no_spatial_host;surface_parameters_missing,0,0,
H000012,137,inspection_only;no_spatial_host;surface_parameters_missing,0,0,
H000012,138,inspection_only;no_spatial_host;surface_parameters_missing,0,0,
H000012,139,inspection_only;no_spatial_host;surface_parameters_missing,0,0,
H000012,140,inspection_only;no_spatial_host;surface_parameters_missing,0,0,
H000012,141,inspection_only;no_spatial_host;surface_parameters_missing,0,0,
H000012,142,inspection_only;no_spatial_host;surface_parameters_missing,0,0,
H000012,143,inspection_only;no_spatial_host;surface_parameters_missing,0,0,
H000012,144,inspection_only;no_spatial_host;surface_parameters_missing,0,0,
H000012,145,inspection_only;no_spatial_host;surface_parameters_missing,0,0,
H000012,146,inspection_only;no_spatial_host;surface_parameters_missing,0,0,
H000012,147,inspection_only;no_spatial_host;surface_parameters_missing,0,0,
H000012,148,inspection_only;no_spatial_host;surface_parameters_missing,0,0,
H000012,149,inspection_only;no_spatial_host;surface_parameters_missing,0,0,
H000012,150,inspection_only;no_spatial_host;surface_parameters_missing,0,0,
H000012,151,inspection_only;no_spatial_host;surface_parameters_missing,0,0,
H000012,152,inspection_only;no_spatial_host;surface_parameters_missing,0,0,
H000012,153,inspection_only;no_spatial_host;surface_parameters_missing,0,0,
H000012,154,inspection_only;no_spatial_host;surface_parameters_missing,0,0,
H000012,155,inspection_only;no_spatial_host;surface_parameters_missing,0,0,
H000012,156,inspection_only;no_spatial_host;surface_parameters_missing,0,0,
H000012,157,inspection_only;no_spatial_host;surface_parameters_missing,0,0,
H000012,158,inspection_only;no_spatial_host;surface_parameters_missing,0,0,
H000012,159,inspection_only;no_spatial_host;surface_parameters_missing,0,0,
H000012,160,inspection_only;no_spatial_host;surface_parameters_missing,0,0,
H000012,161,inspection_only;no_spatial_host;surface_parameters_missing,0,0,
H000012,162,inspection_only;no_spatial_host;surface_parameters_missing,0,0,
H000012,163,inspection_only;no_spatial_host;surface_parameters_missing,0,0,
H000012,164,inspection_only;no_spatial_host;surface_parameters_missing,0,0,
H000012,165,inspection_only;no_spatial_host;surface_parameters_missing,0,0,
H000012,166,inspection_only;no_spatial_host;surface_parameters_missing,0,0,
H000012,167,inspection_only;no_spatial_host;surface_parameters_missing,0,0,
H000012,168,inspection_only;no_spatial_host;surface_parameters_missing,0,0,
H000012,169,inspection_only;no_spatial_host;surface_parameters_missing,0,0,
H000012,170,inspection_only;no_spatial_host;surface_parameters_missing,0,0,
H000012,171,inspection_only;no_spatial_host;surface_parameters_missing,0,0,
H000012,172,inspection_only;no_spatial_host;surface_parameters_missing,0,0,
H000012,173,inspection_only;no_spatial_host;surface_parameters_missing,0,0,
H000012,174,inspection_only;no_spatial_host;surface_parameters_missing,0,0,
H000012,175,inspection_only;no_spatial_host;surface_parameters_missing,0,0,
H000012,176,inspection_only;no_spatial_host;surface_parameters_missing,0,0,
H000012,177,inspection_only;no_spatial_host;surface_parameters_missing,0,0,
H000012,178,inspection_only;no_spatial_host;surface_parameters_missing,0,0,
H000012,179,inspection_only;no_spatial_host;surface_parameters_missing,0,0,
H000013,0,inspection_only;no_spatial_host;surface_parameters_missing,0,0,
H000013,1,inspection_only;no_spatial_host;surface_parameters_missing,0,0,
H000013,2,inspection_only;no_spatial_host;surface_parameters_missing,0,0,
H000013,3,inspection_only;no_spatial_host;surface_parameters_missing,0,0,
H000013,4,inspection_only;no_spatial_host;surface_parameters_missing,0,0,
H000013,5,inspection_only;no_spatial_host;surface_parameters_missing,0,0,
H000013,6,inspection_only;no_spatial_host;surface_parameters_missing,0,0,
H000013,7,inspection_only;no_spatial_host;surface_parameters_missing,0,0,
H000013,8,inspection_only;no_spatial_host;surface_parameters_missing,0,0,
H000013,9,inspection_only;no_spatial_host;surface_parameters_missing,0,0,
H000013,10,inspection_only;no_spatial_host;surface_parameters_missing,0,0,
H000013,11,inspection_only;no_spatial_host;surface_parameters_missing,0,0,
H000013,12,inspection_only;no_spatial_host;surface_parameters_missing,0,0,
H000013,13,inspection_only;no_spatial_host;surface_parameters_missing,0,0,
H000013,14,inspection_only;no_spatial_host;surface_parameters_missing,0,0,
H000013,15,inspection_only;no_spatial_host;surface_parameters_missing,0,0,
H000013,16,inspection_only;no_spatial_host;surface_parameters_missing,0,0,
H000013,17,inspection_only;no_spatial_host;surface_parameters_missing,0,0,
H000013,18,inspection_only;no_spatial_host;surface_parameters_missing,0,0,
H000013,19,inspection_only;no_spatial_host;surface_parameters_missing,0,0,
H000013,20,inspection_only;no_spatial_host;surface_parameters_missing,0,0,
H000013,21,inspection_only;no_spatial_host;surface_parameters_missing,0,0,
H000013,22,inspection_only;no_spatial_host;surface_parameters_missing,0,0,
H000013,23,inspection_only;no_spatial_host;surface_parameters_missing,0,0,
H000013,24,inspection_only;no_spatial_host;surface_parameters_missing,0,0,
H000013,25,inspection_only;no_spatial_host;surface_parameters_missing,0,0,
H000013,26,inspection_only;no_spatial_host;surface_parameters_missing,0,0,
H000013,27,inspection_only;no_spatial_host;surface_parameters_missing,0,0,
H000013,28,inspection_only;no_spatial_host;surface_parameters_missing,0,0,
H000013,29,inspection_only;no_spatial_host;surface_parameters_missing,0,0,
H000013,30,inspection_only;no_spatial_host;surface_parameters_missing,0,0,
H000013,31,inspection_only;no_spatial_host;surface_parameters_missing,0,0,
H000013,32,inspection_only;no_spatial_host;surface_parameters_missing,0,0,
H000013,33,inspection_only;no_spatial_host;surface_parameters_missing,0,0,
H000013,34,inspection_only;no_spatial_host;surface_parameters_missing,0,0,
H000013,35,inspection_only;no_spatial_host;surface_parameters_missing,0,0,
H000013,36,inspection_only;no_spatial_host;surface_parameters_missing,0,0,
H000013,37,inspection_only;no_spatial_host;surface_parameters_missing,0,0,
H000013,38,inspection_only;no_spatial_host;surface_parameters_missing,0,0,
H000013,39,inspection_only;no_spatial_host;surface_parameters_missing,0,0,
H000013,40,inspection_only;no_spatial_host;surface_parameters_missing,0,0,
H000013,41,inspection_only;no_spatial_host;surface_parameters_missing,0,0,
H000013,42,inspection_only;no_spatial_host;surface_parameters_missing,0,0,
H000013,43,inspection_only;no_spatial_host;surface_parameters_missing,0,0,
H000013,44,inspection_only;no_spatial_host;surface_parameters_missing,0,0,
H000013,45,inspection_only;no_spatial_host;surface_parameters_missing,0,0,
H000013,46,inspection_only;no_spatial_host;surface_parameters_missing,0,0,
H000013,47,inspection_only;no_spatial_host;surface_parameters_missing,0,0,
H000013,48,inspection_only;no_spatial_host;surface_parameters_missing,0,0,
H000013,49,inspection_only;no_spatial_host;surface_parameters_missing,0,0,
H000013,50,inspection_only;no_spatial_host;surface_parameters_missing,0,0,
H000013,51,inspection_only;no_spatial_host;surface_parameters_missing,0,0,
H000013,52,inspection_only;no_spatial_host;surface_parameters_missing,0,0,
H000013,53,inspection_only;no_spatial_host;surface_parameters_missing,0,0,
H000013,54,inspection_only;no_spatial_host;surface_parameters_missing,0,0,
H000013,55,inspection_only;no_spatial_host;surface_parameters_missing,0,0,
H000013,56,inspection_only;no_spatial_host;surface_parameters_missing,0,0,
H000013,57,inspection_only;no_spatial_host;surface_parameters_missing,0,0,
H000013,58,inspection_only;no_spatial_host;surface_parameters_missing,0,0,
H000013,59,inspection_only;no_spatial_host;surface_parameters_missing,0,0,
H000013,60,inspection_only;no_spatial_host;surface_parameters_missing,0,0,
H000013,61,inspection_only;no_spatial_host;surface_parameters_missing,0,0,
H000013,62,inspection_only;no_spatial_host;surface_parameters_missing,0,0,
H000013,63,inspection_only;no_spatial_host;surface_parameters_missing,0,0,
H000013,64,inspection_only;no_spatial_host;surface_parameters_missing,0,0,
H000013,65,inspection_only;no_spatial_host;surface_parameters_missing,0,0,
H000013,66,inspection_only;no_spatial_host;surface_parameters_missing,0,0,
H000013,67,inspection_only;no_spatial_host;surface_parameters_missing,0,0,
H000013,68,inspection_only;no_spatial_host;surface_parameters_missing,0,0,
H000013,69,inspection_only;no_spatial_host;surface_parameters_missing,0,0,
H000013,70,inspection_only;no_spatial_host;surface_parameters_missing,0,0,
H000013,71,inspection_only;no_spatial_host;surface_parameters_missing,0,0,
H000013,72,inspection_only;no_spatial_host;surface_parameters_missing,0,0,
H000013,73,inspection_only;no_spatial_host;surface_parameters_missing,0,0,
H000013,74,inspection_only;no_spatial_host;surface_parameters_missing,0,0,
H000013,75,inspection_only;no_spatial_host;surface_parameters_missing,0,0,
H000013,76,inspection_only;no_spatial_host;surface_parameters_missing,0,0,
H000013,77,inspection_only;no_spatial_host;surface_parameters_missing,0,0,
H000013,78,inspection_only;no_spatial_host;surface_parameters_missing,0,0,
H000013,79,inspection_only;no_spatial_host;surface_parameters_missing,0,0,
H000013,80,inspection_only;no_spatial_host;surface_parameters_missing,0,0,
H000013,81,inspection_only;no_spatial_host;surface_parameters_missing,0,0,
H000013,82,inspection_only;no_spatial_host;surface_parameters_missing,0,0,
H000013,83,inspection_only;no_spatial_host;surface_parameters_missing,0,0,
H000013,84,inspection_only;no_spatial_host;surface_parameters_missing,0,0,
H000013,85,inspection_only;no_spatial_host;surface_parameters_missing,0,0,
H000013,86,inspection_only;no_spatial_host;surface_parameters_missing,0,0,
H000013,87,inspection_only;no_spatial_host;surface_parameters_missing,0,0,
H000013,88,inspection_only;no_spatial_host;surface_parameters_missing,0,0,
H000013,89,inspection_only;no_spatial_host;surface_parameters_missing,0,0,
H000013,90,inspection_only;no_spatial_host;surface_parameters_missing,0,0,
H000013,91,inspection_only;no_spatial_host;surface_parameters_missing,0,0,
H000013,92,inspection_only;no_spatial_host;surface_parameters_missing,0,0,
H000013,93,inspection_only;no_spatial_host;surface_parameters_missing,0,0,
H000013,94,inspection_only;no_spatial_host;surface_parameters_missing,0,0,
H000013,95,inspection_only;no_spatial_host;surface_parameters_missing,0,0,
H000013,96,inspection_only;no_spatial_host;surface_parameters_missing,0,0,
H000013,97,inspection_only;no_spatial_host;surface_parameters_missing,0,0,
H000013,98,inspection_only;no_spatial_host;surface_parameters_missing,0,0,
H000013,99,inspection_only;no_spatial_host;surface_parameters_missing,0,0,
H000013,100,inspection_only;no_spatial_host;surface_parameters_missing,0,0,
H000013,101,inspection_only;no_spatial_host;surface_parameters_missing,0,0,
H000013,102,inspection_only;no_spatial_host;surface_parameters_missing,0,0,
H000013,103,inspection_only;no_spatial_host;surface_parameters_missing,0,0,
H000013,104,inspection_only;no_spatial_host;surface_parameters_missing,0,0,
H000013,105,inspection_only;no_spatial_host;surface_parameters_missing,0,0,
H000013,106,inspection_only;no_spatial_host;surface_parameters_missing,0,0,
H000013,107,inspection_only;no_spatial_host;surface_parameters_missing,0,0,
H000013,108,inspection_only;no_spatial_host;surface_parameters_missing,0,0,
H000013,109,inspection_only;no_spatial_host;surface_parameters_missing,0,0,
H000013,110,inspection_only;no_spatial_host;surface_parameters_missing,0,0,
H000013,111,inspection_only;no_spatial_host;surface_parameters_missing,0,0,
H000013,112,inspection_only;no_spatial_host;surface_parameters_missing,0,0,
H000013,113,inspection_only;no_spatial_host;surface_parameters_missing,0,0,
H000013,114,inspection_only;no_spatial_host;surface_parameters_missing,0,0,
H000013,115,inspection_only;no_spatial_host;surface_parameters_missing,0,0,
H000013,116,inspection_only;no_spatial_host;surface_parameters_missing,0,0,
H000013,117,inspection_only;no_spatial_host;surface_parameters_missing,0,0,
H000013,118,inspection_only;no_spatial_host;surface_parameters_missing,0,0,
H000013,119,inspection_only;no_spatial_host;surface_parameters_missing,0,0,
H000013,120,inspection_only;no_spatial_host;surface_parameters_missing,0,0,
H000013,121,inspection_only;no_spatial_host;surface_parameters_missing,0,0,
H000013,122,inspection_only;no_spatial_host;surface_parameters_missing,0,0,
H000013,123,inspection_only;no_spatial_host;surface_parameters_missing,0,0,
H000013,124,inspection_only;no_spatial_host;surface_parameters_missing,0,0,
H000013,125,inspection_only;no_spatial_host;surface_parameters_missing,0,0,
H000013,126,inspection_only;no_spatial_host;surface_parameters_missing,0,0,
H000013,127,inspection_only;no_spatial_host;surface_parameters_missing,0,0,
H000013,128,inspection_only;no_spatial_host;surface_parameters_missing,0,0,
H000013,129,inspection_only;no_spatial_host;surface_parameters_missing,0,0,
H000013,130,inspection_only;no_spatial_host;surface_parameters_missing,0,0,
H000013,131,inspection_only;no_spatial_host;surface_parameters_missing,0,0,
H000013,132,inspection_only;no_spatial_host;surface_parameters_missing,0,0,
H000013,133,inspection_only;no_spatial_host;surface_parameters_missing,0,0,
H000013,134,inspection_only;no_spatial_host;surface_parameters_missing,0,0,
H000013,135,inspection_only;no_spatial_host;surface_parameters_missing,0,0,
H000013,136,inspection_only;no_spatial_host;surface_parameters_missing,0,0,
H000013,137,inspection_only;no_spatial_host;surface_parameters_missing,0,0,
H000013,138,inspection_only;no_spatial_host;surface_parameters_missing,0,0,
H000013,139,inspection_only;no_spatial_host;surface_parameters_missing,0,0,
H000013,140,inspection_only;no_spatial_host;surface_parameters_missing,0,0,
H000013,141,inspection_only;no_spatial_host;surface_parameters_missing,0,0,
H000013,142,inspection_only;no_spatial_host;surface_parameters_missing,0,0,
H000013,143,inspection_only;no_spatial_host;surface_parameters_missing,0,0,
H000013,144,inspection_only;no_spatial_host;surface_parameters_missing,0,0,
H000013,145,inspection_only;no_spatial_host;surface_parameters_missing,0,0,
H000013,146,inspection_only;no_spatial_host;surface_parameters_missing,0,0,
H000013,147,inspection_only;no_spatial_host;surface_parameters_missing,0,0,
H000013,148,inspection_only;no_spatial_host;surface_parameters_missing,0,0,
H000013,149,inspection_only;no_spatial_host;surface_parameters_missing,0,0,
H000013,150,inspection_only;no_spatial_host;surface_parameters_missing,0,0,
H000013,151,inspection_only;no_spatial_host;surface_parameters_missing,0,0,
H000013,152,inspection_only;no_spatial_host;surface_parameters_missing,0,0,
H000013,153,inspection_only;no_spatial_host;surface_parameters_missing,0,0,
H000013,154,inspection_only;no_spatial_host;surface_parameters_missing,0,0,
H000013,155,inspection_only;no_spatial_host;surface_parameters_missing,0,0,
H000013,156,inspection_only;no_spatial_host;surface_parameters_missing,0,0,
H000013,157,inspection_only;no_spatial_host;surface_parameters_missing,0,0,
H000013,158,inspection_only;no_spatial_host;surface_parameters_missing,0,0,
H000013,159,inspection_only;no_spatial_host;surface_parameters_missing,0,0,
H000013,160,inspection_only;no_spatial_host;surface_parameters_missing,0,0,
H000013,161,inspection_only;no_spatial_host;surface_parameters_missing,0,0,
H000013,162,inspection_only;no_spatial_host;surface_parameters_missing,0,0,
H000013,163,inspection_only;no_spatial_host;surface_parameters_missing,0,0,
H000013,164,inspection_only;no_spatial_host;surface_parameters_missing,0,0,
H000013,165,inspection_only;no_spatial_host;surface_parameters_missing,0,0,
H000013,166,inspection_only;no_spatial_host;surface_parameters_missing,0,0,
H000013,167,inspection_only;no_spatial_host;surface_parameters_missing,0,0,
H000013,168,inspection_only;no_spatial_host;surface_parameters_missing,0,0,
H000013,169,inspection_only;no_spatial_host;surface_parameters_missing,0,0,
H000013,170,inspection_only;no_spatial_host;surface_parameters_missing,0,0,
H000013,171,inspection_only;no_spatial_host;surface_parameters_missing,0,0,
H000013,172,inspection_only;no_spatial_host;surface_parameters_missing,0,0,
H000013,173,inspection_only;no_spatial_host;surface_parameters_missing,0,0,
H000013,174,inspection_only;no_spatial_host;surface_parameters_missing,0,0,
H000013,175,inspection_only;no_spatial_host;surface_parameters_missing,0,0,
H000013,176,inspection_only;no_spatial_host;surface_parameters_missing,0,0,
H000013,177,inspection_only;no_spatial_host;surface_parameters_missing,0,0,
H000013,178,inspection_only;no_spatial_host;surface_parameters_missing,0,0,
H000013,179,inspection_only;no_spatial_host;surface_parameters_missing,0,0,
H000014,0,inspection_only;no_spatial_host;surface_parameters_missing,0,0,
H000014,1,inspection_only;no_spatial_host;surface_parameters_missing,0,0,
H000014,2,inspection_only;no_spatial_host;surface_parameters_missing,0,0,
H000014,3,inspection_only;no_spatial_host;surface_parameters_missing,0,0,
H000014,4,inspection_only;no_spatial_host;surface_parameters_missing,0,0,
H000014,5,inspection_only;no_spatial_host;surface_parameters_missing,0,0,
H000014,6,inspection_only;no_spatial_host;surface_parameters_missing,0,0,
H000014,7,inspection_only;no_spatial_host;surface_parameters_missing,0,0,
H000014,8,inspection_only;no_spatial_host;surface_parameters_missing,0,0,
H000014,9,inspection_only;no_spatial_host;surface_parameters_missing,0,0,
H000014,10,inspection_only;no_spatial_host;surface_parameters_missing,0,0,
H000014,11,inspection_only;no_spatial_host;surface_parameters_missing,0,0,
H000014,12,inspection_only;no_spatial_host;surface_parameters_missing,0,0,
H000014,13,inspection_only;no_spatial_host;surface_parameters_missing,0,0,
H000014,14,inspection_only;no_spatial_host;surface_parameters_missing,0,0,
H000014,15,inspection_only;no_spatial_host;surface_parameters_missing,0,0,
H000014,16,inspection_only;no_spatial_host;surface_parameters_missing,0,0,
H000014,17,inspection_only;no_spatial_host;surface_parameters_missing,0,0,
H000014,18,inspection_only;no_spatial_host;surface_parameters_missing,0,0,
H000014,19,inspection_only;no_spatial_host;surface_parameters_missing,0,0,
H000014,20,inspection_only;no_spatial_host;surface_parameters_missing,0,0,
H000014,21,inspection_only;no_spatial_host;surface_parameters_missing,0,0,
H000014,22,inspection_only;no_spatial_host;surface_parameters_missing,0,0,
H000014,23,inspection_only;no_spatial_host;surface_parameters_missing,0,0,
H000014,24,inspection_only;no_spatial_host;surface_parameters_missing,0,0,
H000014,25,inspection_only;no_spatial_host;surface_parameters_missing,0,0,
H000014,26,inspection_only;no_spatial_host;surface_parameters_missing,0,0,
H000014,27,inspection_only;no_spatial_host;surface_parameters_missing,0,0,
H000014,28,inspection_only;no_spatial_host;surface_parameters_missing,0,0,
H000014,29,inspection_only;no_spatial_host;surface_parameters_missing,0,0,
H000014,30,inspection_only;no_spatial_host;surface_parameters_missing,0,0,
H000014,31,inspection_only;no_spatial_host;surface_parameters_missing,0,0,
H000014,32,inspection_only;no_spatial_host;surface_parameters_missing,0,0,
H000014,33,inspection_only;no_spatial_host;surface_parameters_missing,0,0,
H000014,34,inspection_only;no_spatial_host;surface_parameters_missing,0,0,
H000014,35,inspection_only;no_spatial_host;surface_parameters_missing,0,0,
H000014,36,inspection_only;no_spatial_host;surface_parameters_missing,0,0,
H000014,37,inspection_only;no_spatial_host;surface_parameters_missing,0,0,
H000014,38,inspection_only;no_spatial_host;surface_parameters_missing,0,0,
H000014,39,inspection_only;no_spatial_host;surface_parameters_missing,0,0,
H000014,40,inspection_only;no_spatial_host;surface_parameters_missing,0,0,
H000014,41,inspection_only;no_spatial_host;surface_parameters_missing,0,0,
H000014,42,inspection_only;no_spatial_host;surface_parameters_missing,0,0,
H000014,43,inspection_only;no_spatial_host;surface_parameters_missing,0,0,
H000014,44,inspection_only;no_spatial_host;surface_parameters_missing,0,0,
H000014,45,inspection_only;no_spatial_host;surface_parameters_missing,0,0,
H000014,46,inspection_only;no_spatial_host;surface_parameters_missing,0,0,
H000014,47,inspection_only;no_spatial_host;surface_parameters_missing,0,0,
H000014,48,inspection_only;no_spatial_host;surface_parameters_missing,0,0,
H000014,49,inspection_only;no_spatial_host;surface_parameters_missing,0,0,
H000014,50,inspection_only;no_spatial_host;surface_parameters_missing,0,0,
H000014,51,inspection_only;no_spatial_host;surface_parameters_missing,0,0,
H000014,52,inspection_only;no_spatial_host;surface_parameters_missing,0,0,
H000014,53,inspection_only;no_spatial_host;surface_parameters_missing,0,0,
H000014,54,inspection_only;no_spatial_host;surface_parameters_missing,0,0,
H000014,55,inspection_only;no_spatial_host;surface_parameters_missing,0,0,
H000014,56,inspection_only;no_spatial_host;surface_parameters_missing,0,0,
H000014,57,inspection_only;no_spatial_host;surface_parameters_missing,0,0,
H000014,58,inspection_only;no_spatial_host;surface_parameters_missing,0,0,
H000014,59,inspection_only;no_spatial_host;surface_parameters_missing,0,0,
H000014,60,inspection_only;no_spatial_host;surface_parameters_missing,0,0,
H000014,61,inspection_only;no_spatial_host;surface_parameters_missing,0,0,
H000014,62,inspection_only;no_spatial_host;surface_parameters_missing,0,0,
H000014,63,inspection_only;no_spatial_host;surface_parameters_missing,0,0,
H000014,64,inspection_only;no_spatial_host;surface_parameters_missing,0,0,
H000014,65,inspection_only;no_spatial_host;surface_parameters_missing,0,0,
H000014,66,inspection_only;no_spatial_host;surface_parameters_missing,0,0,
H000014,67,inspection_only;no_spatial_host;surface_parameters_missing,0,0,
H000014,68,inspection_only;no_spatial_host;surface_parameters_missing,0,0,
H000014,69,inspection_only;no_spatial_host;surface_parameters_missing,0,0,
H000014,70,inspection_only;no_spatial_host;surface_parameters_missing,0,0,
H000014,71,inspection_only;no_spatial_host;surface_parameters_missing,0,0,
H000014,72,inspection_only;no_spatial_host;surface_parameters_missing,0,0,
H000014,73,inspection_only;no_spatial_host;surface_parameters_missing,0,0,
H000014,74,inspection_only;no_spatial_host;surface_parameters_missing,0,0,
H000014,75,inspection_only;no_spatial_host;surface_parameters_missing,0,0,
H000014,76,inspection_only;no_spatial_host;surface_parameters_missing,0,0,
H000014,77,inspection_only;no_spatial_host;surface_parameters_missing,0,0,
H000014,78,inspection_only;no_spatial_host;surface_parameters_missing,0,0,
H000014,79,inspection_only;no_spatial_host;surface_parameters_missing,0,0,
H000014,80,inspection_only;no_spatial_host;surface_parameters_missing,0,0,
H000014,81,inspection_only;no_spatial_host;surface_parameters_missing,0,0,
H000014,82,inspection_only;no_spatial_host;surface_parameters_missing,0,0,
H000014,83,inspection_only;no_spatial_host;surface_parameters_missing,0,0,
H000014,84,inspection_only;no_spatial_host;surface_parameters_missing,0,0,
H000014,85,inspection_only;no_spatial_host;surface_parameters_missing,0,0,
H000014,86,inspection_only;no_spatial_host;surface_parameters_missing,0,0,
H000014,87,inspection_only;no_spatial_host;surface_parameters_missing,0,0,
H000014,88,inspection_only;no_spatial_host;surface_parameters_missing,0,0,
H000014,89,inspection_only;no_spatial_host;surface_parameters_missing,0,0,
H000014,90,inspection_only;no_spatial_host;surface_parameters_missing,0,0,
H000014,91,inspection_only;no_spatial_host;surface_parameters_missing,0,0,
H000014,92,inspection_only;no_spatial_host;surface_parameters_missing,0,0,
H000014,93,inspection_only;no_spatial_host;surface_parameters_missing,0,0,
H000014,94,inspection_only;no_spatial_host;surface_parameters_missing,0,0,
H000014,95,inspection_only;no_spatial_host;surface_parameters_missing,0,0,
H000014,96,inspection_only;no_spatial_host;surface_parameters_missing,0,0,
H000014,97,inspection_only;no_spatial_host;surface_parameters_missing,0,0,
H000014,98,inspection_only;no_spatial_host;surface_parameters_missing,0,0,
H000014,99,inspection_only;no_spatial_host;surface_parameters_missing,0,0,
H000014,100,inspection_only;no_spatial_host;surface_parameters_missing,0,0,
H000014,101,inspection_only;no_spatial_host;surface_parameters_missing,0,0,
H000014,102,inspection_only;no_spatial_host;surface_parameters_missing,0,0,
H000014,103,inspection_only;no_spatial_host;surface_parameters_missing,0,0,
H000014,104,inspection_only;no_spatial_host;surface_parameters_missing,0,0,
H000014,105,inspection_only;no_spatial_host;surface_parameters_missing,0,0,
H000014,106,inspection_only;no_spatial_host;surface_parameters_missing,0,0,
H000014,107,inspection_only;no_spatial_host;surface_parameters_missing,0,0,
H000014,108,inspection_only;no_spatial_host;surface_parameters_missing,0,0,
H000014,109,inspection_only;no_spatial_host;surface_parameters_missing,0,0,
H000014,110,inspection_only;no_spatial_host;surface_parameters_missing,0,0,
H000014,111,inspection_only;no_spatial_host;surface_parameters_missing,0,0,
H000014,112,inspection_only;no_spatial_host;surface_parameters_missing,0,0,
H000014,113,inspection_only;no_spatial_host;surface_parameters_missing,0,0,
H000014,114,inspection_only;no_spatial_host;surface_parameters_missing,0,0,
H000014,115,inspection_only;no_spatial_host;surface_parameters_missing,0,0,
H000014,116,inspection_only;no_spatial_host;surface_parameters_missing,0,0,
H000014,117,inspection_only;no_spatial_host;surface_parameters_missing,0,0,
H000014,118,inspection_only;no_spatial_host;surface_parameters_missing,0,0,
H000014,119,inspection_only;no_spatial_host;surface_parameters_missing,0,0,
H000014,120,inspection_only;no_spatial_host;surface_parameters_missing,0,0,
H000014,121,inspection_only;no_spatial_host;surface_parameters_missing,0,0,
H000014,122,inspection_only;no_spatial_host;surface_parameters_missing,0,0,
H000014,123,inspection_only;no_spatial_host;surface_parameters_missing,0,0,
H000014,124,inspection_only;no_spatial_host;surface_parameters_missing,0,0,
H000014,125,inspection_only;no_spatial_host;surface_parameters_missing,0,0,
H000014,126,inspection_only;no_spatial_host;surface_parameters_missing,0,0,
H000014,127,inspection_only;no_spatial_host;surface_parameters_missing,0,0,
H000014,128,inspection_only;no_spatial_host;surface_parameters_missing,0,0,
H000014,129,inspection_only;no_spatial_host;surface_parameters_missing,0,0,
H000014,130,inspection_only;no_spatial_host;surface_parameters_missing,0,0,
H000014,131,inspection_only;no_spatial_host;surface_parameters_missing,0,0,
H000014,132,inspection_only;no_spatial_host;surface_parameters_missing,0,0,
H000014,133,inspection_only;no_spatial_host;surface_parameters_missing,0,0,
H000014,134,inspection_only;no_spatial_host;surface_parameters_missing,0,0,
H000014,135,inspection_only;no_spatial_host;surface_parameters_missing,0,0,
H000014,136,inspection_only;no_spatial_host;surface_parameters_missing,0,0,
H000014,137,inspection_only;no_spatial_host;surface_parameters_missing,0,0,
H000014,138,inspection_only;no_spatial_host;surface_parameters_missing,0,0,
H000014,139,inspection_only;no_spatial_host;surface_parameters_missing,0,0,
H000014,140,inspection_only;no_spatial_host;surface_parameters_missing,0,0,
H000014,141,inspection_only;no_spatial_host;surface_parameters_missing,0,0,
H000014,142,inspection_only;no_spatial_host;surface_parameters_missing,0,0,
H000014,143,inspection_only;no_spatial_host;surface_parameters_missing,0,0,
H000014,144,inspection_only;no_spatial_host;surface_parameters_missing,0,0,
H000014,145,inspection_only;no_spatial_host;surface_parameters_missing,0,0,
H000014,146,inspection_only;no_spatial_host;surface_parameters_missing,0,0,
H000014,147,inspection_only;no_spatial_host;surface_parameters_missing,0,0,
H000014,148,inspection_only;no_spatial_host;surface_parameters_missing,0,0,
H000014,149,inspection_only;no_spatial_host;surface_parameters_missing,0,0,
H000014,150,inspection_only;no_spatial_host;surface_parameters_missing,0,0,
H000014,151,inspection_only;no_spatial_host;surface_parameters_missing,0,0,
H000014,152,inspection_only;no_spatial_host;surface_parameters_missing,0,0,
H000014,153,inspection_only;no_spatial_host;surface_parameters_missing,0,0,
H000014,154,inspection_only;no_spatial_host;surface_parameters_missing,0,0,
H000014,155,inspection_only;no_spatial_host;surface_parameters_missing,0,0,
H000014,156,inspection_only;no_spatial_host;surface_parameters_missing,0,0,
H000014,157,inspection_only;no_spatial_host;surface_parameters_missing,0,0,
H000014,158,inspection_only;no_spatial_host;surface_parameters_missing,0,0,
H000014,159,inspection_only;no_spatial_host;surface_parameters_missing,0,0,
H000014,160,inspection_only;no_spatial_host;surface_parameters_missing,0,0,
H000014,161,inspection_only;no_spatial_host;surface_parameters_missing,0,0,
H000014,162,inspection_only;no_spatial_host;surface_parameters_missing,0,0,
H000014,163,inspection_only;no_spatial_host;surface_parameters_missing,0,0,
H000014,164,inspection_only;no_spatial_host;surface_parameters_missing,0,0,
H000014,165,inspection_only;no_spatial_host;surface_parameters_missing,0,0,
H000014,166,inspection_only;no_spatial_host;surface_parameters_missing,0,0,
H000014,167,inspection_only;no_spatial_host;surface_parameters_missing,0,0,
H000014,168,inspection_only;no_spatial_host;surface_parameters_missing,0,0,
H000014,169,inspection_only;no_spatial_host;surface_parameters_missing,0,0,
H000014,170,inspection_only;no_spatial_host;surface_parameters_missing,0,0,
H000014,171,inspection_only;no_spatial_host;surface_parameters_missing,0,0,
H000014,172,inspection_only;no_spatial_host;surface_parameters_missing,0,0,
H000014,173,inspection_only;no_spatial_host;surface_parameters_missing,0,0,
H000014,174,inspection_only;no_spatial_host;surface_parameters_missing,0,0,
H000014,175,inspection_only;no_spatial_host;surface_parameters_missing,0,0,
H000014,176,inspection_only;no_spatial_host;surface_parameters_missing,0,0,
H000014,177,inspection_only;no_spatial_host;surface_parameters_missing,0,0,
H000014,178,inspection_only;no_spatial_host;surface_parameters_missing,0,0,
H000014,179,inspection_only;no_spatial_host;surface_parameters_missing,0,0,
H000015,0,inspection_only;no_spatial_host;surface_parameters_missing,0,0,
H000015,1,inspection_only;no_spatial_host;surface_parameters_missing,0,0,
H000015,2,inspection_only;no_spatial_host;surface_parameters_missing,0,0,
H000015,3,inspection_only;no_spatial_host;surface_parameters_missing,0,0,
H000015,4,inspection_only;no_spatial_host;surface_parameters_missing,0,0,
H000015,5,inspection_only;no_spatial_host;surface_parameters_missing,0,0,
H000015,6,inspection_only;no_spatial_host;surface_parameters_missing,0,0,
H000015,7,inspection_only;no_spatial_host;surface_parameters_missing,0,0,
H000015,8,inspection_only;no_spatial_host;surface_parameters_missing,0,0,
H000015,9,inspection_only;no_spatial_host;surface_parameters_missing,0,0,
H000015,10,inspection_only;no_spatial_host;surface_parameters_missing,0,0,
H000015,11,inspection_only;no_spatial_host;surface_parameters_missing,0,0,
H000015,12,inspection_only;no_spatial_host;surface_parameters_missing,0,0,
H000015,13,inspection_only;no_spatial_host;surface_parameters_missing,0,0,
H000015,14,inspection_only;no_spatial_host;surface_parameters_missing,0,0,
H000015,15,inspection_only;no_spatial_host;surface_parameters_missing,0,0,
H000015,16,inspection_only;no_spatial_host;surface_parameters_missing,0,0,
H000015,17,inspection_only;no_spatial_host;surface_parameters_missing,0,0,
H000015,18,inspection_only;no_spatial_host;surface_parameters_missing,0,0,
H000015,19,inspection_only;no_spatial_host;surface_parameters_missing,0,0,
H000015,20,inspection_only;no_spatial_host;surface_parameters_missing,0,0,
H000015,21,inspection_only;no_spatial_host;surface_parameters_missing,0,0,
H000015,22,inspection_only;no_spatial_host;surface_parameters_missing,0,0,
H000015,23,inspection_only;no_spatial_host;surface_parameters_missing,0,0,
H000015,24,inspection_only;no_spatial_host;surface_parameters_missing,0,0,
H000015,25,inspection_only;no_spatial_host;surface_parameters_missing,0,0,
H000015,26,inspection_only;no_spatial_host;surface_parameters_missing,0,0,
H000015,27,inspection_only;no_spatial_host;surface_parameters_missing,0,0,
H000015,28,inspection_only;no_spatial_host;surface_parameters_missing,0,0,
H000015,29,inspection_only;no_spatial_host;surface_parameters_missing,0,0,
H000015,30,inspection_only;no_spatial_host;surface_parameters_missing,0,0,
H000015,31,inspection_only;no_spatial_host;surface_parameters_missing,0,0,
H000015,32,inspection_only;no_spatial_host;surface_parameters_missing,0,0,
H000015,33,inspection_only;no_spatial_host;surface_parameters_missing,0,0,
H000015,34,inspection_only;no_spatial_host;surface_parameters_missing,0,0,
H000015,35,inspection_only;no_spatial_host;surface_parameters_missing,0,0,
H000015,36,inspection_only;no_spatial_host;surface_parameters_missing,0,0,
H000015,37,inspection_only;no_spatial_host;surface_parameters_missing,0,0,
H000015,38,inspection_only;no_spatial_host;surface_parameters_missing,0,0,
H000015,39,inspection_only;no_spatial_host;surface_parameters_missing,0,0,
H000015,40,inspection_only;no_spatial_host;surface_parameters_missing,0,0,
H000015,41,inspection_only;no_spatial_host;surface_parameters_missing,0,0,
H000015,42,inspection_only;no_spatial_host;surface_parameters_missing,0,0,
H000015,43,inspection_only;no_spatial_host;surface_parameters_missing,0,0,
H000015,44,inspection_only;no_spatial_host;surface_parameters_missing,0,0,
H000015,45,inspection_only;no_spatial_host;surface_parameters_missing,0,0,
H000015,46,inspection_only;no_spatial_host;surface_parameters_missing,0,0,
H000015,47,inspection_only;no_spatial_host;surface_parameters_missing,0,0,
H000015,48,inspection_only;no_spatial_host;surface_parameters_missing,0,0,
H000015,49,inspection_only;no_spatial_host;surface_parameters_missing,0,0,
H000015,50,inspection_only;no_spatial_host;surface_parameters_missing,0,0,
H000015,51,inspection_only;no_spatial_host;surface_parameters_missing,0,0,
H000015,52,inspection_only;no_spatial_host;surface_parameters_missing,0,0,
H000015,53,inspection_only;no_spatial_host;surface_parameters_missing,0,0,
H000015,54,inspection_only;no_spatial_host;surface_parameters_missing,0,0,
H000015,55,inspection_only;no_spatial_host;surface_parameters_missing,0,0,
H000015,56,inspection_only;no_spatial_host;surface_parameters_missing,0,0,
H000015,57,inspection_only;no_spatial_host;surface_parameters_missing,0,0,
H000015,58,inspection_only;no_spatial_host;surface_parameters_missing,0,0,
H000015,59,inspection_only;no_spatial_host;surface_parameters_missing,0,0,
H000015,60,inspection_only;no_spatial_host;surface_parameters_missing,0,0,
H000015,61,inspection_only;no_spatial_host;surface_parameters_missing,0,0,
H000015,62,inspection_only;no_spatial_host;surface_parameters_missing,0,0,
H000015,63,inspection_only;no_spatial_host;surface_parameters_missing,0,0,
H000015,64,inspection_only;no_spatial_host;surface_parameters_missing,0,0,
H000015,65,inspection_only;no_spatial_host;surface_parameters_missing,0,0,
H000015,66,inspection_only;no_spatial_host;surface_parameters_missing,0,0,
H000015,67,inspection_only;no_spatial_host;surface_parameters_missing,0,0,
H000015,68,inspection_only;no_spatial_host;surface_parameters_missing,0,0,
H000015,69,inspection_only;no_spatial_host;surface_parameters_missing,0,0,
H000015,70,inspection_only;no_spatial_host;surface_parameters_missing,0,0,
H000015,71,inspection_only;no_spatial_host;surface_parameters_missing,0,0,
H000015,72,inspection_only;no_spatial_host;surface_parameters_missing,0,0,
H000015,73,inspection_only;no_spatial_host;surface_parameters_missing,0,0,
H000015,74,inspection_only;no_spatial_host;surface_parameters_missing,0,0,
H000015,75,inspection_only;no_spatial_host;surface_parameters_missing,0,0,
H000015,76,inspection_only;no_spatial_host;surface_parameters_missing,0,0,
H000015,77,inspection_only;no_spatial_host;surface_parameters_missing,0,0,
H000015,78,inspection_only;no_spatial_host;surface_parameters_missing,0,0,
H000015,79,inspection_only;no_spatial_host;surface_parameters_missing,0,0,
H000015,80,inspection_only;no_spatial_host;surface_parameters_missing,0,0,
H000015,81,inspection_only;no_spatial_host;surface_parameters_missing,0,0,
H000015,82,inspection_only;no_spatial_host;surface_parameters_missing,0,0,
H000015,83,inspection_only;no_spatial_host;surface_parameters_missing,0,0,
H000015,84,inspection_only;no_spatial_host;surface_parameters_missing,0,0,
H000015,85,inspection_only;no_spatial_host;surface_parameters_missing,0,0,
H000015,86,inspection_only;no_spatial_host;surface_parameters_missing,0,0,
H000015,87,inspection_only;no_spatial_host;surface_parameters_missing,0,0,
H000015,88,inspection_only;no_spatial_host;surface_parameters_missing,0,0,
H000015,89,inspection_only;no_spatial_host;surface_parameters_missing,0,0,
H000015,90,inspection_only;no_spatial_host;surface_parameters_missing,0,0,
H000015,91,inspection_only;no_spatial_host;surface_parameters_missing,0,0,
H000015,92,inspection_only;no_spatial_host;surface_parameters_missing,0,0,
H000015,93,inspection_only;no_spatial_host;surface_parameters_missing,0,0,
H000015,94,inspection_only;no_spatial_host;surface_parameters_missing,0,0,
H000015,95,inspection_only;no_spatial_host;surface_parameters_missing,0,0,
H000015,96,inspection_only;no_spatial_host;surface_parameters_missing,0,0,
H000015,97,inspection_only;no_spatial_host;surface_parameters_missing,0,0,
H000015,98,inspection_only;no_spatial_host;surface_parameters_missing,0,0,
H000015,99,inspection_only;no_spatial_host;surface_parameters_missing,0,0,
H000015,100,inspection_only;no_spatial_host;surface_parameters_missing,0,0,
H000015,101,inspection_only;no_spatial_host;surface_parameters_missing,0,0,
H000015,102,inspection_only;no_spatial_host;surface_parameters_missing,0,0,
H000015,103,inspection_only;no_spatial_host;surface_parameters_missing,0,0,
H000015,104,inspection_only;no_spatial_host;surface_parameters_missing,0,0,
H000015,105,inspection_only;no_spatial_host;surface_parameters_missing,0,0,
H000015,106,inspection_only;no_spatial_host;surface_parameters_missing,0,0,
H000015,107,inspection_only;no_spatial_host;surface_parameters_missing,0,0,
H000015,108,inspection_only;no_spatial_host;surface_parameters_missing,0,0,
H000015,109,inspection_only;no_spatial_host;surface_parameters_missing,0,0,
H000015,110,inspection_only;no_spatial_host;surface_parameters_missing,0,0,
H000015,111,inspection_only;no_spatial_host;surface_parameters_missing,0,0,
H000015,112,inspection_only;no_spatial_host;surface_parameters_missing,0,0,
H000015,113,inspection_only;no_spatial_host;surface_parameters_missing,0,0,
H000015,114,inspection_only;no_spatial_host;surface_parameters_missing,0,0,
H000015,115,inspection_only;no_spatial_host;surface_parameters_missing,0,0,
H000015,116,inspection_only;no_spatial_host;surface_parameters_missing,0,0,
H000015,117,inspection_only;no_spatial_host;surface_parameters_missing,0,0,
H000015,118,inspection_only;no_spatial_host;surface_parameters_missing,0,0,
H000015,119,inspection_only;no_spatial_host;surface_parameters_missing,0,0,
H000015,120,inspection_only;no_spatial_host;surface_parameters_missing,0,0,
H000015,121,inspection_only;no_spatial_host;surface_parameters_missing,0,0,
H000015,122,inspection_only;no_spatial_host;surface_parameters_missing,0,0,
H000015,123,inspection_only;no_spatial_host;surface_parameters_missing,0,0,
H000015,124,inspection_only;no_spatial_host;surface_parameters_missing,0,0,
H000015,125,inspection_only;no_spatial_host;surface_parameters_missing,0,0,
H000015,126,inspection_only;no_spatial_host;surface_parameters_missing,0,0,
H000015,127,inspection_only;no_spatial_host;surface_parameters_missing,0,0,
H000015,128,inspection_only;no_spatial_host;surface_parameters_missing,0,0,
H000015,129,inspection_only;no_spatial_host;surface_parameters_missing,0,0,
H000015,130,inspection_only;no_spatial_host;surface_parameters_missing,0,0,
H000015,131,inspection_only;no_spatial_host;surface_parameters_missing,0,0,
H000015,132,inspection_only;no_spatial_host;surface_parameters_missing,0,0,
H000015,133,inspection_only;no_spatial_host;surface_parameters_missing,0,0,
H000015,134,inspection_only;no_spatial_host;surface_parameters_missing,0,0,
H000015,135,inspection_only;no_spatial_host;surface_parameters_missing,0,0,
H000015,136,inspection_only;no_spatial_host;surface_parameters_missing,0,0,
H000015,137,inspection_only;no_spatial_host;surface_parameters_missing,0,0,
H000015,138,inspection_only;no_spatial_host;surface_parameters_missing,0,0,
H000015,139,inspection_only;no_spatial_host;surface_parameters_missing,0,0,
H000015,140,inspection_only;no_spatial_host;surface_parameters_missing,0,0,
H000015,141,inspection_only;no_spatial_host;surface_parameters_missing,0,0,
H000015,142,inspection_only;no_spatial_host;surface_parameters_missing,0,0,
H000015,143,inspection_only;no_spatial_host;surface_parameters_missing,0,0,
H000015,144,inspection_only;no_spatial_host;surface_parameters_missing,0,0,
H000015,145,inspection_only;no_spatial_host;surface_parameters_missing,0,0,
H000015,146,inspection_only;no_spatial_host;surface_parameters_missing,0,0,
H000015,147,inspection_only;no_spatial_host;surface_parameters_missing,0,0,
H000015,148,inspection_only;no_spatial_host;surface_parameters_missing,0,0,
H000015,149,inspection_only;no_spatial_host;surface_parameters_missing,0,0,
H000015,150,inspection_only;no_spatial_host;surface_parameters_missing,0,0,
H000015,151,inspection_only;no_spatial_host;surface_parameters_missing,0,0,
H000015,152,inspection_only;no_spatial_host;surface_parameters_missing,0,0,
H000015,153,inspection_only;no_spatial_host;surface_parameters_missing,0,0,
H000015,154,inspection_only;no_spatial_host;surface_parameters_missing,0,0,
H000015,155,inspection_only;no_spatial_host;surface_parameters_missing,0,0,
H000015,156,inspection_only;no_spatial_host;surface_parameters_missing,0,0,
H000015,157,inspection_only;no_spatial_host;surface_parameters_missing,0,0,
H000015,158,inspection_only;no_spatial_host;surface_parameters_missing,0,0,
H000015,159,inspection_only;no_spatial_host;surface_parameters_missing,0,0,
H000015,160,inspection_only;no_spatial_host;surface_parameters_missing,0,0,
H000015,161,inspection_only;no_spatial_host;surface_parameters_missing,0,0,
H000015,162,inspection_only;no_spatial_host;surface_parameters_missing,0,0,
H000015,163,inspection_only;no_spatial_host;surface_parameters_missing,0,0,
H000015,164,inspection_only;no_spatial_host;surface_parameters_missing,0,0,
H000015,165,inspection_only;no_spatial_host;surface_parameters_missing,0,0,
H000015,166,inspection_only;no_spatial_host;surface_parameters_missing,0,0,
H000015,167,inspection_only;no_spatial_host;surface_parameters_missing,0,0,
H000015,168,inspection_only;no_spatial_host;surface_parameters_missing,0,0,
H000015,169,inspection_only;no_spatial_host;surface_parameters_missing,0,0,
H000015,170,inspection_only;no_spatial_host;surface_parameters_missing,0,0,
H000015,171,inspection_only;no_spatial_host;surface_parameters_missing,0,0,
H000015,172,inspection_only;no_spatial_host;surface_parameters_missing,0,0,
H000015,173,inspection_only;no_spatial_host;surface_parameters_missing,0,0,
H000015,174,inspection_only;no_spatial_host;surface_parameters_missing,0,0,
H000015,175,inspection_only;no_spatial_host;surface_parameters_missing,0,0,
H000015,176,inspection_only;no_spatial_host;surface_parameters_missing,0,0,
H000015,177,inspection_only;no_spatial_host;surface_parameters_missing,0,0,
H000015,178,inspection_only;no_spatial_host;surface_parameters_missing,0,0,
H000015,179,inspection_only;no_spatial_host;surface_parameters_missing,0,0,
H000016,0,inspection_only;no_spatial_host;surface_parameters_missing,0,0,
H000016,1,inspection_only;no_spatial_host;surface_parameters_missing,0,0,
H000016,2,inspection_only;no_spatial_host;surface_parameters_missing,0,0,
H000016,3,inspection_only;no_spatial_host;surface_parameters_missing,0,0,
H000016,4,inspection_only;no_spatial_host;surface_parameters_missing,0,0,
H000016,5,inspection_only;no_spatial_host;surface_parameters_missing,0,0,
H000016,6,inspection_only;no_spatial_host;surface_parameters_missing,0,0,
H000016,7,inspection_only;no_spatial_host;surface_parameters_missing,0,0,
H000016,8,inspection_only;no_spatial_host;surface_parameters_missing,0,0,
H000016,9,inspection_only;no_spatial_host;surface_parameters_missing,0,0,
H000016,10,inspection_only;no_spatial_host;surface_parameters_missing,0,0,
H000016,11,inspection_only;no_spatial_host;surface_parameters_missing,0,0,
H000016,12,inspection_only;no_spatial_host;surface_parameters_missing,0,0,
H000016,13,inspection_only;no_spatial_host;surface_parameters_missing,0,0,
H000016,14,inspection_only;no_spatial_host;surface_parameters_missing,0,0,
H000016,15,inspection_only;no_spatial_host;surface_parameters_missing,0,0,
H000016,16,inspection_only;no_spatial_host;surface_parameters_missing,0,0,
H000016,17,inspection_only;no_spatial_host;surface_parameters_missing,0,0,
H000016,18,inspection_only;no_spatial_host;surface_parameters_missing,0,0,
H000016,19,inspection_only;no_spatial_host;surface_parameters_missing,0,0,
H000016,20,inspection_only;no_spatial_host;surface_parameters_missing,0,0,
H000016,21,inspection_only;no_spatial_host;surface_parameters_missing,0,0,
H000016,22,inspection_only;no_spatial_host;surface_parameters_missing,0,0,
H000016,23,inspection_only;no_spatial_host;surface_parameters_missing,0,0,
H000016,24,inspection_only;no_spatial_host;surface_parameters_missing,0,0,
H000016,25,inspection_only;no_spatial_host;surface_parameters_missing,0,0,
H000016,26,inspection_only;no_spatial_host;surface_parameters_missing,0,0,
H000016,27,inspection_only;no_spatial_host;surface_parameters_missing,0,0,
H000016,28,inspection_only;no_spatial_host;surface_parameters_missing,0,0,
H000016,29,inspection_only;no_spatial_host;surface_parameters_missing,0,0,
H000016,30,inspection_only;no_spatial_host;surface_parameters_missing,0,0,
H000016,31,inspection_only;no_spatial_host;surface_parameters_missing,0,0,
H000016,32,inspection_only;no_spatial_host;surface_parameters_missing,0,0,
H000016,33,inspection_only;no_spatial_host;surface_parameters_missing,0,0,
H000016,34,inspection_only;no_spatial_host;surface_parameters_missing,0,0,
H000016,35,inspection_only;no_spatial_host;surface_parameters_missing,0,0,
H000016,36,inspection_only;no_spatial_host;surface_parameters_missing,0,0,
H000016,37,inspection_only;no_spatial_host;surface_parameters_missing,0,0,
H000016,38,inspection_only;no_spatial_host;surface_parameters_missing,0,0,
H000016,39,inspection_only;no_spatial_host;surface_parameters_missing,0,0,
H000016,40,inspection_only;no_spatial_host;surface_parameters_missing,0,0,
H000016,41,inspection_only;no_spatial_host;surface_parameters_missing,0,0,
H000016,42,inspection_only;no_spatial_host;surface_parameters_missing,0,0,
H000016,43,inspection_only;no_spatial_host;surface_parameters_missing,0,0,
H000016,44,inspection_only;no_spatial_host;surface_parameters_missing,0,0,
H000016,45,inspection_only;no_spatial_host;surface_parameters_missing,0,0,
H000016,46,inspection_only;no_spatial_host;surface_parameters_missing,0,0,
H000016,47,inspection_only;no_spatial_host;surface_parameters_missing,0,0,
H000016,48,inspection_only;no_spatial_host;surface_parameters_missing,0,0,
H000016,49,inspection_only;no_spatial_host;surface_parameters_missing,0,0,
H000016,50,inspection_only;no_spatial_host;surface_parameters_missing,0,0,
H000016,51,inspection_only;no_spatial_host;surface_parameters_missing,0,0,
H000016,52,inspection_only;no_spatial_host;surface_parameters_missing,0,0,
H000016,53,inspection_only;no_spatial_host;surface_parameters_missing,0,0,
H000016,54,inspection_only;no_spatial_host;surface_parameters_missing,0,0,
H000016,55,inspection_only;no_spatial_host;surface_parameters_missing,0,0,
H000016,56,inspection_only;no_spatial_host;surface_parameters_missing,0,0,
H000016,57,inspection_only;no_spatial_host;surface_parameters_missing,0,0,
H000016,58,inspection_only;no_spatial_host;surface_parameters_missing,0,0,
H000016,59,inspection_only;no_spatial_host;surface_parameters_missing,0,0,
H000016,60,inspection_only;no_spatial_host;surface_parameters_missing,0,0,
H000016,61,inspection_only;no_spatial_host;surface_parameters_missing,0,0,
H000016,62,inspection_only;no_spatial_host;surface_parameters_missing,0,0,
H000016,63,inspection_only;no_spatial_host;surface_parameters_missing,0,0,
H000016,64,inspection_only;no_spatial_host;surface_parameters_missing,0,0,
H000016,65,inspection_only;no_spatial_host;surface_parameters_missing,0,0,
H000016,66,inspection_only;no_spatial_host;surface_parameters_missing,0,0,
H000016,67,inspection_only;no_spatial_host;surface_parameters_missing,0,0,
H000016,68,inspection_only;no_spatial_host;surface_parameters_missing,0,0,
H000016,69,inspection_only;no_spatial_host;surface_parameters_missing,0,0,
H000016,70,inspection_only;no_spatial_host;surface_parameters_missing,0,0,
H000016,71,inspection_only;no_spatial_host;surface_parameters_missing,0,0,
H000016,72,inspection_only;no_spatial_host;surface_parameters_missing,0,0,
H000016,73,inspection_only;no_spatial_host;surface_parameters_missing,0,0,
H000016,74,inspection_only;no_spatial_host;surface_parameters_missing,0,0,
H000016,75,inspection_only;no_spatial_host;surface_parameters_missing,0,0,
H000016,76,inspection_only;no_spatial_host;surface_parameters_missing,0,0,
H000016,77,inspection_only;no_spatial_host;surface_parameters_missing,0,0,
H000016,78,inspection_only;no_spatial_host;surface_parameters_missing,0,0,
H000016,79,inspection_only;no_spatial_host;surface_parameters_missing,0,0,
H000016,80,inspection_only;no_spatial_host;surface_parameters_missing,0,0,
H000016,81,inspection_only;no_spatial_host;surface_parameters_missing,0,0,
H000016,82,inspection_only;no_spatial_host;surface_parameters_missing,0,0,
H000016,83,inspection_only;no_spatial_host;surface_parameters_missing,0,0,
H000016,84,inspection_only;no_spatial_host;surface_parameters_missing,0,0,
H000016,85,inspection_only;no_spatial_host;surface_parameters_missing,0,0,
H000016,86,inspection_only;no_spatial_host;surface_parameters_missing,0,0,
H000016,87,inspection_only;no_spatial_host;surface_parameters_missing,0,0,
H000016,88,inspection_only;no_spatial_host;surface_parameters_missing,0,0,
H000016,89,inspection_only;no_spatial_host;surface_parameters_missing,0,0,
H000016,90,inspection_only;no_spatial_host;surface_parameters_missing,0,0,
H000016,91,inspection_only;no_spatial_host;surface_parameters_missing,0,0,
H000016,92,inspection_only;no_spatial_host;surface_parameters_missing,0,0,
H000016,93,inspection_only;no_spatial_host;surface_parameters_missing,0,0,
H000016,94,inspection_only;no_spatial_host;surface_parameters_missing,0,0,
H000016,95,inspection_only;no_spatial_host;surface_parameters_missing,0,0,
H000016,96,inspection_only;no_spatial_host;surface_parameters_missing,0,0,
H000016,97,inspection_only;no_spatial_host;surface_parameters_missing,0,0,
H000016,98,inspection_only;no_spatial_host;surface_parameters_missing,0,0,
H000016,99,inspection_only;no_spatial_host;surface_parameters_missing,0,0,
H000016,100,inspection_only;no_spatial_host;surface_parameters_missing,0,0,
H000016,101,inspection_only;no_spatial_host;surface_parameters_missing,0,0,
H000016,102,inspection_only;no_spatial_host;surface_parameters_missing,0,0,
H000016,103,inspection_only;no_spatial_host;surface_parameters_missing,0,0,
H000016,104,inspection_only;no_spatial_host;surface_parameters_missing,0,0,
H000016,105,inspection_only;no_spatial_host;surface_parameters_missing,0,0,
H000016,106,inspection_only;no_spatial_host;surface_parameters_missing,0,0,
H000016,107,inspection_only;no_spatial_host;surface_parameters_missing,0,0,
H000016,108,inspection_only;no_spatial_host;surface_parameters_missing,0,0,
H000016,109,inspection_only;no_spatial_host;surface_parameters_missing,0,0,
H000016,110,inspection_only;no_spatial_host;surface_parameters_missing,0,0,
H000016,111,inspection_only;no_spatial_host;surface_parameters_missing,0,0,
H000016,112,inspection_only;no_spatial_host;surface_parameters_missing,0,0,
H000016,113,inspection_only;no_spatial_host;surface_parameters_missing,0,0,
H000016,114,inspection_only;no_spatial_host;surface_parameters_missing,0,0,
H000016,115,inspection_only;no_spatial_host;surface_parameters_missing,0,0,
H000016,116,inspection_only;no_spatial_host;surface_parameters_missing,0,0,
H000016,117,inspection_only;no_spatial_host;surface_parameters_missing,0,0,
H000016,118,inspection_only;no_spatial_host;surface_parameters_missing,0,0,
H000016,119,inspection_only;no_spatial_host;surface_parameters_missing,0,0,
H000016,120,inspection_only;no_spatial_host;surface_parameters_missing,0,0,
H000016,121,inspection_only;no_spatial_host;surface_parameters_missing,0,0,
H000016,122,inspection_only;no_spatial_host;surface_parameters_missing,0,0,
H000016,123,inspection_only;no_spatial_host;surface_parameters_missing,0,0,
H000016,124,inspection_only;no_spatial_host;surface_parameters_missing,0,0,
H000016,125,inspection_only;no_spatial_host;surface_parameters_missing,0,0,
H000016,126,inspection_only;no_spatial_host;surface_parameters_missing,0,0,
H000016,127,inspection_only;no_spatial_host;surface_parameters_missing,0,0,
H000016,128,inspection_only;no_spatial_host;surface_parameters_missing,0,0,
H000016,129,inspection_only;no_spatial_host;surface_parameters_missing,0,0,
H000016,130,inspection_only;no_spatial_host;surface_parameters_missing,0,0,
H000016,131,inspection_only;no_spatial_host;surface_parameters_missing,0,0,
H000016,132,inspection_only;no_spatial_host;surface_parameters_missing,0,0,
H000016,133,inspection_only;no_spatial_host;surface_parameters_missing,0,0,
H000016,134,inspection_only;no_spatial_host;surface_parameters_missing,0,0,
H000016,135,inspection_only;no_spatial_host;surface_parameters_missing,0,0,
H000016,136,inspection_only;no_spatial_host;surface_parameters_missing,0,0,
H000016,137,inspection_only;no_spatial_host;surface_parameters_missing,0,0,
H000016,138,inspection_only;no_spatial_host;surface_parameters_missing,0,0,
H000016,139,inspection_only;no_spatial_host;surface_parameters_missing,0,0,
H000016,140,inspection_only;no_spatial_host;surface_parameters_missing,0,0,
H000016,141,inspection_only;no_spatial_host;surface_parameters_missing,0,0,
H000016,142,inspection_only;no_spatial_host;surface_parameters_missing,0,0,
H000016,143,inspection_only;no_spatial_host;surface_parameters_missing,0,0,
H000016,144,inspection_only;no_spatial_host;surface_parameters_missing,0,0,
H000016,145,inspection_only;no_spatial_host;surface_parameters_missing,0,0,
H000016,146,inspection_only;no_spatial_host;surface_parameters_missing,0,0,
H000016,147,inspection_only;no_spatial_host;surface_parameters_missing,0,0,
H000016,148,inspection_only;no_spatial_host;surface_parameters_missing,0,0,
H000016,149,inspection_only;no_spatial_host;surface_parameters_missing,0,0,
H000016,150,inspection_only;no_spatial_host;surface_parameters_missing,0,0,
H000016,151,inspection_only;no_spatial_host;surface_parameters_missing,0,0,
H000016,152,inspection_only;no_spatial_host;surface_parameters_missing,0,0,
H000016,153,inspection_only;no_spatial_host;surface_parameters_missing,0,0,
H000016,154,inspection_only;no_spatial_host;surface_parameters_missing,0,0,
H000016,155,inspection_only;no_spatial_host;surface_parameters_missing,0,0,
H000016,156,inspection_only;no_spatial_host;surface_parameters_missing,0,0,
H000016,157,inspection_only;no_spatial_host;surface_parameters_missing,0,0,
H000016,158,inspection_only;no_spatial_host;surface_parameters_missing,0,0,
H000016,159,inspection_only;no_spatial_host;surface_parameters_missing,0,0,
H000016,160,inspection_only;no_spatial_host;surface_parameters_missing,0,0,
H000016,161,inspection_only;no_spatial_host;surface_parameters_missing,0,0,
H000016,162,inspection_only;no_spatial_host;surface_parameters_missing,0,0,
H000016,163,inspection_only;no_spatial_host;surface_parameters_missing,0,0,
H000016,164,inspection_only;no_spatial_host;surface_parameters_missing,0,0,
H000016,165,inspection_only;no_spatial_host;surface_parameters_missing,0,0,
H000016,166,inspection_only;no_spatial_host;surface_parameters_missing,0,0,
H000016,167,inspection_only;no_spatial_host;surface_parameters_missing,0,0,
H000016,168,inspection_only;no_spatial_host;surface_parameters_missing,0,0,
H000016,169,inspection_only;no_spatial_host;surface_parameters_missing,0,0,
H000016,170,inspection_only;no_spatial_host;surface_parameters_missing,0,0,
H000016,171,inspection_only;no_spatial_host;surface_parameters_missing,0,0,
H000016,172,inspection_only;no_spatial_host;surface_parameters_missing,0,0,
H000016,173,inspection_only;no_spatial_host;surface_parameters_missing,0,0,
H000016,174,inspection_only;no_spatial_host;surface_parameters_missing,0,0,
H000016,175,inspection_only;no_spatial_host;surface_parameters_missing,0,0,
H000016,176,inspection_only;no_spatial_host;surface_parameters_missing,0,0,
H000016,177,inspection_only;no_spatial_host;surface_parameters_missing,0,0,
H000016,178,inspection_only;no_spatial_host;surface_parameters_missing,0,0,
H000016,179,inspection_only;no_spatial_host;surface_parameters_missing,0,0,
H000017,0,inspection_only;no_spatial_host;surface_parameters_missing,0,0,
H000017,1,inspection_only;no_spatial_host;surface_parameters_missing,0,0,
H000017,2,inspection_only;no_spatial_host;surface_parameters_missing,0,0,
H000017,3,inspection_only;no_spatial_host;surface_parameters_missing,0,0,
H000017,4,inspection_only;no_spatial_host;surface_parameters_missing,0,0,
H000017,5,inspection_only;no_spatial_host;surface_parameters_missing,0,0,
H000017,6,inspection_only;no_spatial_host;surface_parameters_missing,0,0,
H000017,7,inspection_only;no_spatial_host;surface_parameters_missing,0,0,
H000017,8,inspection_only;no_spatial_host;surface_parameters_missing,0,0,
H000017,9,inspection_only;no_spatial_host;surface_parameters_missing,0,0,
H000017,10,inspection_only;no_spatial_host;surface_parameters_missing,0,0,
H000017,11,inspection_only;no_spatial_host;surface_parameters_missing,0,0,
H000017,12,inspection_only;no_spatial_host;surface_parameters_missing,0,0,
H000017,13,inspection_only;no_spatial_host;surface_parameters_missing,0,0,
H000017,14,inspection_only;no_spatial_host;surface_parameters_missing,0,0,
H000017,15,inspection_only;no_spatial_host;surface_parameters_missing,0,0,
H000017,16,inspection_only;no_spatial_host;surface_parameters_missing,0,0,
H000017,17,inspection_only;no_spatial_host;surface_parameters_missing,0,0,
H000017,18,inspection_only;no_spatial_host;surface_parameters_missing,0,0,
H000017,19,inspection_only;no_spatial_host;surface_parameters_missing,0,0,
H000017,20,inspection_only;no_spatial_host;surface_parameters_missing,0,0,
H000017,21,inspection_only;no_spatial_host;surface_parameters_missing,0,0,
H000017,22,inspection_only;no_spatial_host;surface_parameters_missing,0,0,
H000017,23,inspection_only;no_spatial_host;surface_parameters_missing,0,0,
H000017,24,inspection_only;no_spatial_host;surface_parameters_missing,0,0,
H000017,25,inspection_only;no_spatial_host;surface_parameters_missing,0,0,
H000017,26,inspection_only;no_spatial_host;surface_parameters_missing,0,0,
H000017,27,inspection_only;no_spatial_host;surface_parameters_missing,0,0,
H000017,28,inspection_only;no_spatial_host;surface_parameters_missing,0,0,
H000017,29,inspection_only;no_spatial_host;surface_parameters_missing,0,0,
H000017,30,inspection_only;no_spatial_host;surface_parameters_missing,0,0,
H000017,31,inspection_only;no_spatial_host;surface_parameters_missing,0,0,
H000017,32,inspection_only;no_spatial_host;surface_parameters_missing,0,0,
H000017,33,inspection_only;no_spatial_host;surface_parameters_missing,0,0,
H000017,34,inspection_only;no_spatial_host;surface_parameters_missing,0,0,
H000017,35,inspection_only;no_spatial_host;surface_parameters_missing,0,0,
H000017,36,inspection_only;no_spatial_host;surface_parameters_missing,0,0,
H000017,37,inspection_only;no_spatial_host;surface_parameters_missing,0,0,
H000017,38,inspection_only;no_spatial_host;surface_parameters_missing,0,0,
H000017,39,inspection_only;no_spatial_host;surface_parameters_missing,0,0,
H000017,40,inspection_only;no_spatial_host;surface_parameters_missing,0,0,
H000017,41,inspection_only;no_spatial_host;surface_parameters_missing,0,0,
H000017,42,inspection_only;no_spatial_host;surface_parameters_missing,0,0,
H000017,43,inspection_only;no_spatial_host;surface_parameters_missing,0,0,
H000017,44,inspection_only;no_spatial_host;surface_parameters_missing,0,0,
H000017,45,inspection_only;no_spatial_host;surface_parameters_missing,0,0,
H000017,46,inspection_only;no_spatial_host;surface_parameters_missing,0,0,
H000017,47,inspection_only;no_spatial_host;surface_parameters_missing,0,0,
H000017,48,inspection_only;no_spatial_host;surface_parameters_missing,0,0,
H000017,49,inspection_only;no_spatial_host;surface_parameters_missing,0,0,
H000017,50,inspection_only;no_spatial_host;surface_parameters_missing,0,0,
H000017,51,inspection_only;no_spatial_host;surface_parameters_missing,0,0,
H000017,52,inspection_only;no_spatial_host;surface_parameters_missing,0,0,
H000017,53,inspection_only;no_spatial_host;surface_parameters_missing,0,0,
H000017,54,inspection_only;no_spatial_host;surface_parameters_missing,0,0,
H000017,55,inspection_only;no_spatial_host;surface_parameters_missing,0,0,
H000017,56,inspection_only;no_spatial_host;surface_parameters_missing,0,0,
H000017,57,inspection_only;no_spatial_host;surface_parameters_missing,0,0,
H000017,58,inspection_only;no_spatial_host;surface_parameters_missing,0,0,
H000017,59,inspection_only;no_spatial_host;surface_parameters_missing,0,0,
H000017,60,inspection_only;no_spatial_host;surface_parameters_missing,0,0,
H000017,61,inspection_only;no_spatial_host;surface_parameters_missing,0,0,
H000017,62,inspection_only;no_spatial_host;surface_parameters_missing,0,0,
H000017,63,inspection_only;no_spatial_host;surface_parameters_missing,0,0,
H000017,64,inspection_only;no_spatial_host;surface_parameters_missing,0,0,
H000017,65,inspection_only;no_spatial_host;surface_parameters_missing,0,0,
H000017,66,inspection_only;no_spatial_host;surface_parameters_missing,0,0,
H000017,67,inspection_only;no_spatial_host;surface_parameters_missing,0,0,
H000017,68,inspection_only;no_spatial_host;surface_parameters_missing,0,0,
H000017,69,inspection_only;no_spatial_host;surface_parameters_missing,0,0,
H000017,70,inspection_only;no_spatial_host;surface_parameters_missing,0,0,
H000017,71,inspection_only;no_spatial_host;surface_parameters_missing,0,0,
H000017,72,inspection_only;no_spatial_host;surface_parameters_missing,0,0,
H000017,73,inspection_only;no_spatial_host;surface_parameters_missing,0,0,
H000017,74,inspection_only;no_spatial_host;surface_parameters_missing,0,0,
H000017,75,inspection_only;no_spatial_host;surface_parameters_missing,0,0,
H000017,76,inspection_only;no_spatial_host;surface_parameters_missing,0,0,
H000017,77,inspection_only;no_spatial_host;surface_parameters_missing,0,0,
H000017,78,inspection_only;no_spatial_host;surface_parameters_missing,0,0,
H000017,79,inspection_only;no_spatial_host;surface_parameters_missing,0,0,
H000017,80,inspection_only;no_spatial_host;surface_parameters_missing,0,0,
H000017,81,inspection_only;no_spatial_host;surface_parameters_missing,0,0,
H000017,82,inspection_only;no_spatial_host;surface_parameters_missing,0,0,
H000017,83,inspection_only;no_spatial_host;surface_parameters_missing,0,0,
H000017,84,inspection_only;no_spatial_host;surface_parameters_missing,0,0,
H000017,85,inspection_only;no_spatial_host;surface_parameters_missing,0,0,
H000017,86,inspection_only;no_spatial_host;surface_parameters_missing,0,0,
H000017,87,inspection_only;no_spatial_host;surface_parameters_missing,0,0,
H000017,88,inspection_only;no_spatial_host;surface_parameters_missing,0,0,
H000017,89,inspection_only;no_spatial_host;surface_parameters_missing,0,0,
H000017,90,inspection_only;no_spatial_host;surface_parameters_missing,0,0,
H000017,91,inspection_only;no_spatial_host;surface_parameters_missing,0,0,
H000017,92,inspection_only;no_spatial_host;surface_parameters_missing,0,0,
H000017,93,inspection_only;no_spatial_host;surface_parameters_missing,0,0,
H000017,94,inspection_only;no_spatial_host;surface_parameters_missing,0,0,
H000017,95,inspection_only;no_spatial_host;surface_parameters_missing,0,0,
H000017,96,inspection_only;no_spatial_host;surface_parameters_missing,0,0,
H000017,97,inspection_only;no_spatial_host;surface_parameters_missing,0,0,
H000017,98,inspection_only;no_spatial_host;surface_parameters_missing,0,0,
H000017,99,inspection_only;no_spatial_host;surface_parameters_missing,0,0,
H000017,100,inspection_only;no_spatial_host;surface_parameters_missing,0,0,
H000017,101,inspection_only;no_spatial_host;surface_parameters_missing,0,0,
H000017,102,inspection_only;no_spatial_host;surface_parameters_missing,0,0,
H000017,103,inspection_only;no_spatial_host;surface_parameters_missing,0,0,
H000017,104,inspection_only;no_spatial_host;surface_parameters_missing,0,0,
H000017,105,inspection_only;no_spatial_host;surface_parameters_missing,0,0,
H000017,106,inspection_only;no_spatial_host;surface_parameters_missing,0,0,
H000017,107,inspection_only;no_spatial_host;surface_parameters_missing,0,0,
H000017,108,inspection_only;no_spatial_host;surface_parameters_missing,0,0,
H000017,109,inspection_only;no_spatial_host;surface_parameters_missing,0,0,
H000017,110,inspection_only;no_spatial_host;surface_parameters_missing,0,0,
H000017,111,inspection_only;no_spatial_host;surface_parameters_missing,0,0,
H000017,112,inspection_only;no_spatial_host;surface_parameters_missing,0,0,
H000017,113,inspection_only;no_spatial_host;surface_parameters_missing,0,0,
H000017,114,inspection_only;no_spatial_host;surface_parameters_missing,0,0,
H000017,115,inspection_only;no_spatial_host;surface_parameters_missing,0,0,
H000017,116,inspection_only;no_spatial_host;surface_parameters_missing,0,0,
H000017,117,inspection_only;no_spatial_host;surface_parameters_missing,0,0,
H000017,118,inspection_only;no_spatial_host;surface_parameters_missing,0,0,
H000017,119,inspection_only;no_spatial_host;surface_parameters_missing,0,0,
H000017,120,inspection_only;no_spatial_host;surface_parameters_missing,0,0,
H000017,121,inspection_only;no_spatial_host;surface_parameters_missing,0,0,
H000017,122,inspection_only;no_spatial_host;surface_parameters_missing,0,0,
H000017,123,inspection_only;no_spatial_host;surface_parameters_missing,0,0,
H000017,124,inspection_only;no_spatial_host;surface_parameters_missing,0,0,
H000017,125,inspection_only;no_spatial_host;surface_parameters_missing,0,0,
H000017,126,inspection_only;no_spatial_host;surface_parameters_missing,0,0,
H000017,127,inspection_only;no_spatial_host;surface_parameters_missing,0,0,
H000017,128,inspection_only;no_spatial_host;surface_parameters_missing,0,0,
H000017,129,inspection_only;no_spatial_host;surface_parameters_missing,0,0,
H000017,130,inspection_only;no_spatial_host;surface_parameters_missing,0,0,
H000017,131,inspection_only;no_spatial_host;surface_parameters_missing,0,0,
H000017,132,inspection_only;no_spatial_host;surface_parameters_missing,0,0,
H000017,133,inspection_only;no_spatial_host;surface_parameters_missing,0,0,
H000017,134,inspection_only;no_spatial_host;surface_parameters_missing,0,0,
H000017,135,inspection_only;no_spatial_host;surface_parameters_missing,0,0,
H000017,136,inspection_only;no_spatial_host;surface_parameters_missing,0,0,
H000017,137,inspection_only;no_spatial_host;surface_parameters_missing,0,0,
H000017,138,inspection_only;no_spatial_host;surface_parameters_missing,0,0,
H000017,139,inspection_only;no_spatial_host;surface_parameters_missing,0,0,
H000017,140,inspection_only;no_spatial_host;surface_parameters_missing,0,0,
H000017,141,inspection_only;no_spatial_host;surface_parameters_missing,0,0,
H000017,142,inspection_only;no_spatial_host;surface_parameters_missing,0,0,
H000017,143,inspection_only;no_spatial_host;surface_parameters_missing,0,0,
H000017,144,inspection_only;no_spatial_host;surface_parameters_missing,0,0,
H000017,145,inspection_only;no_spatial_host;surface_parameters_missing,0,0,
H000017,146,inspection_only;no_spatial_host;surface_parameters_missing,0,0,
H000017,147,inspection_only;no_spatial_host;surface_parameters_missing,0,0,
H000017,148,inspection_only;no_spatial_host;surface_parameters_missing,0,0,
H000017,149,inspection_only;no_spatial_host;surface_parameters_missing,0,0,
H000017,150,inspection_only;no_spatial_host;surface_parameters_missing,0,0,
H000017,151,inspection_only;no_spatial_host;surface_parameters_missing,0,0,
H000017,152,inspection_only;no_spatial_host;surface_parameters_missing,0,0,
H000017,153,inspection_only;no_spatial_host;surface_parameters_missing,0,0,
H000017,154,inspection_only;no_spatial_host;surface_parameters_missing,0,0,
H000017,155,inspection_only;no_spatial_host;surface_parameters_missing,0,0,
H000017,156,inspection_only;no_spatial_host;surface_parameters_missing,0,0,
H000017,157,inspection_only;no_spatial_host;surface_parameters_missing,0,0,
H000017,158,inspection_only;no_spatial_host;surface_parameters_missing,0,0,
H000017,159,inspection_only;no_spatial_host;surface_parameters_missing,0,0,
H000017,160,inspection_only;no_spatial_host;surface_parameters_missing,0,0,
H000017,161,inspection_only;no_spatial_host;surface_parameters_missing,0,0,
H000017,162,inspection_only;no_spatial_host;surface_parameters_missing,0,0,
H000017,163,inspection_only;no_spatial_host;surface_parameters_missing,0,0,
H000017,164,inspection_only;no_spatial_host;surface_parameters_missing,0,0,
H000017,165,inspection_only;no_spatial_host;surface_parameters_missing,0,0,
H000017,166,inspection_only;no_spatial_host;surface_parameters_missing,0,0,
H000017,167,inspection_only;no_spatial_host;surface_parameters_missing,0,0,
H000017,168,inspection_only;no_spatial_host;surface_parameters_missing,0,0,
H000017,169,inspection_only;no_spatial_host;surface_parameters_missing,0,0,
H000017,170,inspection_only;no_spatial_host;surface_parameters_missing,0,0,
H000017,171,inspection_only;no_spatial_host;surface_parameters_missing,0,0,
H000017,172,inspection_only;no_spatial_host;surface_parameters_missing,0,0,
H000017,173,inspection_only;no_spatial_host;surface_parameters_missing,0,0,
H000017,174,inspection_only;no_spatial_host;surface_parameters_missing,0,0,
H000017,175,inspection_only;no_spatial_host;surface_parameters_missing,0,0,
H000017,176,inspection_only;no_spatial_host;surface_parameters_missing,0,0,
H000017,177,inspection_only;no_spatial_host;surface_parameters_missing,0,0,
H000017,178,inspection_only;no_spatial_host;surface_parameters_missing,0,0,
H000017,179,inspection_only;no_spatial_host;surface_parameters_missing,0,0,
H000018,0,inspection_only;no_spatial_host;surface_parameters_missing,0,0,
H000018,1,inspection_only;no_spatial_host;surface_parameters_missing,0,0,
H000018,2,inspection_only;no_spatial_host;surface_parameters_missing,0,0,
H000018,3,inspection_only;no_spatial_host;surface_parameters_missing,0,0,
H000018,4,inspection_only;no_spatial_host;surface_parameters_missing,0,0,
H000018,5,inspection_only;no_spatial_host;surface_parameters_missing,0,0,
H000018,6,inspection_only;no_spatial_host;surface_parameters_missing,0,0,
H000018,7,inspection_only;no_spatial_host;surface_parameters_missing,0,0,
H000018,8,inspection_only;no_spatial_host;surface_parameters_missing,0,0,
H000018,9,inspection_only;no_spatial_host;surface_parameters_missing,0,0,
H000018,10,inspection_only;no_spatial_host;surface_parameters_missing,0,0,
H000018,11,inspection_only;no_spatial_host;surface_parameters_missing,0,0,
H000018,12,inspection_only;no_spatial_host;surface_parameters_missing,0,0,
H000018,13,inspection_only;no_spatial_host;surface_parameters_missing,0,0,
H000018,14,inspection_only;no_spatial_host;surface_parameters_missing,0,0,
H000018,15,inspection_only;no_spatial_host;surface_parameters_missing,0,0,
H000018,16,inspection_only;no_spatial_host;surface_parameters_missing,0,0,
H000018,17,inspection_only;no_spatial_host;surface_parameters_missing,0,0,
H000018,18,inspection_only;no_spatial_host;surface_parameters_missing,0,0,
H000018,19,inspection_only;no_spatial_host;surface_parameters_missing,0,0,
H000018,20,inspection_only;no_spatial_host;surface_parameters_missing,0,0,
H000018,21,inspection_only;no_spatial_host;surface_parameters_missing,0,0,
H000018,22,inspection_only;no_spatial_host;surface_parameters_missing,0,0,
H000018,23,inspection_only;no_spatial_host;surface_parameters_missing,0,0,
H000018,24,inspection_only;no_spatial_host;surface_parameters_missing,0,0,
H000018,25,inspection_only;no_spatial_host;surface_parameters_missing,0,0,
H000018,26,inspection_only;no_spatial_host;surface_parameters_missing,0,0,
H000018,27,inspection_only;no_spatial_host;surface_parameters_missing,0,0,
H000018,28,inspection_only;no_spatial_host;surface_parameters_missing,0,0,
H000018,29,inspection_only;no_spatial_host;surface_parameters_missing,0,0,
H000018,30,inspection_only;no_spatial_host;surface_parameters_missing,0,0,
H000018,31,inspection_only;no_spatial_host;surface_parameters_missing,0,0,
H000018,32,inspection_only;no_spatial_host;surface_parameters_missing,0,0,
H000018,33,inspection_only;no_spatial_host;surface_parameters_missing,0,0,
H000018,34,inspection_only;no_spatial_host;surface_parameters_missing,0,0,
H000018,35,inspection_only;no_spatial_host;surface_parameters_missing,0,0,
H000018,36,inspection_only;no_spatial_host;surface_parameters_missing,0,0,
H000018,37,inspection_only;no_spatial_host;surface_parameters_missing,0,0,
H000018,38,inspection_only;no_spatial_host;surface_parameters_missing,0,0,
H000018,39,inspection_only;no_spatial_host;surface_parameters_missing,0,0,
H000018,40,inspection_only;no_spatial_host;surface_parameters_missing,0,0,
H000018,41,inspection_only;no_spatial_host;surface_parameters_missing,0,0,
H000018,42,inspection_only;no_spatial_host;surface_parameters_missing,0,0,
H000018,43,inspection_only;no_spatial_host;surface_parameters_missing,0,0,
H000018,44,inspection_only;no_spatial_host;surface_parameters_missing,0,0,
H000018,45,inspection_only;no_spatial_host;surface_parameters_missing,0,0,
H000018,46,inspection_only;no_spatial_host;surface_parameters_missing,0,0,
H000018,47,inspection_only;no_spatial_host;surface_parameters_missing,0,0,
H000018,48,inspection_only;no_spatial_host;surface_parameters_missing,0,0,
H000018,49,inspection_only;no_spatial_host;surface_parameters_missing,0,0,
H000018,50,inspection_only;no_spatial_host;surface_parameters_missing,0,0,
H000018,51,inspection_only;no_spatial_host;surface_parameters_missing,0,0,
H000018,52,inspection_only;no_spatial_host;surface_parameters_missing,0,0,
H000018,53,inspection_only;no_spatial_host;surface_parameters_missing,0,0,
H000018,54,inspection_only;no_spatial_host;surface_parameters_missing,0,0,
H000018,55,inspection_only;no_spatial_host;surface_parameters_missing,0,0,
H000018,56,inspection_only;no_spatial_host;surface_parameters_missing,0,0,
H000018,57,inspection_only;no_spatial_host;surface_parameters_missing,0,0,
H000018,58,inspection_only;no_spatial_host;surface_parameters_missing,0,0,
H000018,59,inspection_only;no_spatial_host;surface_parameters_missing,0,0,
H000018,60,inspection_only;no_spatial_host;surface_parameters_missing,0,0,
H000018,61,inspection_only;no_spatial_host;surface_parameters_missing,0,0,
H000018,62,inspection_only;no_spatial_host;surface_parameters_missing,0,0,
H000018,63,inspection_only;no_spatial_host;surface_parameters_missing,0,0,
H000018,64,inspection_only;no_spatial_host;surface_parameters_missing,0,0,
H000018,65,inspection_only;no_spatial_host;surface_parameters_missing,0,0,
H000018,66,inspection_only;no_spatial_host;surface_parameters_missing,0,0,
H000018,67,inspection_only;no_spatial_host;surface_parameters_missing,0,0,
H000018,68,inspection_only;no_spatial_host;surface_parameters_missing,0,0,
H000018,69,inspection_only;no_spatial_host;surface_parameters_missing,0,0,
H000018,70,inspection_only;no_spatial_host;surface_parameters_missing,0,0,
H000018,71,inspection_only;no_spatial_host;surface_parameters_missing,0,0,
H000018,72,inspection_only;no_spatial_host;surface_parameters_missing,0,0,
H000018,73,inspection_only;no_spatial_host;surface_parameters_missing,0,0,
H000018,74,inspection_only;no_spatial_host;surface_parameters_missing,0,0,
H000018,75,inspection_only;no_spatial_host;surface_parameters_missing,0,0,
H000018,76,inspection_only;no_spatial_host;surface_parameters_missing,0,0,
H000018,77,inspection_only;no_spatial_host;surface_parameters_missing,0,0,
H000018,78,inspection_only;no_spatial_host;surface_parameters_missing,0,0,
H000018,79,inspection_only;no_spatial_host;surface_parameters_missing,0,0,
H000018,80,inspection_only;no_spatial_host;surface_parameters_missing,0,0,
H000018,81,inspection_only;no_spatial_host;surface_parameters_missing,0,0,
H000018,82,inspection_only;no_spatial_host;surface_parameters_missing,0,0,
H000018,83,inspection_only;no_spatial_host;surface_parameters_missing,0,0,
H000018,84,inspection_only;no_spatial_host;surface_parameters_missing,0,0,
H000018,85,inspection_only;no_spatial_host;surface_parameters_missing,0,0,
H000018,86,inspection_only;no_spatial_host;surface_parameters_missing,0,0,
H000018,87,inspection_only;no_spatial_host;surface_parameters_missing,0,0,
H000018,88,inspection_only;no_spatial_host;surface_parameters_missing,0,0,
H000018,89,inspection_only;no_spatial_host;surface_parameters_missing,0,0,
H000018,90,inspection_only;no_spatial_host;surface_parameters_missing,0,0,
H000018,91,inspection_only;no_spatial_host;surface_parameters_missing,0,0,
H000018,92,inspection_only;no_spatial_host;surface_parameters_missing,0,0,
H000018,93,inspection_only;no_spatial_host;surface_parameters_missing,0,0,
H000018,94,inspection_only;no_spatial_host;surface_parameters_missing,0,0,
H000018,95,inspection_only;no_spatial_host;surface_parameters_missing,0,0,
H000018,96,inspection_only;no_spatial_host;surface_parameters_missing,0,0,
H000018,97,inspection_only;no_spatial_host;surface_parameters_missing,0,0,
H000018,98,inspection_only;no_spatial_host;surface_parameters_missing,0,0,
H000018,99,inspection_only;no_spatial_host;surface_parameters_missing,0,0,
H000018,100,inspection_only;no_spatial_host;surface_parameters_missing,0,0,
H000018,101,inspection_only;no_spatial_host;surface_parameters_missing,0,0,
H000018,102,inspection_only;no_spatial_host;surface_parameters_missing,0,0,
H000018,103,inspection_only;no_spatial_host;surface_parameters_missing,0,0,
H000018,104,inspection_only;no_spatial_host;surface_parameters_missing,0,0,
H000018,105,inspection_only;no_spatial_host;surface_parameters_missing,0,0,
H000018,106,inspection_only;no_spatial_host;surface_parameters_missing,0,0,
H000018,107,inspection_only;no_spatial_host;surface_parameters_missing,0,0,
H000018,108,inspection_only;no_spatial_host;surface_parameters_missing,0,0,
H000018,109,inspection_only;no_spatial_host;surface_parameters_missing,0,0,
H000018,110,inspection_only;no_spatial_host;surface_parameters_missing,0,0,
H000018,111,inspection_only;no_spatial_host;surface_parameters_missing,0,0,
H000018,112,inspection_only;no_spatial_host;surface_parameters_missing,0,0,
H000018,113,inspection_only;no_spatial_host;surface_parameters_missing,0,0,
H000018,114,inspection_only;no_spatial_host;surface_parameters_missing,0,0,
H000018,115,inspection_only;no_spatial_host;surface_parameters_missing,0,0,
H000018,116,inspection_only;no_spatial_host;surface_parameters_missing,0,0,
H000018,117,inspection_only;no_spatial_host;surface_parameters_missing,0,0,
H000018,118,inspection_only;no_spatial_host;surface_parameters_missing,0,0,
H000018,119,inspection_only;no_spatial_host;surface_parameters_missing,0,0,
H000018,120,inspection_only;no_spatial_host;surface_parameters_missing,0,0,
H000018,121,inspection_only;no_spatial_host;surface_parameters_missing,0,0,
H000018,122,inspection_only;no_spatial_host;surface_parameters_missing,0,0,
H000018,123,inspection_only;no_spatial_host;surface_parameters_missing,0,0,
H000018,124,inspection_only;no_spatial_host;surface_parameters_missing,0,0,
H000018,125,inspection_only;no_spatial_host;surface_parameters_missing,0,0,
H000018,126,inspection_only;no_spatial_host;surface_parameters_missing,0,0,
H000018,127,inspection_only;no_spatial_host;surface_parameters_missing,0,0,
H000018,128,inspection_only;no_spatial_host;surface_parameters_missing,0,0,
H000018,129,inspection_only;no_spatial_host;surface_parameters_missing,0,0,
H000018,130,inspection_only;no_spatial_host;surface_parameters_missing,0,0,
H000018,131,inspection_only;no_spatial_host;surface_parameters_missing,0,0,
H000018,132,inspection_only;no_spatial_host;surface_parameters_missing,0,0,
H000018,133,inspection_only;no_spatial_host;surface_parameters_missing,0,0,
H000018,134,inspection_only;no_spatial_host;surface_parameters_missing,0,0,
H000018,135,inspection_only;no_spatial_host;surface_parameters_missing,0,0,
H000018,136,inspection_only;no_spatial_host;surface_parameters_missing,0,0,
H000018,137,inspection_only;no_spatial_host;surface_parameters_missing,0,0,
H000018,138,inspection_only;no_spatial_host;surface_parameters_missing,0,0,
H000018,139,inspection_only;no_spatial_host;surface_parameters_missing,0,0,
H000018,140,inspection_only;no_spatial_host;surface_parameters_missing,0,0,
H000018,141,inspection_only;no_spatial_host;surface_parameters_missing,0,0,
H000018,142,inspection_only;no_spatial_host;surface_parameters_missing,0,0,
H000018,143,inspection_only;no_spatial_host;surface_parameters_missing,0,0,
H000018,144,inspection_only;no_spatial_host;surface_parameters_missing,0,0,
H000018,145,inspection_only;no_spatial_host;surface_parameters_missing,0,0,
H000018,146,inspection_only;no_spatial_host;surface_parameters_missing,0,0,
H000018,147,inspection_only;no_spatial_host;surface_parameters_missing,0,0,
H000018,148,inspection_only;no_spatial_host;surface_parameters_missing,0,0,
H000018,149,inspection_only;no_spatial_host;surface_parameters_missing,0,0,
H000018,150,inspection_only;no_spatial_host;surface_parameters_missing,0,0,
H000018,151,inspection_only;no_spatial_host;surface_parameters_missing,0,0,
H000018,152,inspection_only;no_spatial_host;surface_parameters_missing,0,0,
H000018,153,inspection_only;no_spatial_host;surface_parameters_missing,0,0,
H000018,154,inspection_only;no_spatial_host;surface_parameters_missing,0,0,
H000018,155,inspection_only;no_spatial_host;surface_parameters_missing,0,0,
H000018,156,inspection_only;no_spatial_host;surface_parameters_missing,0,0,
H000018,157,inspection_only;no_spatial_host;surface_parameters_missing,0,0,
H000018,158,inspection_only;no_spatial_host;surface_parameters_missing,0,0,
H000018,159,inspection_only;no_spatial_host;surface_parameters_missing,0,0,
H000018,160,inspection_only;no_spatial_host;surface_parameters_missing,0,0,
H000018,161,inspection_only;no_spatial_host;surface_parameters_missing,0,0,
H000018,162,inspection_only;no_spatial_host;surface_parameters_missing,0,0,
H000018,163,inspection_only;no_spatial_host;surface_parameters_missing,0,0,
H000018,164,inspection_only;no_spatial_host;surface_parameters_missing,0,0,
H000018,165,inspection_only;no_spatial_host;surface_parameters_missing,0,0,
H000018,166,inspection_only;no_spatial_host;surface_parameters_missing,0,0,
H000018,167,inspection_only;no_spatial_host;surface_parameters_missing,0,0,
H000018,168,inspection_only;no_spatial_host;surface_parameters_missing,0,0,
H000018,169,inspection_only;no_spatial_host;surface_parameters_missing,0,0,
H000018,170,inspection_only;no_spatial_host;surface_parameters_missing,0,0,
H000018,171,inspection_only;no_spatial_host;surface_parameters_missing,0,0,
H000018,172,inspection_only;no_spatial_host;surface_parameters_missing,0,0,
H000018,173,inspection_only;no_spatial_host;surface_parameters_missing,0,0,
H000018,174,inspection_only;no_spatial_host;surface_parameters_missing,0,0,
H000018,175,inspection_only;no_spatial_host;surface_parameters_missing,0,0,
H000018,176,inspection_only;no_spatial_host;surface_parameters_missing,0,0,
H000018,177,inspection_only;no_spatial_host;surface_parameters_missing,0,0,
H000018,178,inspection_only;no_spatial_host;surface_parameters_missing,0,0,
H000018,179,inspection_only;no_spatial_host;surface_parameters_missing,0,0,
H000019,0,inspection_only;no_spatial_host;surface_parameters_missing,0,0,
H000019,1,inspection_only;no_spatial_host;surface_parameters_missing,0,0,
H000019,2,inspection_only;no_spatial_host;surface_parameters_missing,0,0,
H000019,3,inspection_only;no_spatial_host;surface_parameters_missing,0,0,
H000019,4,inspection_only;no_spatial_host;surface_parameters_missing,0,0,
H000019,5,inspection_only;no_spatial_host;surface_parameters_missing,0,0,
H000019,6,inspection_only;no_spatial_host;surface_parameters_missing,0,0,
H000019,7,inspection_only;no_spatial_host;surface_parameters_missing,0,0,
H000019,8,inspection_only;no_spatial_host;surface_parameters_missing,0,0,
H000019,9,inspection_only;no_spatial_host;surface_parameters_missing,0,0,
H000019,10,inspection_only;no_spatial_host;surface_parameters_missing,0,0,
H000019,11,inspection_only;no_spatial_host;surface_parameters_missing,0,0,
H000019,12,inspection_only;no_spatial_host;surface_parameters_missing,0,0,
H000019,13,inspection_only;no_spatial_host;surface_parameters_missing,0,0,
H000019,14,inspection_only;no_spatial_host;surface_parameters_missing,0,0,
H000019,15,inspection_only;no_spatial_host;surface_parameters_missing,0,0,
H000019,16,inspection_only;no_spatial_host;surface_parameters_missing,0,0,
H000019,17,inspection_only;no_spatial_host;surface_parameters_missing,0,0,
H000019,18,inspection_only;no_spatial_host;surface_parameters_missing,0,0,
H000019,19,inspection_only;no_spatial_host;surface_parameters_missing,0,0,
H000019,20,inspection_only;no_spatial_host;surface_parameters_missing,0,0,
H000019,21,inspection_only;no_spatial_host;surface_parameters_missing,0,0,
H000019,22,inspection_only;no_spatial_host;surface_parameters_missing,0,0,
H000019,23,inspection_only;no_spatial_host;surface_parameters_missing,0,0,
H000019,24,inspection_only;no_spatial_host;surface_parameters_missing,0,0,
H000019,25,inspection_only;no_spatial_host;surface_parameters_missing,0,0,
H000019,26,inspection_only;no_spatial_host;surface_parameters_missing,0,0,
H000019,27,inspection_only;no_spatial_host;surface_parameters_missing,0,0,
H000019,28,inspection_only;no_spatial_host;surface_parameters_missing,0,0,
H000019,29,inspection_only;no_spatial_host;surface_parameters_missing,0,0,
H000019,30,inspection_only;no_spatial_host;surface_parameters_missing,0,0,
H000019,31,inspection_only;no_spatial_host;surface_parameters_missing,0,0,
H000019,32,inspection_only;no_spatial_host;surface_parameters_missing,0,0,
H000019,33,inspection_only;no_spatial_host;surface_parameters_missing,0,0,
H000019,34,inspection_only;no_spatial_host;surface_parameters_missing,0,0,
H000019,35,inspection_only;no_spatial_host;surface_parameters_missing,0,0,
H000019,36,inspection_only;no_spatial_host;surface_parameters_missing,0,0,
H000019,37,inspection_only;no_spatial_host;surface_parameters_missing,0,0,
H000019,38,inspection_only;no_spatial_host;surface_parameters_missing,0,0,
H000019,39,inspection_only;no_spatial_host;surface_parameters_missing,0,0,
H000019,40,inspection_only;no_spatial_host;surface_parameters_missing,0,0,
H000019,41,inspection_only;no_spatial_host;surface_parameters_missing,0,0,
H000019,42,inspection_only;no_spatial_host;surface_parameters_missing,0,0,
H000019,43,inspection_only;no_spatial_host;surface_parameters_missing,0,0,
H000019,44,inspection_only;no_spatial_host;surface_parameters_missing,0,0,
H000019,45,inspection_only;no_spatial_host;surface_parameters_missing,0,0,
H000019,46,inspection_only;no_spatial_host;surface_parameters_missing,0,0,
H000019,47,inspection_only;no_spatial_host;surface_parameters_missing,0,0,
H000019,48,inspection_only;no_spatial_host;surface_parameters_missing,0,0,
H000019,49,inspection_only;no_spatial_host;surface_parameters_missing,0,0,
H000019,50,inspection_only;no_spatial_host;surface_parameters_missing,0,0,
H000019,51,inspection_only;no_spatial_host;surface_parameters_missing,0,0,
H000019,52,inspection_only;no_spatial_host;surface_parameters_missing,0,0,
H000019,53,inspection_only;no_spatial_host;surface_parameters_missing,0,0,
H000019,54,inspection_only;no_spatial_host;surface_parameters_missing,0,0,
H000019,55,inspection_only;no_spatial_host;surface_parameters_missing,0,0,
H000019,56,inspection_only;no_spatial_host;surface_parameters_missing,0,0,
H000019,57,inspection_only;no_spatial_host;surface_parameters_missing,0,0,
H000019,58,inspection_only;no_spatial_host;surface_parameters_missing,0,0,
H000019,59,inspection_only;no_spatial_host;surface_parameters_missing,0,0,
H000019,60,inspection_only;no_spatial_host;surface_parameters_missing,0,0,
H000019,61,inspection_only;no_spatial_host;surface_parameters_missing,0,0,
H000019,62,inspection_only;no_spatial_host;surface_parameters_missing,0,0,
H000019,63,inspection_only;no_spatial_host;surface_parameters_missing,0,0,
H000019,64,inspection_only;no_spatial_host;surface_parameters_missing,0,0,
H000019,65,inspection_only;no_spatial_host;surface_parameters_missing,0,0,
H000019,66,inspection_only;no_spatial_host;surface_parameters_missing,0,0,
H000019,67,inspection_only;no_spatial_host;surface_parameters_missing,0,0,
H000019,68,inspection_only;no_spatial_host;surface_parameters_missing,0,0,
H000019,69,inspection_only;no_spatial_host;surface_parameters_missing,0,0,
H000019,70,inspection_only;no_spatial_host;surface_parameters_missing,0,0,
H000019,71,inspection_only;no_spatial_host;surface_parameters_missing,0,0,
H000019,72,inspection_only;no_spatial_host;surface_parameters_missing,0,0,
H000019,73,inspection_only;no_spatial_host;surface_parameters_missing,0,0,
H000019,74,inspection_only;no_spatial_host;surface_parameters_missing,0,0,
H000019,75,inspection_only;no_spatial_host;surface_parameters_missing,0,0,
H000019,76,inspection_only;no_spatial_host;surface_parameters_missing,0,0,
H000019,77,inspection_only;no_spatial_host;surface_parameters_missing,0,0,
H000019,78,inspection_only;no_spatial_host;surface_parameters_missing,0,0,
H000019,79,inspection_only;no_spatial_host;surface_parameters_missing,0,0,
H000019,80,inspection_only;no_spatial_host;surface_parameters_missing,0,0,
H000019,81,inspection_only;no_spatial_host;surface_parameters_missing,0,0,
H000019,82,inspection_only;no_spatial_host;surface_parameters_missing,0,0,
H000019,83,inspection_only;no_spatial_host;surface_parameters_missing,0,0,
H000019,84,inspection_only;no_spatial_host;surface_parameters_missing,0,0,
H000019,85,inspection_only;no_spatial_host;surface_parameters_missing,0,0,
H000019,86,inspection_only;no_spatial_host;surface_parameters_missing,0,0,
H000019,87,inspection_only;no_spatial_host;surface_parameters_missing,0,0,
H000019,88,inspection_only;no_spatial_host;surface_parameters_missing,0,0,
H000019,89,inspection_only;no_spatial_host;surface_parameters_missing,0,0,
H000019,90,inspection_only;no_spatial_host;surface_parameters_missing,0,0,
H000019,91,inspection_only;no_spatial_host;surface_parameters_missing,0,0,
H000019,92,inspection_only;no_spatial_host;surface_parameters_missing,0,0,
H000019,93,inspection_only;no_spatial_host;surface_parameters_missing,0,0,
H000019,94,inspection_only;no_spatial_host;surface_parameters_missing,0,0,
H000019,95,inspection_only;no_spatial_host;surface_parameters_missing,0,0,
H000019,96,inspection_only;no_spatial_host;surface_parameters_missing,0,0,
H000019,97,inspection_only;no_spatial_host;surface_parameters_missing,0,0,
H000019,98,inspection_only;no_spatial_host;surface_parameters_missing,0,0,
H000019,99,inspection_only;no_spatial_host;surface_parameters_missing,0,0,
H000019,100,inspection_only;no_spatial_host;surface_parameters_missing,0,0,
H000019,101,inspection_only;no_spatial_host;surface_parameters_missing,0,0,
H000019,102,inspection_only;no_spatial_host;surface_parameters_missing,0,0,
H000019,103,inspection_only;no_spatial_host;surface_parameters_missing,0,0,
H000019,104,inspection_only;no_spatial_host;surface_parameters_missing,0,0,
H000019,105,inspection_only;no_spatial_host;surface_parameters_missing,0,0,
H000019,106,inspection_only;no_spatial_host;surface_parameters_missing,0,0,
H000019,107,inspection_only;no_spatial_host;surface_parameters_missing,0,0,
H000019,108,inspection_only;no_spatial_host;surface_parameters_missing,0,0,
H000019,109,inspection_only;no_spatial_host;surface_parameters_missing,0,0,
H000019,110,inspection_only;no_spatial_host;surface_parameters_missing,0,0,
H000019,111,inspection_only;no_spatial_host;surface_parameters_missing,0,0,
H000019,112,inspection_only;no_spatial_host;surface_parameters_missing,0,0,
H000019,113,inspection_only;no_spatial_host;surface_parameters_missing,0,0,
H000019,114,inspection_only;no_spatial_host;surface_parameters_missing,0,0,
H000019,115,inspection_only;no_spatial_host;surface_parameters_missing,0,0,
H000019,116,inspection_only;no_spatial_host;surface_parameters_missing,0,0,
H000019,117,inspection_only;no_spatial_host;surface_parameters_missing,0,0,
H000019,118,inspection_only;no_spatial_host;surface_parameters_missing,0,0,
H000019,119,inspection_only;no_spatial_host;surface_parameters_missing,0,0,
H000019,120,inspection_only;no_spatial_host;surface_parameters_missing,0,0,
H000019,121,inspection_only;no_spatial_host;surface_parameters_missing,0,0,
H000019,122,inspection_only;no_spatial_host;surface_parameters_missing,0,0,
H000019,123,inspection_only;no_spatial_host;surface_parameters_missing,0,0,
H000019,124,inspection_only;no_spatial_host;surface_parameters_missing,0,0,
H000019,125,inspection_only;no_spatial_host;surface_parameters_missing,0,0,
H000019,126,inspection_only;no_spatial_host;surface_parameters_missing,0,0,
H000019,127,inspection_only;no_spatial_host;surface_parameters_missing,0,0,
H000019,128,inspection_only;no_spatial_host;surface_parameters_missing,0,0,
H000019,129,inspection_only;no_spatial_host;surface_parameters_missing,0,0,
H000019,130,inspection_only;no_spatial_host;surface_parameters_missing,0,0,
H000019,131,inspection_only;no_spatial_host;surface_parameters_missing,0,0,
H000019,132,inspection_only;no_spatial_host;surface_parameters_missing,0,0,
H000019,133,inspection_only;no_spatial_host;surface_parameters_missing,0,0,
H000019,134,inspection_only;no_spatial_host;surface_parameters_missing,0,0,
H000019,135,inspection_only;no_spatial_host;surface_parameters_missing,0,0,
H000019,136,inspection_only;no_spatial_host;surface_parameters_missing,0,0,
H000019,137,inspection_only;no_spatial_host;surface_parameters_missing,0,0,
H000019,138,inspection_only;no_spatial_host;surface_parameters_missing,0,0,
H000019,139,inspection_only;no_spatial_host;surface_parameters_missing,0,0,
H000019,140,inspection_only;no_spatial_host;surface_parameters_missing,0,0,
H000019,141,inspection_only;no_spatial_host;surface_parameters_missing,0,0,
H000019,142,inspection_only;no_spatial_host;surface_parameters_missing,0,0,
H000019,143,inspection_only;no_spatial_host;surface_parameters_missing,0,0,
H000019,144,inspection_only;no_spatial_host;surface_parameters_missing,0,0,
H000019,145,inspection_only;no_spatial_host;surface_parameters_missing,0,0,
H000019,146,inspection_only;no_spatial_host;surface_parameters_missing,0,0,
H000019,147,inspection_only;no_spatial_host;surface_parameters_missing,0,0,
H000019,148,inspection_only;no_spatial_host;surface_parameters_missing,0,0,
H000019,149,inspection_only;no_spatial_host;surface_parameters_missing,0,0,
H000019,150,inspection_only;no_spatial_host;surface_parameters_missing,0,0,
H000019,151,inspection_only;no_spatial_host;surface_parameters_missing,0,0,
H000019,152,inspection_only;no_spatial_host;surface_parameters_missing,0,0,
H000019,153,inspection_only;no_spatial_host;surface_parameters_missing,0,0,
H000019,154,inspection_only;no_spatial_host;surface_parameters_missing,0,0,
H000019,155,inspection_only;no_spatial_host;surface_parameters_missing,0,0,
H000019,156,inspection_only;no_spatial_host;surface_parameters_missing,0,0,
H000019,157,inspection_only;no_spatial_host;surface_parameters_missing,0,0,
H000019,158,inspection_only;no_spatial_host;surface_parameters_missing,0,0,
H000019,159,inspection_only;no_spatial_host;surface_parameters_missing,0,0,
H000019,160,inspection_only;no_spatial_host;surface_parameters_missing,0,0,
H000019,161,inspection_only;no_spatial_host;surface_parameters_missing,0,0,
H000019,162,inspection_only;no_spatial_host;surface_parameters_missing,0,0,
H000019,163,inspection_only;no_spatial_host;surface_parameters_missing,0,0,
H000019,164,inspection_only;no_spatial_host;surface_parameters_missing,0,0,
H000019,165,inspection_only;no_spatial_host;surface_parameters_missing,0,0,
H000019,166,inspection_only;no_spatial_host;surface_parameters_missing,0,0,
H000019,167,inspection_only;no_spatial_host;surface_parameters_missing,0,0,
H000019,168,inspection_only;no_spatial_host;surface_parameters_missing,0,0,
H000019,169,inspection_only;no_spatial_host;surface_parameters_missing,0,0,
H000019,170,inspection_only;no_spatial_host;surface_parameters_missing,0,0,
H000019,171,inspection_only;no_spatial_host;surface_parameters_missing,0,0,
H000019,172,inspection_only;no_spatial_host;surface_parameters_missing,0,0,
H000019,173,inspection_only;no_spatial_host;surface_parameters_missing,0,0,
H000019,174,inspection_only;no_spatial_host;surface_parameters_missing,0,0,
H000019,175,inspection_only;no_spatial_host;surface_parameters_missing,0,0,
H000019,176,inspection_only;no_spatial_host;surface_parameters_missing,0,0,
H000019,177,inspection_only;no_spatial_host;surface_parameters_missing,0,0,
H000019,178,inspection_only;no_spatial_host;surface_parameters_missing,0,0,
H000019,179,inspection_only;no_spatial_host;surface_parameters_missing,0,0,
H000020,0,inspection_only;no_spatial_host;surface_parameters_missing,0,0,
H000020,1,inspection_only;no_spatial_host;surface_parameters_missing,0,0,
H000020,2,inspection_only;no_spatial_host;surface_parameters_missing,0,0,
H000020,3,inspection_only;no_spatial_host;surface_parameters_missing,0,0,
H000020,4,inspection_only;no_spatial_host;surface_parameters_missing,0,0,
H000020,5,inspection_only;no_spatial_host;surface_parameters_missing,0,0,
H000020,6,inspection_only;no_spatial_host;surface_parameters_missing,0,0,
H000020,7,inspection_only;no_spatial_host;surface_parameters_missing,0,0,
H000020,8,inspection_only;no_spatial_host;surface_parameters_missing,0,0,
H000020,9,inspection_only;no_spatial_host;surface_parameters_missing,0,0,
H000020,10,inspection_only;no_spatial_host;surface_parameters_missing,0,0,
H000020,11,inspection_only;no_spatial_host;surface_parameters_missing,0,0,
H000020,12,inspection_only;no_spatial_host;surface_parameters_missing,0,0,
H000020,13,inspection_only;no_spatial_host;surface_parameters_missing,0,0,
H000020,14,inspection_only;no_spatial_host;surface_parameters_missing,0,0,
H000020,15,inspection_only;no_spatial_host;surface_parameters_missing,0,0,
H000020,16,inspection_only;no_spatial_host;surface_parameters_missing,0,0,
H000020,17,inspection_only;no_spatial_host;surface_parameters_missing,0,0,
H000020,18,inspection_only;no_spatial_host;surface_parameters_missing,0,0,
H000020,19,inspection_only;no_spatial_host;surface_parameters_missing,0,0,
H000020,20,inspection_only;no_spatial_host;surface_parameters_missing,0,0,
H000020,21,inspection_only;no_spatial_host;surface_parameters_missing,0,0,
H000020,22,inspection_only;no_spatial_host;surface_parameters_missing,0,0,
H000020,23,inspection_only;no_spatial_host;surface_parameters_missing,0,0,
H000020,24,inspection_only;no_spatial_host;surface_parameters_missing,0,0,
H000020,25,inspection_only;no_spatial_host;surface_parameters_missing,0,0,
H000020,26,inspection_only;no_spatial_host;surface_parameters_missing,0,0,
H000020,27,inspection_only;no_spatial_host;surface_parameters_missing,0,0,
H000020,28,inspection_only;no_spatial_host;surface_parameters_missing,0,0,
H000020,29,inspection_only;no_spatial_host;surface_parameters_missing,0,0,
H000020,30,inspection_only;no_spatial_host;surface_parameters_missing,0,0,
H000020,31,inspection_only;no_spatial_host;surface_parameters_missing,0,0,
H000020,32,inspection_only;no_spatial_host;surface_parameters_missing,0,0,
H000020,33,inspection_only;no_spatial_host;surface_parameters_missing,0,0,
H000020,34,inspection_only;no_spatial_host;surface_parameters_missing,0,0,
H000020,35,inspection_only;no_spatial_host;surface_parameters_missing,0,0,
H000020,36,inspection_only;no_spatial_host;surface_parameters_missing,0,0,
H000020,37,inspection_only;no_spatial_host;surface_parameters_missing,0,0,
H000020,38,inspection_only;no_spatial_host;surface_parameters_missing,0,0,
H000020,39,inspection_only;no_spatial_host;surface_parameters_missing,0,0,
H000020,40,inspection_only;no_spatial_host;surface_parameters_missing,0,0,
H000020,41,inspection_only;no_spatial_host;surface_parameters_missing,0,0,
H000020,42,inspection_only;no_spatial_host;surface_parameters_missing,0,0,
H000020,43,inspection_only;no_spatial_host;surface_parameters_missing,0,0,
H000020,44,inspection_only;no_spatial_host;surface_parameters_missing,0,0,
H000020,45,inspection_only;no_spatial_host;surface_parameters_missing,0,0,
H000020,46,inspection_only;no_spatial_host;surface_parameters_missing,0,0,
H000020,47,inspection_only;no_spatial_host;surface_parameters_missing,0,0,
H000020,48,inspection_only;no_spatial_host;surface_parameters_missing,0,0,
H000020,49,inspection_only;no_spatial_host;surface_parameters_missing,0,0,
H000020,50,inspection_only;no_spatial_host;surface_parameters_missing,0,0,
H000020,51,inspection_only;no_spatial_host;surface_parameters_missing,0,0,
H000020,52,inspection_only;no_spatial_host;surface_parameters_missing,0,0,
H000020,53,inspection_only;no_spatial_host;surface_parameters_missing,0,0,
H000020,54,inspection_only;no_spatial_host;surface_parameters_missing,0,0,
H000020,55,inspection_only;no_spatial_host;surface_parameters_missing,0,0,
H000020,56,inspection_only;no_spatial_host;surface_parameters_missing,0,0,
H000020,57,inspection_only;no_spatial_host;surface_parameters_missing,0,0,
H000020,58,inspection_only;no_spatial_host;surface_parameters_missing,0,0,
H000020,59,inspection_only;no_spatial_host;surface_parameters_missing,0,0,
H000020,60,inspection_only;no_spatial_host;surface_parameters_missing,0,0,
H000020,61,inspection_only;no_spatial_host;surface_parameters_missing,0,0,
H000020,62,inspection_only;no_spatial_host;surface_parameters_missing,0,0,
H000020,63,inspection_only;no_spatial_host;surface_parameters_missing,0,0,
H000020,64,inspection_only;no_spatial_host;surface_parameters_missing,0,0,
H000020,65,inspection_only;no_spatial_host;surface_parameters_missing,0,0,
H000020,66,inspection_only;no_spatial_host;surface_parameters_missing,0,0,
H000020,67,inspection_only;no_spatial_host;surface_parameters_missing,0,0,
H000020,68,inspection_only;no_spatial_host;surface_parameters_missing,0,0,
H000020,69,inspection_only;no_spatial_host;surface_parameters_missing,0,0,
H000020,70,inspection_only;no_spatial_host;surface_parameters_missing,0,0,
H000020,71,inspection_only;no_spatial_host;surface_parameters_missing,0,0,
H000020,72,inspection_only;no_spatial_host;surface_parameters_missing,0,0,
H000020,73,inspection_only;no_spatial_host;surface_parameters_missing,0,0,
H000020,74,inspection_only;no_spatial_host;surface_parameters_missing,0,0,
H000020,75,inspection_only;no_spatial_host;surface_parameters_missing,0,0,
H000020,76,inspection_only;no_spatial_host;surface_parameters_missing,0,0,
H000020,77,inspection_only;no_spatial_host;surface_parameters_missing,0,0,
H000020,78,inspection_only;no_spatial_host;surface_parameters_missing,0,0,
H000020,79,inspection_only;no_spatial_host;surface_parameters_missing,0,0,
H000020,80,inspection_only;no_spatial_host;surface_parameters_missing,0,0,
H000020,81,inspection_only;no_spatial_host;surface_parameters_missing,0,0,
H000020,82,inspection_only;no_spatial_host;surface_parameters_missing,0,0,
H000020,83,inspection_only;no_spatial_host;surface_parameters_missing,0,0,
H000020,84,inspection_only;no_spatial_host;surface_parameters_missing,0,0,
H000020,85,inspection_only;no_spatial_host;surface_parameters_missing,0,0,
H000020,86,inspection_only;no_spatial_host;surface_parameters_missing,0,0,
H000020,87,inspection_only;no_spatial_host;surface_parameters_missing,0,0,
H000020,88,inspection_only;no_spatial_host;surface_parameters_missing,0,0,
H000020,89,inspection_only;no_spatial_host;surface_parameters_missing,0,0,
H000020,90,inspection_only;no_spatial_host;surface_parameters_missing,0,0,
H000020,91,inspection_only;no_spatial_host;surface_parameters_missing,0,0,
H000020,92,inspection_only;no_spatial_host;surface_parameters_missing,0,0,
H000020,93,inspection_only;no_spatial_host;surface_parameters_missing,0,0,
H000020,94,inspection_only;no_spatial_host;surface_parameters_missing,0,0,
H000020,95,inspection_only;no_spatial_host;surface_parameters_missing,0,0,
H000020,96,inspection_only;no_spatial_host;surface_parameters_missing,0,0,
H000020,97,inspection_only;no_spatial_host;surface_parameters_missing,0,0,
H000020,98,inspection_only;no_spatial_host;surface_parameters_missing,0,0,
H000020,99,inspection_only;no_spatial_host;surface_parameters_missing,0,0,
H000020,100,inspection_only;no_spatial_host;surface_parameters_missing,0,0,
H000020,101,inspection_only;no_spatial_host;surface_parameters_missing,0,0,
H000020,102,inspection_only;no_spatial_host;surface_parameters_missing,0,0,
H000020,103,inspection_only;no_spatial_host;surface_parameters_missing,0,0,
H000020,104,inspection_only;no_spatial_host;surface_parameters_missing,0,0,
H000020,105,inspection_only;no_spatial_host;surface_parameters_missing,0,0,
H000020,106,inspection_only;no_spatial_host;surface_parameters_missing,0,0,
H000020,107,inspection_only;no_spatial_host;surface_parameters_missing,0,0,
H000020,108,inspection_only;no_spatial_host;surface_parameters_missing,0,0,
H000020,109,inspection_only;no_spatial_host;surface_parameters_missing,0,0,
H000020,110,inspection_only;no_spatial_host;surface_parameters_missing,0,0,
H000020,111,inspection_only;no_spatial_host;surface_parameters_missing,0,0,
H000020,112,inspection_only;no_spatial_host;surface_parameters_missing,0,0,
H000020,113,inspection_only;no_spatial_host;surface_parameters_missing,0,0,
H000020,114,inspection_only;no_spatial_host;surface_parameters_missing,0,0,
H000020,115,inspection_only;no_spatial_host;surface_parameters_missing,0,0,
H000020,116,inspection_only;no_spatial_host;surface_parameters_missing,0,0,
H000020,117,inspection_only;no_spatial_host;surface_parameters_missing,0,0,
H000020,118,inspection_only;no_spatial_host;surface_parameters_missing,0,0,
H000020,119,inspection_only;no_spatial_host;surface_parameters_missing,0,0,
H000020,120,inspection_only;no_spatial_host;surface_parameters_missing,0,0,
H000020,121,inspection_only;no_spatial_host;surface_parameters_missing,0,0,
H000020,122,inspection_only;no_spatial_host;surface_parameters_missing,0,0,
H000020,123,inspection_only;no_spatial_host;surface_parameters_missing,0,0,
H000020,124,inspection_only;no_spatial_host;surface_parameters_missing,0,0,
H000020,125,inspection_only;no_spatial_host;surface_parameters_missing,0,0,
H000020,126,inspection_only;no_spatial_host;surface_parameters_missing,0,0,
H000020,127,inspection_only;no_spatial_host;surface_parameters_missing,0,0,
H000020,128,inspection_only;no_spatial_host;surface_parameters_missing,0,0,
H000020,129,inspection_only;no_spatial_host;surface_parameters_missing,0,0,
H000020,130,inspection_only;no_spatial_host;surface_parameters_missing,0,0,
H000020,131,inspection_only;no_spatial_host;surface_parameters_missing,0,0,
H000020,132,inspection_only;no_spatial_host;surface_parameters_missing,0,0,
H000020,133,inspection_only;no_spatial_host;surface_parameters_missing,0,0,
H000020,134,inspection_only;no_spatial_host;surface_parameters_missing,0,0,
H000020,135,inspection_only;no_spatial_host;surface_parameters_missing,0,0,
H000020,136,inspection_only;no_spatial_host;surface_parameters_missing,0,0,
H000020,137,inspection_only;no_spatial_host;surface_parameters_missing,0,0,
H000020,138,inspection_only;no_spatial_host;surface_parameters_missing,0,0,
H000020,139,inspection_only;no_spatial_host;surface_parameters_missing,0,0,
H000020,140,inspection_only;no_spatial_host;surface_parameters_missing,0,0,
H000020,141,inspection_only;no_spatial_host;surface_parameters_missing,0,0,
H000020,142,inspection_only;no_spatial_host;surface_parameters_missing,0,0,
H000020,143,inspection_only;no_spatial_host;surface_parameters_missing,0,0,
H000020,144,inspection_only;no_spatial_host;surface_parameters_missing,0,0,
H000020,145,inspection_only;no_spatial_host;surface_parameters_missing,0,0,
H000020,146,inspection_only;no_spatial_host;surface_parameters_missing,0,0,
H000020,147,inspection_only;no_spatial_host;surface_parameters_missing,0,0,
H000020,148,inspection_only;no_spatial_host;surface_parameters_missing,0,0,
H000020,149,inspection_only;no_spatial_host;surface_parameters_missing,0,0,
H000020,150,inspection_only;no_spatial_host;surface_parameters_missing,0,0,
H000020,151,inspection_only;no_spatial_host;surface_parameters_missing,0,0,
H000020,152,inspection_only;no_spatial_host;surface_parameters_missing,0,0,
H000020,153,inspection_only;no_spatial_host;surface_parameters_missing,0,0,
H000020,154,inspection_only;no_spatial_host;surface_parameters_missing,0,0,
H000020,155,inspection_only;no_spatial_host;surface_parameters_missing,0,0,
H000020,156,inspection_only;no_spatial_host;surface_parameters_missing,0,0,
H000020,157,inspection_only;no_spatial_host;surface_parameters_missing,0,0,
H000020,158,inspection_only;no_spatial_host;surface_parameters_missing,0,0,
H000020,159,inspection_only;no_spatial_host;surface_parameters_missing,0,0,
H000020,160,inspection_only;no_spatial_host;surface_parameters_missing,0,0,
H000020,161,inspection_only;no_spatial_host;surface_parameters_missing,0,0,
H000020,162,inspection_only;no_spatial_host;surface_parameters_missing,0,0,
H000020,163,inspection_only;no_spatial_host;surface_parameters_missing,0,0,
H000020,164,inspection_only;no_spatial_host;surface_parameters_missing,0,0,
H000020,165,inspection_only;no_spatial_host;surface_parameters_missing,0,0,
H000020,166,inspection_only;no_spatial_host;surface_parameters_missing,0,0,
H000020,167,inspection_only;no_spatial_host;surface_parameters_missing,0,0,
H000020,168,inspection_only;no_spatial_host;surface_parameters_missing,0,0,
H000020,169,inspection_only;no_spatial_host;surface_parameters_missing,0,0,
H000020,170,inspection_only;no_spatial_host;surface_parameters_missing,0,0,
H000020,171,inspection_only;no_spatial_host;surface_parameters_missing,0,0,
H000020,172,inspection_only;no_spatial_host;surface_parameters_missing,0,0,
H000020,173,inspection_only;no_spatial_host;surface_parameters_missing,0,0,
H000020,174,inspection_only;no_spatial_host;surface_parameters_missing,0,0,
H000020,175,inspection_only;no_spatial_host;surface_parameters_missing,0,0,
H000020,176,inspection_only;no_spatial_host;surface_parameters_missing,0,0,
H000020,177,inspection_only;no_spatial_host;surface_parameters_missing,0,0,
H000020,178,inspection_only;no_spatial_host;surface_parameters_missing,0,0,
H000020,179,inspection_only;no_spatial_host;surface_parameters_missing,0,0,
H000021,0,inspection_only;no_spatial_host;surface_parameters_missing,0,0,
H000021,1,inspection_only;no_spatial_host;surface_parameters_missing,0,0,
H000021,2,inspection_only;no_spatial_host;surface_parameters_missing,0,0,
H000021,3,inspection_only;no_spatial_host;surface_parameters_missing,0,0,
H000021,4,inspection_only;no_spatial_host;surface_parameters_missing,0,0,
H000021,5,inspection_only;no_spatial_host;surface_parameters_missing,0,0,
H000021,6,inspection_only;no_spatial_host;surface_parameters_missing,0,0,
H000021,7,inspection_only;no_spatial_host;surface_parameters_missing,0,0,
H000021,8,inspection_only;no_spatial_host;surface_parameters_missing,0,0,
H000021,9,inspection_only;no_spatial_host;surface_parameters_missing,0,0,
H000021,10,inspection_only;no_spatial_host;surface_parameters_missing,0,0,
H000021,11,inspection_only;no_spatial_host;surface_parameters_missing,0,0,
H000021,12,inspection_only;no_spatial_host;surface_parameters_missing,0,0,
H000021,13,inspection_only;no_spatial_host;surface_parameters_missing,0,0,
H000021,14,inspection_only;no_spatial_host;surface_parameters_missing,0,0,
H000021,15,inspection_only;no_spatial_host;surface_parameters_missing,0,0,
H000021,16,inspection_only;no_spatial_host;surface_parameters_missing,0,0,
H000021,17,inspection_only;no_spatial_host;surface_parameters_missing,0,0,
H000021,18,inspection_only;no_spatial_host;surface_parameters_missing,0,0,
H000021,19,inspection_only;no_spatial_host;surface_parameters_missing,0,0,
H000021,20,inspection_only;no_spatial_host;surface_parameters_missing,0,0,
H000021,21,inspection_only;no_spatial_host;surface_parameters_missing,0,0,
H000021,22,inspection_only;no_spatial_host;surface_parameters_missing,0,0,
H000021,23,inspection_only;no_spatial_host;surface_parameters_missing,0,0,
H000021,24,inspection_only;no_spatial_host;surface_parameters_missing,0,0,
H000021,25,inspection_only;no_spatial_host;surface_parameters_missing,0,0,
H000021,26,inspection_only;no_spatial_host;surface_parameters_missing,0,0,
H000021,27,inspection_only;no_spatial_host;surface_parameters_missing,0,0,
H000021,28,inspection_only;no_spatial_host;surface_parameters_missing,0,0,
H000021,29,inspection_only;no_spatial_host;surface_parameters_missing,0,0,
H000021,30,inspection_only;no_spatial_host;surface_parameters_missing,0,0,
H000021,31,inspection_only;no_spatial_host;surface_parameters_missing,0,0,
H000021,32,inspection_only;no_spatial_host;surface_parameters_missing,0,0,
H000021,33,inspection_only;no_spatial_host;surface_parameters_missing,0,0,
H000021,34,inspection_only;no_spatial_host;surface_parameters_missing,0,0,
H000021,35,inspection_only;no_spatial_host;surface_parameters_missing,0,0,
H000021,36,inspection_only;no_spatial_host;surface_parameters_missing,0,0,
H000021,37,inspection_only;no_spatial_host;surface_parameters_missing,0,0,
H000021,38,inspection_only;no_spatial_host;surface_parameters_missing,0,0,
H000021,39,inspection_only;no_spatial_host;surface_parameters_missing,0,0,
H000021,40,inspection_only;no_spatial_host;surface_parameters_missing,0,0,
H000021,41,inspection_only;no_spatial_host;surface_parameters_missing,0,0,
H000021,42,inspection_only;no_spatial_host;surface_parameters_missing,0,0,
H000021,43,inspection_only;no_spatial_host;surface_parameters_missing,0,0,
H000021,44,inspection_only;no_spatial_host;surface_parameters_missing,0,0,
H000021,45,inspection_only;no_spatial_host;surface_parameters_missing,0,0,
H000021,46,inspection_only;no_spatial_host;surface_parameters_missing,0,0,
H000021,47,inspection_only;no_spatial_host;surface_parameters_missing,0,0,
H000021,48,inspection_only;no_spatial_host;surface_parameters_missing,0,0,
H000021,49,inspection_only;no_spatial_host;surface_parameters_missing,0,0,
H000021,50,inspection_only;no_spatial_host;surface_parameters_missing,0,0,
H000021,51,inspection_only;no_spatial_host;surface_parameters_missing,0,0,
H000021,52,inspection_only;no_spatial_host;surface_parameters_missing,0,0,
H000021,53,inspection_only;no_spatial_host;surface_parameters_missing,0,0,
H000021,54,inspection_only;no_spatial_host;surface_parameters_missing,0,0,
H000021,55,inspection_only;no_spatial_host;surface_parameters_missing,0,0,
H000021,56,inspection_only;no_spatial_host;surface_parameters_missing,0,0,
H000021,57,inspection_only;no_spatial_host;surface_parameters_missing,0,0,
H000021,58,inspection_only;no_spatial_host;surface_parameters_missing,0,0,
H000021,59,inspection_only;no_spatial_host;surface_parameters_missing,0,0,
H000021,60,inspection_only;no_spatial_host;surface_parameters_missing,0,0,
H000021,61,inspection_only;no_spatial_host;surface_parameters_missing,0,0,
H000021,62,inspection_only;no_spatial_host;surface_parameters_missing,0,0,
H000021,63,inspection_only;no_spatial_host;surface_parameters_missing,0,0,
H000021,64,inspection_only;no_spatial_host;surface_parameters_missing,0,0,
H000021,65,inspection_only;no_spatial_host;surface_parameters_missing,0,0,
H000021,66,inspection_only;no_spatial_host;surface_parameters_missing,0,0,
H000021,67,inspection_only;no_spatial_host;surface_parameters_missing,0,0,
H000021,68,inspection_only;no_spatial_host;surface_parameters_missing,0,0,
H000021,69,inspection_only;no_spatial_host;surface_parameters_missing,0,0,
H000021,70,inspection_only;no_spatial_host;surface_parameters_missing,0,0,
H000021,71,inspection_only;no_spatial_host;surface_parameters_missing,0,0,
H000021,72,inspection_only;no_spatial_host;surface_parameters_missing,0,0,
H000021,73,inspection_only;no_spatial_host;surface_parameters_missing,0,0,
H000021,74,inspection_only;no_spatial_host;surface_parameters_missing,0,0,
H000021,75,inspection_only;no_spatial_host;surface_parameters_missing,0,0,
H000021,76,inspection_only;no_spatial_host;surface_parameters_missing,0,0,
H000021,77,inspection_only;no_spatial_host;surface_parameters_missing,0,0,
H000021,78,inspection_only;no_spatial_host;surface_parameters_missing,0,0,
H000021,79,inspection_only;no_spatial_host;surface_parameters_missing,0,0,
H000021,80,inspection_only;no_spatial_host;surface_parameters_missing,0,0,
H000021,81,inspection_only;no_spatial_host;surface_parameters_missing,0,0,
H000021,82,inspection_only;no_spatial_host;surface_parameters_missing,0,0,
H000021,83,inspection_only;no_spatial_host;surface_parameters_missing,0,0,
H000021,84,inspection_only;no_spatial_host;surface_parameters_missing,0,0,
H000021,85,inspection_only;no_spatial_host;surface_parameters_missing,0,0,
H000021,86,inspection_only;no_spatial_host;surface_parameters_missing,0,0,
H000021,87,inspection_only;no_spatial_host;surface_parameters_missing,0,0,
H000021,88,inspection_only;no_spatial_host;surface_parameters_missing,0,0,
H000021,89,inspection_only;no_spatial_host;surface_parameters_missing,0,0,
H000021,90,inspection_only;no_spatial_host;surface_parameters_missing,0,0,
H000021,91,inspection_only;no_spatial_host;surface_parameters_missing,0,0,
H000021,92,inspection_only;no_spatial_host;surface_parameters_missing,0,0,
H000021,93,inspection_only;no_spatial_host;surface_parameters_missing,0,0,
H000021,94,inspection_only;no_spatial_host;surface_parameters_missing,0,0,
H000021,95,inspection_only;no_spatial_host;surface_parameters_missing,0,0,
H000021,96,inspection_only;no_spatial_host;surface_parameters_missing,0,0,
H000021,97,inspection_only;no_spatial_host;surface_parameters_missing,0,0,
H000021,98,inspection_only;no_spatial_host;surface_parameters_missing,0,0,
H000021,99,inspection_only;no_spatial_host;surface_parameters_missing,0,0,
H000021,100,inspection_only;no_spatial_host;surface_parameters_missing,0,0,
H000021,101,inspection_only;no_spatial_host;surface_parameters_missing,0,0,
H000021,102,inspection_only;no_spatial_host;surface_parameters_missing,0,0,
H000021,103,inspection_only;no_spatial_host;surface_parameters_missing,0,0,
H000021,104,inspection_only;no_spatial_host;surface_parameters_missing,0,0,
H000021,105,inspection_only;no_spatial_host;surface_parameters_missing,0,0,
H000021,106,inspection_only;no_spatial_host;surface_parameters_missing,0,0,
H000021,107,inspection_only;no_spatial_host;surface_parameters_missing,0,0,
H000021,108,inspection_only;no_spatial_host;surface_parameters_missing,0,0,
H000021,109,inspection_only;no_spatial_host;surface_parameters_missing,0,0,
H000021,110,inspection_only;no_spatial_host;surface_parameters_missing,0,0,
H000021,111,inspection_only;no_spatial_host;surface_parameters_missing,0,0,
H000021,112,inspection_only;no_spatial_host;surface_parameters_missing,0,0,
H000021,113,inspection_only;no_spatial_host;surface_parameters_missing,0,0,
H000021,114,inspection_only;no_spatial_host;surface_parameters_missing,0,0,
H000021,115,inspection_only;no_spatial_host;surface_parameters_missing,0,0,
H000021,116,inspection_only;no_spatial_host;surface_parameters_missing,0,0,
H000021,117,inspection_only;no_spatial_host;surface_parameters_missing,0,0,
H000021,118,inspection_only;no_spatial_host;surface_parameters_missing,0,0,
H000021,119,inspection_only;no_spatial_host;surface_parameters_missing,0,0,
H000021,120,inspection_only;no_spatial_host;surface_parameters_missing,0,0,
H000021,121,inspection_only;no_spatial_host;surface_parameters_missing,0,0,
H000021,122,inspection_only;no_spatial_host;surface_parameters_missing,0,0,
H000021,123,inspection_only;no_spatial_host;surface_parameters_missing,0,0,
H000021,124,inspection_only;no_spatial_host;surface_parameters_missing,0,0,
H000021,125,inspection_only;no_spatial_host;surface_parameters_missing,0,0,
H000021,126,inspection_only;no_spatial_host;surface_parameters_missing,0,0,
H000021,127,inspection_only;no_spatial_host;surface_parameters_missing,0,0,
H000021,128,inspection_only;no_spatial_host;surface_parameters_missing,0,0,
H000021,129,inspection_only;no_spatial_host;surface_parameters_missing,0,0,
H000021,130,inspection_only;no_spatial_host;surface_parameters_missing,0,0,
H000021,131,inspection_only;no_spatial_host;surface_parameters_missing,0,0,
H000021,132,inspection_only;no_spatial_host;surface_parameters_missing,0,0,
H000021,133,inspection_only;no_spatial_host;surface_parameters_missing,0,0,
H000021,134,inspection_only;no_spatial_host;surface_parameters_missing,0,0,
H000021,135,inspection_only;no_spatial_host;surface_parameters_missing,0,0,
H000021,136,inspection_only;no_spatial_host;surface_parameters_missing,0,0,
H000021,137,inspection_only;no_spatial_host;surface_parameters_missing,0,0,
H000021,138,inspection_only;no_spatial_host;surface_parameters_missing,0,0,
H000021,139,inspection_only;no_spatial_host;surface_parameters_missing,0,0,
H000021,140,inspection_only;no_spatial_host;surface_parameters_missing,0,0,
H000021,141,inspection_only;no_spatial_host;surface_parameters_missing,0,0,
H000021,142,inspection_only;no_spatial_host;surface_parameters_missing,0,0,
H000021,143,inspection_only;no_spatial_host;surface_parameters_missing,0,0,
H000021,144,inspection_only;no_spatial_host;surface_parameters_missing,0,0,
H000021,145,inspection_only;no_spatial_host;surface_parameters_missing,0,0,
H000021,146,inspection_only;no_spatial_host;surface_parameters_missing,0,0,
H000021,147,inspection_only;no_spatial_host;surface_parameters_missing,0,0,
H000021,148,inspection_only;no_spatial_host;surface_parameters_missing,0,0,
H000021,149,inspection_only;no_spatial_host;surface_parameters_missing,0,0,
H000021,150,inspection_only;no_spatial_host;surface_parameters_missing,0,0,
H000021,151,inspection_only;no_spatial_host;surface_parameters_missing,0,0,
H000021,152,inspection_only;no_spatial_host;surface_parameters_missing,0,0,
H000021,153,inspection_only;no_spatial_host;surface_parameters_missing,0,0,
H000021,154,inspection_only;no_spatial_host;surface_parameters_missing,0,0,
H000021,155,inspection_only;no_spatial_host;surface_parameters_missing,0,0,
H000021,156,inspection_only;no_spatial_host;surface_parameters_missing,0,0,
H000021,157,inspection_only;no_spatial_host;surface_parameters_missing,0,0,
H000021,158,inspection_only;no_spatial_host;surface_parameters_missing,0,0,
H000021,159,inspection_only;no_spatial_host;surface_parameters_missing,0,0,
H000021,160,inspection_only;no_spatial_host;surface_parameters_missing,0,0,
H000021,161,inspection_only;no_spatial_host;surface_parameters_missing,0,0,
H000021,162,inspection_only;no_spatial_host;surface_parameters_missing,0,0,
H000021,163,inspection_only;no_spatial_host;surface_parameters_missing,0,0,
H000021,164,inspection_only;no_spatial_host;surface_parameters_missing,0,0,
H000021,165,inspection_only;no_spatial_host;surface_parameters_missing,0,0,
H000021,166,inspection_only;no_spatial_host;surface_parameters_missing,0,0,
H000021,167,inspection_only;no_spatial_host;surface_parameters_missing,0,0,
H000021,168,inspection_only;no_spatial_host;surface_parameters_missing,0,0,
H000021,169,inspection_only;no_spatial_host;surface_parameters_missing,0,0,
H000021,170,inspection_only;no_spatial_host;surface_parameters_missing,0,0,
H000021,171,inspection_only;no_spatial_host;surface_parameters_missing,0,0,
H000021,172,inspection_only;no_spatial_host;surface_parameters_missing,0,0,
H000021,173,inspection_only;no_spatial_host;surface_parameters_missing,0,0,
H000021,174,inspection_only;no_spatial_host;surface_parameters_missing,0,0,
H000021,175,inspection_only;no_spatial_host;surface_parameters_missing,0,0,
H000021,176,inspection_only;no_spatial_host;surface_parameters_missing,0,0,
H000021,177,inspection_only;no_spatial_host;surface_parameters_missing,0,0,
H000021,178,inspection_only;no_spatial_host;surface_parameters_missing,0,0,
H000021,179,inspection_only;no_spatial_host;surface_parameters_missing,0,0,
H000022,0,inspection_only;no_spatial_host;surface_parameters_missing,0,0,
H000022,1,inspection_only;no_spatial_host;surface_parameters_missing,0,0,
H000022,2,inspection_only;no_spatial_host;surface_parameters_missing,0,0,
H000022,3,inspection_only;no_spatial_host;surface_parameters_missing,0,0,
H000022,4,inspection_only;no_spatial_host;surface_parameters_missing,0,0,
H000022,5,inspection_only;no_spatial_host;surface_parameters_missing,0,0,
H000022,6,inspection_only;no_spatial_host;surface_parameters_missing,0,0,
H000022,7,inspection_only;no_spatial_host;surface_parameters_missing,0,0,
H000022,8,inspection_only;no_spatial_host;surface_parameters_missing,0,0,
H000022,9,inspection_only;no_spatial_host;surface_parameters_missing,0,0,
H000022,10,inspection_only;no_spatial_host;surface_parameters_missing,0,0,
H000022,11,inspection_only;no_spatial_host;surface_parameters_missing,0,0,
H000022,12,inspection_only;no_spatial_host;surface_parameters_missing,0,0,
H000022,13,inspection_only;no_spatial_host;surface_parameters_missing,0,0,
H000022,14,inspection_only;no_spatial_host;surface_parameters_missing,0,0,
H000022,15,inspection_only;no_spatial_host;surface_parameters_missing,0,0,
H000022,16,inspection_only;no_spatial_host;surface_parameters_missing,0,0,
H000022,17,inspection_only;no_spatial_host;surface_parameters_missing,0,0,
H000022,18,inspection_only;no_spatial_host;surface_parameters_missing,0,0,
H000022,19,inspection_only;no_spatial_host;surface_parameters_missing,0,0,
H000022,20,inspection_only;no_spatial_host;surface_parameters_missing,0,0,
H000022,21,inspection_only;no_spatial_host;surface_parameters_missing,0,0,
H000022,22,inspection_only;no_spatial_host;surface_parameters_missing,0,0,
H000022,23,inspection_only;no_spatial_host;surface_parameters_missing,0,0,
H000022,24,inspection_only;no_spatial_host;surface_parameters_missing,0,0,
H000022,25,inspection_only;no_spatial_host;surface_parameters_missing,0,0,
H000022,26,inspection_only;no_spatial_host;surface_parameters_missing,0,0,
H000022,27,inspection_only;no_spatial_host;surface_parameters_missing,0,0,
H000022,28,inspection_only;no_spatial_host;surface_parameters_missing,0,0,
H000022,29,inspection_only;no_spatial_host;surface_parameters_missing,0,0,
H000022,30,inspection_only;no_spatial_host;surface_parameters_missing,0,0,
H000022,31,inspection_only;no_spatial_host;surface_parameters_missing,0,0,
H000022,32,inspection_only;no_spatial_host;surface_parameters_missing,0,0,
H000022,33,inspection_only;no_spatial_host;surface_parameters_missing,0,0,
H000022,34,inspection_only;no_spatial_host;surface_parameters_missing,0,0,
H000022,35,inspection_only;no_spatial_host;surface_parameters_missing,0,0,
H000022,36,inspection_only;no_spatial_host;surface_parameters_missing,0,0,
H000022,37,inspection_only;no_spatial_host;surface_parameters_missing,0,0,
H000022,38,inspection_only;no_spatial_host;surface_parameters_missing,0,0,
H000022,39,inspection_only;no_spatial_host;surface_parameters_missing,0,0,
H000022,40,inspection_only;no_spatial_host;surface_parameters_missing,0,0,
H000022,41,inspection_only;no_spatial_host;surface_parameters_missing,0,0,
H000022,42,inspection_only;no_spatial_host;surface_parameters_missing,0,0,
H000022,43,inspection_only;no_spatial_host;surface_parameters_missing,0,0,
H000022,44,inspection_only;no_spatial_host;surface_parameters_missing,0,0,
H000022,45,inspection_only;no_spatial_host;surface_parameters_missing,0,0,
H000022,46,inspection_only;no_spatial_host;surface_parameters_missing,0,0,
H000022,47,inspection_only;no_spatial_host;surface_parameters_missing,0,0,
H000022,48,inspection_only;no_spatial_host;surface_parameters_missing,0,0,
H000022,49,inspection_only;no_spatial_host;surface_parameters_missing,0,0,
H000022,50,inspection_only;no_spatial_host;surface_parameters_missing,0,0,
H000022,51,inspection_only;no_spatial_host;surface_parameters_missing,0,0,
H000022,52,inspection_only;no_spatial_host;surface_parameters_missing,0,0,
H000022,53,inspection_only;no_spatial_host;surface_parameters_missing,0,0,
H000022,54,inspection_only;no_spatial_host;surface_parameters_missing,0,0,
H000022,55,inspection_only;no_spatial_host;surface_parameters_missing,0,0,
H000022,56,inspection_only;no_spatial_host;surface_parameters_missing,0,0,
H000022,57,inspection_only;no_spatial_host;surface_parameters_missing,0,0,
H000022,58,inspection_only;no_spatial_host;surface_parameters_missing,0,0,
H000022,59,inspection_only;no_spatial_host;surface_parameters_missing,0,0,
H000022,60,inspection_only;no_spatial_host;surface_parameters_missing,0,0,
H000022,61,inspection_only;no_spatial_host;surface_parameters_missing,0,0,
H000022,62,inspection_only;no_spatial_host;surface_parameters_missing,0,0,
H000022,63,inspection_only;no_spatial_host;surface_parameters_missing,0,0,
H000022,64,inspection_only;no_spatial_host;surface_parameters_missing,0,0,
H000022,65,inspection_only;no_spatial_host;surface_parameters_missing,0,0,
H000022,66,inspection_only;no_spatial_host;surface_parameters_missing,0,0,
H000022,67,inspection_only;no_spatial_host;surface_parameters_missing,0,0,
H000022,68,inspection_only;no_spatial_host;surface_parameters_missing,0,0,
H000022,69,inspection_only;no_spatial_host;surface_parameters_missing,0,0,
H000022,70,inspection_only;no_spatial_host;surface_parameters_missing,0,0,
H000022,71,inspection_only;no_spatial_host;surface_parameters_missing,0,0,
H000022,72,inspection_only;no_spatial_host;surface_parameters_missing,0,0,
H000022,73,inspection_only;no_spatial_host;surface_parameters_missing,0,0,
H000022,74,inspection_only;no_spatial_host;surface_parameters_missing,0,0,
H000022,75,inspection_only;no_spatial_host;surface_parameters_missing,0,0,
H000022,76,inspection_only;no_spatial_host;surface_parameters_missing,0,0,
H000022,77,inspection_only;no_spatial_host;surface_parameters_missing,0,0,
H000022,78,inspection_only;no_spatial_host;surface_parameters_missing,0,0,
H000022,79,inspection_only;no_spatial_host;surface_parameters_missing,0,0,
H000022,80,inspection_only;no_spatial_host;surface_parameters_missing,0,0,
H000022,81,inspection_only;no_spatial_host;surface_parameters_missing,0,0,
H000022,82,inspection_only;no_spatial_host;surface_parameters_missing,0,0,
H000022,83,inspection_only;no_spatial_host;surface_parameters_missing,0,0,
H000022,84,inspection_only;no_spatial_host;surface_parameters_missing,0,0,
H000022,85,inspection_only;no_spatial_host;surface_parameters_missing,0,0,
H000022,86,inspection_only;no_spatial_host;surface_parameters_missing,0,0,
H000022,87,inspection_only;no_spatial_host;surface_parameters_missing,0,0,
H000022,88,inspection_only;no_spatial_host;surface_parameters_missing,0,0,
H000022,89,inspection_only;no_spatial_host;surface_parameters_missing,0,0,
H000022,90,inspection_only;no_spatial_host;surface_parameters_missing,0,0,
H000022,91,inspection_only;no_spatial_host;surface_parameters_missing,0,0,
H000022,92,inspection_only;no_spatial_host;surface_parameters_missing,0,0,
H000022,93,inspection_only;no_spatial_host;surface_parameters_missing,0,0,
H000022,94,inspection_only;no_spatial_host;surface_parameters_missing,0,0,
H000022,95,inspection_only;no_spatial_host;surface_parameters_missing,0,0,
H000022,96,inspection_only;no_spatial_host;surface_parameters_missing,0,0,
H000022,97,inspection_only;no_spatial_host;surface_parameters_missing,0,0,
H000022,98,inspection_only;no_spatial_host;surface_parameters_missing,0,0,
H000022,99,inspection_only;no_spatial_host;surface_parameters_missing,0,0,
H000022,100,inspection_only;no_spatial_host;surface_parameters_missing,0,0,
H000022,101,inspection_only;no_spatial_host;surface_parameters_missing,0,0,
H000022,102,inspection_only;no_spatial_host;surface_parameters_missing,0,0,
H000022,103,inspection_only;no_spatial_host;surface_parameters_missing,0,0,
H000022,104,inspection_only;no_spatial_host;surface_parameters_missing,0,0,
H000022,105,inspection_only;no_spatial_host;surface_parameters_missing,0,0,
H000022,106,inspection_only;no_spatial_host;surface_parameters_missing,0,0,
H000022,107,inspection_only;no_spatial_host;surface_parameters_missing,0,0,
H000022,108,inspection_only;no_spatial_host;surface_parameters_missing,0,0,
H000022,109,inspection_only;no_spatial_host;surface_parameters_missing,0,0,
H000022,110,inspection_only;no_spatial_host;surface_parameters_missing,0,0,
H000022,111,inspection_only;no_spatial_host;surface_parameters_missing,0,0,
H000022,112,inspection_only;no_spatial_host;surface_parameters_missing,0,0,
H000022,113,inspection_only;no_spatial_host;surface_parameters_missing,0,0,
H000022,114,inspection_only;no_spatial_host;surface_parameters_missing,0,0,
H000022,115,inspection_only;no_spatial_host;surface_parameters_missing,0,0,
H000022,116,inspection_only;no_spatial_host;surface_parameters_missing,0,0,
H000022,117,inspection_only;no_spatial_host;surface_parameters_missing,0,0,
H000022,118,inspection_only;no_spatial_host;surface_parameters_missing,0,0,
H000022,119,inspection_only;no_spatial_host;surface_parameters_missing,0,0,
H000022,120,inspection_only;no_spatial_host;surface_parameters_missing,0,0,
H000022,121,inspection_only;no_spatial_host;surface_parameters_missing,0,0,
H000022,122,inspection_only;no_spatial_host;surface_parameters_missing,0,0,
H000022,123,inspection_only;no_spatial_host;surface_parameters_missing,0,0,
H000022,124,inspection_only;no_spatial_host;surface_parameters_missing,0,0,
H000022,125,inspection_only;no_spatial_host;surface_parameters_missing,0,0,
H000022,126,inspection_only;no_spatial_host;surface_parameters_missing,0,0,
H000022,127,inspection_only;no_spatial_host;surface_parameters_missing,0,0,
H000022,128,inspection_only;no_spatial_host;surface_parameters_missing,0,0,
H000022,129,inspection_only;no_spatial_host;surface_parameters_missing,0,0,
H000022,130,inspection_only;no_spatial_host;surface_parameters_missing,0,0,
H000022,131,inspection_only;no_spatial_host;surface_parameters_missing,0,0,
H000022,132,inspection_only;no_spatial_host;surface_parameters_missing,0,0,
H000022,133,inspection_only;no_spatial_host;surface_parameters_missing,0,0,
H000022,134,inspection_only;no_spatial_host;surface_parameters_missing,0,0,
H000022,135,inspection_only;no_spatial_host;surface_parameters_missing,0,0,
H000022,136,inspection_only;no_spatial_host;surface_parameters_missing,0,0,
H000022,137,inspection_only;no_spatial_host;surface_parameters_missing,0,0,
H000022,138,inspection_only;no_spatial_host;surface_parameters_missing,0,0,
H000022,139,inspection_only;no_spatial_host;surface_parameters_missing,0,0,
H000022,140,inspection_only;no_spatial_host;surface_parameters_missing,0,0,
H000022,141,inspection_only;no_spatial_host;surface_parameters_missing,0,0,
H000022,142,inspection_only;no_spatial_host;surface_parameters_missing,0,0,
H000022,143,inspection_only;no_spatial_host;surface_parameters_missing,0,0,
H000022,144,inspection_only;no_spatial_host;surface_parameters_missing,0,0,
H000022,145,inspection_only;no_spatial_host;surface_parameters_missing,0,0,
H000022,146,inspection_only;no_spatial_host;surface_parameters_missing,0,0,
H000022,147,inspection_only;no_spatial_host;surface_parameters_missing,0,0,
H000022,148,inspection_only;no_spatial_host;surface_parameters_missing,0,0,
H000022,149,inspection_only;no_spatial_host;surface_parameters_missing,0,0,
H000022,150,inspection_only;no_spatial_host;surface_parameters_missing,0,0,
H000022,151,inspection_only;no_spatial_host;surface_parameters_missing,0,0,
H000022,152,inspection_only;no_spatial_host;surface_parameters_missing,0,0,
H000022,153,inspection_only;no_spatial_host;surface_parameters_missing,0,0,
H000022,154,inspection_only;no_spatial_host;surface_parameters_missing,0,0,
H000022,155,inspection_only;no_spatial_host;surface_parameters_missing,0,0,
H000022,156,inspection_only;no_spatial_host;surface_parameters_missing,0,0,
H000022,157,inspection_only;no_spatial_host;surface_parameters_missing,0,0,
H000022,158,inspection_only;no_spatial_host;surface_parameters_missing,0,0,
H000022,159,inspection_only;no_spatial_host;surface_parameters_missing,0,0,
H000022,160,inspection_only;no_spatial_host;surface_parameters_missing,0,0,
H000022,161,inspection_only;no_spatial_host;surface_parameters_missing,0,0,
H000022,162,inspection_only;no_spatial_host;surface_parameters_missing,0,0,
H000022,163,inspection_only;no_spatial_host;surface_parameters_missing,0,0,
H000022,164,inspection_only;no_spatial_host;surface_parameters_missing,0,0,
H000022,165,inspection_only;no_spatial_host;surface_parameters_missing,0,0,
H000022,166,inspection_only;no_spatial_host;surface_parameters_missing,0,0,
H000022,167,inspection_only;no_spatial_host;surface_parameters_missing,0,0,
H000022,168,inspection_only;no_spatial_host;surface_parameters_missing,0,0,
H000022,169,inspection_only;no_spatial_host;surface_parameters_missing,0,0,
H000022,170,inspection_only;no_spatial_host;surface_parameters_missing,0,0,
H000022,171,inspection_only;no_spatial_host;surface_parameters_missing,0,0,
H000022,172,inspection_only;no_spatial_host;surface_parameters_missing,0,0,
H000022,173,inspection_only;no_spatial_host;surface_parameters_missing,0,0,
H000022,174,inspection_only;no_spatial_host;surface_parameters_missing,0,0,
H000022,175,inspection_only;no_spatial_host;surface_parameters_missing,0,0,
H000022,176,inspection_only;no_spatial_host;surface_parameters_missing,0,0,
H000022,177,inspection_only;no_spatial_host;surface_parameters_missing,0,0,
H000022,178,inspection_only;no_spatial_host;surface_parameters_missing,0,0,
H000022,179,inspection_only;no_spatial_host;surface_parameters_missing,0,0,
H000023,0,inspection_only;no_spatial_host;surface_parameters_missing,0,0,
H000023,1,inspection_only;no_spatial_host;surface_parameters_missing,0,0,
H000023,2,inspection_only;no_spatial_host;surface_parameters_missing,0,0,
H000023,3,inspection_only;no_spatial_host;surface_parameters_missing,0,0,
H000023,4,inspection_only;no_spatial_host;surface_parameters_missing,0,0,
H000023,5,inspection_only;no_spatial_host;surface_parameters_missing,0,0,
H000023,6,inspection_only;no_spatial_host;surface_parameters_missing,0,0,
H000023,7,inspection_only;no_spatial_host;surface_parameters_missing,0,0,
H000023,8,inspection_only;no_spatial_host;surface_parameters_missing,0,0,
H000023,9,inspection_only;no_spatial_host;surface_parameters_missing,0,0,
H000023,10,inspection_only;no_spatial_host;surface_parameters_missing,0,0,
H000023,11,inspection_only;no_spatial_host;surface_parameters_missing,0,0,
H000023,12,inspection_only;no_spatial_host;surface_parameters_missing,0,0,
H000023,13,inspection_only;no_spatial_host;surface_parameters_missing,0,0,
H000023,14,inspection_only;no_spatial_host;surface_parameters_missing,0,0,
H000023,15,inspection_only;no_spatial_host;surface_parameters_missing,0,0,
H000023,16,inspection_only;no_spatial_host;surface_parameters_missing,0,0,
H000023,17,inspection_only;no_spatial_host;surface_parameters_missing,0,0,
H000023,18,inspection_only;no_spatial_host;surface_parameters_missing,0,0,
H000023,19,inspection_only;no_spatial_host;surface_parameters_missing,0,0,
H000023,20,inspection_only;no_spatial_host;surface_parameters_missing,0,0,
H000023,21,inspection_only;no_spatial_host;surface_parameters_missing,0,0,
H000023,22,inspection_only;no_spatial_host;surface_parameters_missing,0,0,
H000023,23,inspection_only;no_spatial_host;surface_parameters_missing,0,0,
H000023,24,inspection_only;no_spatial_host;surface_parameters_missing,0,0,
H000023,25,inspection_only;no_spatial_host;surface_parameters_missing,0,0,
H000023,26,inspection_only;no_spatial_host;surface_parameters_missing,0,0,
H000023,27,inspection_only;no_spatial_host;surface_parameters_missing,0,0,
H000023,28,inspection_only;no_spatial_host;surface_parameters_missing,0,0,
H000023,29,inspection_only;no_spatial_host;surface_parameters_missing,0,0,
H000023,30,inspection_only;no_spatial_host;surface_parameters_missing,0,0,
H000023,31,inspection_only;no_spatial_host;surface_parameters_missing,0,0,
H000023,32,inspection_only;no_spatial_host;surface_parameters_missing,0,0,
H000023,33,inspection_only;no_spatial_host;surface_parameters_missing,0,0,
H000023,34,inspection_only;no_spatial_host;surface_parameters_missing,0,0,
H000023,35,inspection_only;no_spatial_host;surface_parameters_missing,0,0,
H000023,36,inspection_only;no_spatial_host;surface_parameters_missing,0,0,
H000023,37,inspection_only;no_spatial_host;surface_parameters_missing,0,0,
H000023,38,inspection_only;no_spatial_host;surface_parameters_missing,0,0,
H000023,39,inspection_only;no_spatial_host;surface_parameters_missing,0,0,
H000023,40,inspection_only;no_spatial_host;surface_parameters_missing,0,0,
H000023,41,inspection_only;no_spatial_host;surface_parameters_missing,0,0,
H000023,42,inspection_only;no_spatial_host;surface_parameters_missing,0,0,
H000023,43,inspection_only;no_spatial_host;surface_parameters_missing,0,0,
H000023,44,inspection_only;no_spatial_host;surface_parameters_missing,0,0,
H000023,45,inspection_only;no_spatial_host;surface_parameters_missing,0,0,
H000023,46,inspection_only;no_spatial_host;surface_parameters_missing,0,0,
H000023,47,inspection_only;no_spatial_host;surface_parameters_missing,0,0,
H000023,48,inspection_only;no_spatial_host;surface_parameters_missing,0,0,
H000023,49,inspection_only;no_spatial_host;surface_parameters_missing,0,0,
H000023,50,inspection_only;no_spatial_host;surface_parameters_missing,0,0,
H000023,51,inspection_only;no_spatial_host;surface_parameters_missing,0,0,
H000023,52,inspection_only;no_spatial_host;surface_parameters_missing,0,0,
H000023,53,inspection_only;no_spatial_host;surface_parameters_missing,0,0,
H000023,54,inspection_only;no_spatial_host;surface_parameters_missing,0,0,
H000023,55,inspection_only;no_spatial_host;surface_parameters_missing,0,0,
H000023,56,inspection_only;no_spatial_host;surface_parameters_missing,0,0,
H000023,57,inspection_only;no_spatial_host;surface_parameters_missing,0,0,
H000023,58,inspection_only;no_spatial_host;surface_parameters_missing,0,0,
H000023,59,inspection_only;no_spatial_host;surface_parameters_missing,0,0,
H000023,60,inspection_only;no_spatial_host;surface_parameters_missing,0,0,
H000023,61,inspection_only;no_spatial_host;surface_parameters_missing,0,0,
H000023,62,inspection_only;no_spatial_host;surface_parameters_missing,0,0,
H000023,63,inspection_only;no_spatial_host;surface_parameters_missing,0,0,
H000023,64,inspection_only;no_spatial_host;surface_parameters_missing,0,0,
H000023,65,inspection_only;no_spatial_host;surface_parameters_missing,0,0,
H000023,66,inspection_only;no_spatial_host;surface_parameters_missing,0,0,
H000023,67,inspection_only;no_spatial_host;surface_parameters_missing,0,0,
H000023,68,inspection_only;no_spatial_host;surface_parameters_missing,0,0,
H000023,69,inspection_only;no_spatial_host;surface_parameters_missing,0,0,
H000023,70,inspection_only;no_spatial_host;surface_parameters_missing,0,0,
H000023,71,inspection_only;no_spatial_host;surface_parameters_missing,0,0,
H000023,72,inspection_only;no_spatial_host;surface_parameters_missing,0,0,
H000023,73,inspection_only;no_spatial_host;surface_parameters_missing,0,0,
H000023,74,inspection_only;no_spatial_host;surface_parameters_missing,0,0,
H000023,75,inspection_only;no_spatial_host;surface_parameters_missing,0,0,
H000023,76,inspection_only;no_spatial_host;surface_parameters_missing,0,0,
H000023,77,inspection_only;no_spatial_host;surface_parameters_missing,0,0,
H000023,78,inspection_only;no_spatial_host;surface_parameters_missing,0,0,
H000023,79,inspection_only;no_spatial_host;surface_parameters_missing,0,0,
H000023,80,inspection_only;no_spatial_host;surface_parameters_missing,0,0,
H000023,81,inspection_only;no_spatial_host;surface_parameters_missing,0,0,
H000023,82,inspection_only;no_spatial_host;surface_parameters_missing,0,0,
H000023,83,inspection_only;no_spatial_host;surface_parameters_missing,0,0,
H000023,84,inspection_only;no_spatial_host;surface_parameters_missing,0,0,
H000023,85,inspection_only;no_spatial_host;surface_parameters_missing,0,0,
H000023,86,inspection_only;no_spatial_host;surface_parameters_missing,0,0,
H000023,87,inspection_only;no_spatial_host;surface_parameters_missing,0,0,
H000023,88,inspection_only;no_spatial_host;surface_parameters_missing,0,0,
H000023,89,inspection_only;no_spatial_host;surface_parameters_missing,0,0,
H000023,90,inspection_only;no_spatial_host;surface_parameters_missing,0,0,
H000023,91,inspection_only;no_spatial_host;surface_parameters_missing,0,0,
H000023,92,inspection_only;no_spatial_host;surface_parameters_missing,0,0,
H000023,93,inspection_only;no_spatial_host;surface_parameters_missing,0,0,
H000023,94,inspection_only;no_spatial_host;surface_parameters_missing,0,0,
H000023,95,inspection_only;no_spatial_host;surface_parameters_missing,0,0,
H000023,96,inspection_only;no_spatial_host;surface_parameters_missing,0,0,
H000023,97,inspection_only;no_spatial_host;surface_parameters_missing,0,0,
H000023,98,inspection_only;no_spatial_host;surface_parameters_missing,0,0,
H000023,99,inspection_only;no_spatial_host;surface_parameters_missing,0,0,
H000023,100,inspection_only;no_spatial_host;surface_parameters_missing,0,0,
H000023,101,inspection_only;no_spatial_host;surface_parameters_missing,0,0,
H000023,102,inspection_only;no_spatial_host;surface_parameters_missing,0,0,
H000023,103,inspection_only;no_spatial_host;surface_parameters_missing,0,0,
H000023,104,inspection_only;no_spatial_host;surface_parameters_missing,0,0,
H000023,105,inspection_only;no_spatial_host;surface_parameters_missing,0,0,
H000023,106,inspection_only;no_spatial_host;surface_parameters_missing,0,0,
H000023,107,inspection_only;no_spatial_host;surface_parameters_missing,0,0,
H000023,108,inspection_only;no_spatial_host;surface_parameters_missing,0,0,
H000023,109,inspection_only;no_spatial_host;surface_parameters_missing,0,0,
H000023,110,inspection_only;no_spatial_host;surface_parameters_missing,0,0,
H000023,111,inspection_only;no_spatial_host;surface_parameters_missing,0,0,
H000023,112,inspection_only;no_spatial_host;surface_parameters_missing,0,0,
H000023,113,inspection_only;no_spatial_host;surface_parameters_missing,0,0,
H000023,114,inspection_only;no_spatial_host;surface_parameters_missing,0,0,
H000023,115,inspection_only;no_spatial_host;surface_parameters_missing,0,0,
H000023,116,inspection_only;no_spatial_host;surface_parameters_missing,0,0,
H000023,117,inspection_only;no_spatial_host;surface_parameters_missing,0,0,
H000023,118,inspection_only;no_spatial_host;surface_parameters_missing,0,0,
H000023,119,inspection_only;no_spatial_host;surface_parameters_missing,0,0,
H000023,120,inspection_only;no_spatial_host;surface_parameters_missing,0,0,
H000023,121,inspection_only;no_spatial_host;surface_parameters_missing,0,0,
H000023,122,inspection_only;no_spatial_host;surface_parameters_missing,0,0,
H000023,123,inspection_only;no_spatial_host;surface_parameters_missing,0,0,
H000023,124,inspection_only;no_spatial_host;surface_parameters_missing,0,0,
H000023,125,inspection_only;no_spatial_host;surface_parameters_missing,0,0,
H000023,126,inspection_only;no_spatial_host;surface_parameters_missing,0,0,
H000023,127,inspection_only;no_spatial_host;surface_parameters_missing,0,0,
H000023,128,inspection_only;no_spatial_host;surface_parameters_missing,0,0,
H000023,129,inspection_only;no_spatial_host;surface_parameters_missing,0,0,
H000023,130,inspection_only;no_spatial_host;surface_parameters_missing,0,0,
H000023,131,inspection_only;no_spatial_host;surface_parameters_missing,0,0,
H000023,132,inspection_only;no_spatial_host;surface_parameters_missing,0,0,
H000023,133,inspection_only;no_spatial_host;surface_parameters_missing,0,0,
H000023,134,inspection_only;no_spatial_host;surface_parameters_missing,0,0,
H000023,135,inspection_only;no_spatial_host;surface_parameters_missing,0,0,
H000023,136,inspection_only;no_spatial_host;surface_parameters_missing,0,0,
H000023,137,inspection_only;no_spatial_host;surface_parameters_missing,0,0,
H000023,138,inspection_only;no_spatial_host;surface_parameters_missing,0,0,
H000023,139,inspection_only;no_spatial_host;surface_parameters_missing,0,0,
H000023,140,inspection_only;no_spatial_host;surface_parameters_missing,0,0,
H000023,141,inspection_only;no_spatial_host;surface_parameters_missing,0,0,
H000023,142,inspection_only;no_spatial_host;surface_parameters_missing,0,0,
H000023,143,inspection_only;no_spatial_host;surface_parameters_missing,0,0,
H000023,144,inspection_only;no_spatial_host;surface_parameters_missing,0,0,
H000023,145,inspection_only;no_spatial_host;surface_parameters_missing,0,0,
H000023,146,inspection_only;no_spatial_host;surface_parameters_missing,0,0,
H000023,147,inspection_only;no_spatial_host;surface_parameters_missing,0,0,
H000023,148,inspection_only;no_spatial_host;surface_parameters_missing,0,0,
H000023,149,inspection_only;no_spatial_host;surface_parameters_missing,0,0,
H000023,150,inspection_only;no_spatial_host;surface_parameters_missing,0,0,
H000023,151,inspection_only;no_spatial_host;surface_parameters_missing,0,0,
H000023,152,inspection_only;no_spatial_host;surface_parameters_missing,0,0,
H000023,153,inspection_only;no_spatial_host;surface_parameters_missing,0,0,
H000023,154,inspection_only;no_spatial_host;surface_parameters_missing,0,0,
H000023,155,inspection_only;no_spatial_host;surface_parameters_missing,0,0,
H000023,156,inspection_only;no_spatial_host;surface_parameters_missing,0,0,
H000023,157,inspection_only;no_spatial_host;surface_parameters_missing,0,0,
H000023,158,inspection_only;no_spatial_host;surface_parameters_missing,0,0,
H000023,159,inspection_only;no_spatial_host;surface_parameters_missing,0,0,
H000023,160,inspection_only;no_spatial_host;surface_parameters_missing,0,0,
H000023,161,inspection_only;no_spatial_host;surface_parameters_missing,0,0,
H000023,162,inspection_only;no_spatial_host;surface_parameters_missing,0,0,
H000023,163,inspection_only;no_spatial_host;surface_parameters_missing,0,0,
H000023,164,inspection_only;no_spatial_host;surface_parameters_missing,0,0,
H000023,165,inspection_only;no_spatial_host;surface_parameters_missing,0,0,
H000023,166,inspection_only;no_spatial_host;surface_parameters_missing,0,0,
H000023,167,inspection_only;no_spatial_host;surface_parameters_missing,0,0,
H000023,168,inspection_only;no_spatial_host;surface_parameters_missing,0,0,
H000023,169,inspection_only;no_spatial_host;surface_parameters_missing,0,0,
H000023,170,inspection_only;no_spatial_host;surface_parameters_missing,0,0,
H000023,171,inspection_only;no_spatial_host;surface_parameters_missing,0,0,
H000023,172,inspection_only;no_spatial_host;surface_parameters_missing,0,0,
H000023,173,inspection_only;no_spatial_host;surface_parameters_missing,0,0,
H000023,174,inspection_only;no_spatial_host;surface_parameters_missing,0,0,
H000023,175,inspection_only;no_spatial_host;surface_parameters_missing,0,0,
H000023,176,inspection_only;no_spatial_host;surface_parameters_missing,0,0,
H000023,177,inspection_only;no_spatial_host;surface_parameters_missing,0,0,
H000023,178,inspection_only;no_spatial_host;surface_parameters_missing,0,0,
H000023,179,inspection_only;no_spatial_host;surface_parameters_missing,0,0,
H000024,0,inspection_only;no_spatial_host;surface_parameters_missing,0,0,
H000024,1,inspection_only;no_spatial_host;surface_parameters_missing,0,0,
H000024,2,inspection_only;no_spatial_host;surface_parameters_missing,0,0,
H000024,3,inspection_only;no_spatial_host;surface_parameters_missing,0,0,
H000024,4,inspection_only;no_spatial_host;surface_parameters_missing,0,0,
H000024,5,inspection_only;no_spatial_host;surface_parameters_missing,0,0,
H000024,6,inspection_only;no_spatial_host;surface_parameters_missing,0,0,
H000024,7,inspection_only;no_spatial_host;surface_parameters_missing,0,0,
H000024,8,inspection_only;no_spatial_host;surface_parameters_missing,0,0,
H000024,9,inspection_only;no_spatial_host;surface_parameters_missing,0,0,
H000024,10,inspection_only;no_spatial_host;surface_parameters_missing,0,0,
H000024,11,inspection_only;no_spatial_host;surface_parameters_missing,0,0,
H000024,12,inspection_only;no_spatial_host;surface_parameters_missing,0,0,
H000024,13,inspection_only;no_spatial_host;surface_parameters_missing,0,0,
H000024,14,inspection_only;no_spatial_host;surface_parameters_missing,0,0,
H000024,15,inspection_only;no_spatial_host;surface_parameters_missing,0,0,
H000024,16,inspection_only;no_spatial_host;surface_parameters_missing,0,0,
H000024,17,inspection_only;no_spatial_host;surface_parameters_missing,0,0,
H000024,18,inspection_only;no_spatial_host;surface_parameters_missing,0,0,
H000024,19,inspection_only;no_spatial_host;surface_parameters_missing,0,0,
H000024,20,inspection_only;no_spatial_host;surface_parameters_missing,0,0,
H000024,21,inspection_only;no_spatial_host;surface_parameters_missing,0,0,
H000024,22,inspection_only;no_spatial_host;surface_parameters_missing,0,0,
H000024,23,inspection_only;no_spatial_host;surface_parameters_missing,0,0,
H000024,24,inspection_only;no_spatial_host;surface_parameters_missing,0,0,
H000024,25,inspection_only;no_spatial_host;surface_parameters_missing,0,0,
H000024,26,inspection_only;no_spatial_host;surface_parameters_missing,0,0,
H000024,27,inspection_only;no_spatial_host;surface_parameters_missing,0,0,
H000024,28,inspection_only;no_spatial_host;surface_parameters_missing,0,0,
H000024,29,inspection_only;no_spatial_host;surface_parameters_missing,0,0,
H000024,30,inspection_only;no_spatial_host;surface_parameters_missing,0,0,
H000024,31,inspection_only;no_spatial_host;surface_parameters_missing,0,0,
H000024,32,inspection_only;no_spatial_host;surface_parameters_missing,0,0,
H000024,33,inspection_only;no_spatial_host;surface_parameters_missing,0,0,
H000024,34,inspection_only;no_spatial_host;surface_parameters_missing,0,0,
H000024,35,inspection_only;no_spatial_host;surface_parameters_missing,0,0,
H000024,36,inspection_only;no_spatial_host;surface_parameters_missing,0,0,
H000024,37,inspection_only;no_spatial_host;surface_parameters_missing,0,0,
H000024,38,inspection_only;no_spatial_host;surface_parameters_missing,0,0,
H000024,39,inspection_only;no_spatial_host;surface_parameters_missing,0,0,
H000024,40,inspection_only;no_spatial_host;surface_parameters_missing,0,0,
H000024,41,inspection_only;no_spatial_host;surface_parameters_missing,0,0,
H000024,42,inspection_only;no_spatial_host;surface_parameters_missing,0,0,
H000024,43,inspection_only;no_spatial_host;surface_parameters_missing,0,0,
H000024,44,inspection_only;no_spatial_host;surface_parameters_missing,0,0,
H000024,45,inspection_only;no_spatial_host;surface_parameters_missing,0,0,
H000024,46,inspection_only;no_spatial_host;surface_parameters_missing,0,0,
H000024,47,inspection_only;no_spatial_host;surface_parameters_missing,0,0,
H000024,48,inspection_only;no_spatial_host;surface_parameters_missing,0,0,
H000024,49,inspection_only;no_spatial_host;surface_parameters_missing,0,0,
H000024,50,inspection_only;no_spatial_host;surface_parameters_missing,0,0,
H000024,51,inspection_only;no_spatial_host;surface_parameters_missing,0,0,
H000024,52,inspection_only;no_spatial_host;surface_parameters_missing,0,0,
H000024,53,inspection_only;no_spatial_host;surface_parameters_missing,0,0,
H000024,54,inspection_only;no_spatial_host;surface_parameters_missing,0,0,
H000024,55,inspection_only;no_spatial_host;surface_parameters_missing,0,0,
H000024,56,inspection_only;no_spatial_host;surface_parameters_missing,0,0,
H000024,57,inspection_only;no_spatial_host;surface_parameters_missing,0,0,
H000024,58,inspection_only;no_spatial_host;surface_parameters_missing,0,0,
H000024,59,inspection_only;no_spatial_host;surface_parameters_missing,0,0,
H000024,60,inspection_only;no_spatial_host;surface_parameters_missing,0,0,
H000024,61,inspection_only;no_spatial_host;surface_parameters_missing,0,0,
H000024,62,inspection_only;no_spatial_host;surface_parameters_missing,0,0,
H000024,63,inspection_only;no_spatial_host;surface_parameters_missing,0,0,
H000024,64,inspection_only;no_spatial_host;surface_parameters_missing,0,0,
H000024,65,inspection_only;no_spatial_host;surface_parameters_missing,0,0,
H000024,66,inspection_only;no_spatial_host;surface_parameters_missing,0,0,
H000024,67,inspection_only;no_spatial_host;surface_parameters_missing,0,0,
H000024,68,inspection_only;no_spatial_host;surface_parameters_missing,0,0,
H000024,69,inspection_only;no_spatial_host;surface_parameters_missing,0,0,
H000024,70,inspection_only;no_spatial_host;surface_parameters_missing,0,0,
H000024,71,inspection_only;no_spatial_host;surface_parameters_missing,0,0,
H000024,72,inspection_only;no_spatial_host;surface_parameters_missing,0,0,
H000024,73,inspection_only;no_spatial_host;surface_parameters_missing,0,0,
H000024,74,inspection_only;no_spatial_host;surface_parameters_missing,0,0,
H000024,75,inspection_only;no_spatial_host;surface_parameters_missing,0,0,
H000024,76,inspection_only;no_spatial_host;surface_parameters_missing,0,0,
H000024,77,inspection_only;no_spatial_host;surface_parameters_missing,0,0,
H000024,78,inspection_only;no_spatial_host;surface_parameters_missing,0,0,
H000024,79,inspection_only;no_spatial_host;surface_parameters_missing,0,0,
H000024,80,inspection_only;no_spatial_host;surface_parameters_missing,0,0,
H000024,81,inspection_only;no_spatial_host;surface_parameters_missing,0,0,
H000024,82,inspection_only;no_spatial_host;surface_parameters_missing,0,0,
H000024,83,inspection_only;no_spatial_host;surface_parameters_missing,0,0,
H000024,84,inspection_only;no_spatial_host;surface_parameters_missing,0,0,
H000024,85,inspection_only;no_spatial_host;surface_parameters_missing,0,0,
H000024,86,inspection_only;no_spatial_host;surface_parameters_missing,0,0,
H000024,87,inspection_only;no_spatial_host;surface_parameters_missing,0,0,
H000024,88,inspection_only;no_spatial_host;surface_parameters_missing,0,0,
H000024,89,inspection_only;no_spatial_host;surface_parameters_missing,0,0,
H000024,90,inspection_only;no_spatial_host;surface_parameters_missing,0,0,
H000024,91,inspection_only;no_spatial_host;surface_parameters_missing,0,0,
H000024,92,inspection_only;no_spatial_host;surface_parameters_missing,0,0,
H000024,93,inspection_only;no_spatial_host;surface_parameters_missing,0,0,
H000024,94,inspection_only;no_spatial_host;surface_parameters_missing,0,0,
H000024,95,inspection_only;no_spatial_host;surface_parameters_missing,0,0,
H000024,96,inspection_only;no_spatial_host;surface_parameters_missing,0,0,
H000024,97,inspection_only;no_spatial_host;surface_parameters_missing,0,0,
H000024,98,inspection_only;no_spatial_host;surface_parameters_missing,0,0,
H000024,99,inspection_only;no_spatial_host;surface_parameters_missing,0,0,
H000024,100,inspection_only;no_spatial_host;surface_parameters_missing,0,0,
H000024,101,inspection_only;no_spatial_host;surface_parameters_missing,0,0,
H000024,102,inspection_only;no_spatial_host;surface_parameters_missing,0,0,
H000024,103,inspection_only;no_spatial_host;surface_parameters_missing,0,0,
H000024,104,inspection_only;no_spatial_host;surface_parameters_missing,0,0,
H000024,105,inspection_only;no_spatial_host;surface_parameters_missing,0,0,
H000024,106,inspection_only;no_spatial_host;surface_parameters_missing,0,0,
H000024,107,inspection_only;no_spatial_host;surface_parameters_missing,0,0,
H000024,108,inspection_only;no_spatial_host;surface_parameters_missing,0,0,
H000024,109,inspection_only;no_spatial_host;surface_parameters_missing,0,0,
H000024,110,inspection_only;no_spatial_host;surface_parameters_missing,0,0,
H000024,111,inspection_only;no_spatial_host;surface_parameters_missing,0,0,
H000024,112,inspection_only;no_spatial_host;surface_parameters_missing,0,0,
H000024,113,inspection_only;no_spatial_host;surface_parameters_missing,0,0,
H000024,114,inspection_only;no_spatial_host;surface_parameters_missing,0,0,
H000024,115,inspection_only;no_spatial_host;surface_parameters_missing,0,0,
H000024,116,inspection_only;no_spatial_host;surface_parameters_missing,0,0,
H000024,117,inspection_only;no_spatial_host;surface_parameters_missing,0,0,
H000024,118,inspection_only;no_spatial_host;surface_parameters_missing,0,0,
H000024,119,inspection_only;no_spatial_host;surface_parameters_missing,0,0,
H000024,120,inspection_only;no_spatial_host;surface_parameters_missing,0,0,
H000024,121,inspection_only;no_spatial_host;surface_parameters_missing,0,0,
H000024,122,inspection_only;no_spatial_host;surface_parameters_missing,0,0,
H000024,123,inspection_only;no_spatial_host;surface_parameters_missing,0,0,
H000024,124,inspection_only;no_spatial_host;surface_parameters_missing,0,0,
H000024,125,inspection_only;no_spatial_host;surface_parameters_missing,0,0,
H000024,126,inspection_only;no_spatial_host;surface_parameters_missing,0,0,
H000024,127,inspection_only;no_spatial_host;surface_parameters_missing,0,0,
H000024,128,inspection_only;no_spatial_host;surface_parameters_missing,0,0,
H000024,129,inspection_only;no_spatial_host;surface_parameters_missing,0,0,
H000024,130,inspection_only;no_spatial_host;surface_parameters_missing,0,0,
H000024,131,inspection_only;no_spatial_host;surface_parameters_missing,0,0,
H000024,132,inspection_only;no_spatial_host;surface_parameters_missing,0,0,
H000024,133,inspection_only;no_spatial_host;surface_parameters_missing,0,0,
H000024,134,inspection_only;no_spatial_host;surface_parameters_missing,0,0,
H000024,135,inspection_only;no_spatial_host;surface_parameters_missing,0,0,
H000024,136,inspection_only;no_spatial_host;surface_parameters_missing,0,0,
H000024,137,inspection_only;no_spatial_host;surface_parameters_missing,0,0,
H000024,138,inspection_only;no_spatial_host;surface_parameters_missing,0,0,
H000024,139,inspection_only;no_spatial_host;surface_parameters_missing,0,0,
H000024,140,inspection_only;no_spatial_host;surface_parameters_missing,0,0,
H000024,141,inspection_only;no_spatial_host;surface_parameters_missing,0,0,
H000024,142,inspection_only;no_spatial_host;surface_parameters_missing,0,0,
H000024,143,inspection_only;no_spatial_host;surface_parameters_missing,0,0,
H000024,144,inspection_only;no_spatial_host;surface_parameters_missing,0,0,
H000024,145,inspection_only;no_spatial_host;surface_parameters_missing,0,0,
H000024,146,inspection_only;no_spatial_host;surface_parameters_missing,0,0,
H000024,147,inspection_only;no_spatial_host;surface_parameters_missing,0,0,
H000024,148,inspection_only;no_spatial_host;surface_parameters_missing,0,0,
H000024,149,inspection_only;no_spatial_host;surface_parameters_missing,0,0,
H000024,150,inspection_only;no_spatial_host;surface_parameters_missing,0,0,
H000024,151,inspection_only;no_spatial_host;surface_parameters_missing,0,0,
H000024,152,inspection_only;no_spatial_host;surface_parameters_missing,0,0,
H000024,153,inspection_only;no_spatial_host;surface_parameters_missing,0,0,
H000024,154,inspection_only;no_spatial_host;surface_parameters_missing,0,0,
H000024,155,inspection_only;no_spatial_host;surface_parameters_missing,0,0,
H000024,156,inspection_only;no_spatial_host;surface_parameters_missing,0,0,
H000024,157,inspection_only;no_spatial_host;surface_parameters_missing,0,0,
H000024,158,inspection_only;no_spatial_host;surface_parameters_missing,0,0,
H000024,159,inspection_only;no_spatial_host;surface_parameters_missing,0,0,
H000024,160,inspection_only;no_spatial_host;surface_parameters_missing,0,0,
H000024,161,inspection_only;no_spatial_host;surface_parameters_missing,0,0,
H000024,162,inspection_only;no_spatial_host;surface_parameters_missing,0,0,
H000024,163,inspection_only;no_spatial_host;surface_parameters_missing,0,0,
H000024,164,inspection_only;no_spatial_host;surface_parameters_missing,0,0,
H000024,165,inspection_only;no_spatial_host;surface_parameters_missing,0,0,
H000024,166,inspection_only;no_spatial_host;surface_parameters_missing,0,0,
H000024,167,inspection_only;no_spatial_host;surface_parameters_missing,0,0,
H000024,168,inspection_only;no_spatial_host;surface_parameters_missing,0,0,
H000024,169,inspection_only;no_spatial_host;surface_parameters_missing,0,0,
H000024,170,inspection_only;no_spatial_host;surface_parameters_missing,0,0,
H000024,171,inspection_only;no_spatial_host;surface_parameters_missing,0,0,
H000024,172,inspection_only;no_spatial_host;surface_parameters_missing,0,0,
H000024,173,inspection_only;no_spatial_host;surface_parameters_missing,0,0,
H000024,174,inspection_only;no_spatial_host;surface_parameters_missing,0,0,
H000024,175,inspection_only;no_spatial_host;surface_parameters_missing,0,0,
H000024,176,inspection_only;no_spatial_host;surface_parameters_missing,0,0,
H000024,177,inspection_only;no_spatial_host;surface_parameters_missing,0,0,
H000024,178,inspection_only;no_spatial_host;surface_parameters_missing,0,0,
H000024,179,inspection_only;no_spatial_host;surface_parameters_missing,0,0,
H000025,0,inspection_only;no_spatial_host;surface_parameters_missing,0,0,
H000025,1,inspection_only;no_spatial_host;surface_parameters_missing,0,0,
H000025,2,inspection_only;no_spatial_host;surface_parameters_missing,0,0,
H000025,3,inspection_only;no_spatial_host;surface_parameters_missing,0,0,
H000025,4,inspection_only;no_spatial_host;surface_parameters_missing,0,0,
H000025,5,inspection_only;no_spatial_host;surface_parameters_missing,0,0,
H000025,6,inspection_only;no_spatial_host;surface_parameters_missing,0,0,
H000025,7,inspection_only;no_spatial_host;surface_parameters_missing,0,0,
H000025,8,inspection_only;no_spatial_host;surface_parameters_missing,0,0,
H000025,9,inspection_only;no_spatial_host;surface_parameters_missing,0,0,
H000025,10,inspection_only;no_spatial_host;surface_parameters_missing,0,0,
H000025,11,inspection_only;no_spatial_host;surface_parameters_missing,0,0,
H000025,12,inspection_only;no_spatial_host;surface_parameters_missing,0,0,
H000025,13,inspection_only;no_spatial_host;surface_parameters_missing,0,0,
H000025,14,inspection_only;no_spatial_host;surface_parameters_missing,0,0,
H000025,15,inspection_only;no_spatial_host;surface_parameters_missing,0,0,
H000025,16,inspection_only;no_spatial_host;surface_parameters_missing,0,0,
H000025,17,inspection_only;no_spatial_host;surface_parameters_missing,0,0,
H000025,18,inspection_only;no_spatial_host;surface_parameters_missing,0,0,
H000025,19,inspection_only;no_spatial_host;surface_parameters_missing,0,0,
H000025,20,inspection_only;no_spatial_host;surface_parameters_missing,0,0,
H000025,21,inspection_only;no_spatial_host;surface_parameters_missing,0,0,
H000025,22,inspection_only;no_spatial_host;surface_parameters_missing,0,0,
H000025,23,inspection_only;no_spatial_host;surface_parameters_missing,0,0,
H000025,24,inspection_only;no_spatial_host;surface_parameters_missing,0,0,
H000025,25,inspection_only;no_spatial_host;surface_parameters_missing,0,0,
H000025,26,inspection_only;no_spatial_host;surface_parameters_missing,0,0,
H000025,27,inspection_only;no_spatial_host;surface_parameters_missing,0,0,
H000025,28,inspection_only;no_spatial_host;surface_parameters_missing,0,0,
H000025,29,inspection_only;no_spatial_host;surface_parameters_missing,0,0,
H000025,30,inspection_only;no_spatial_host;surface_parameters_missing,0,0,
H000025,31,inspection_only;no_spatial_host;surface_parameters_missing,0,0,
H000025,32,inspection_only;no_spatial_host;surface_parameters_missing,0,0,
H000025,33,inspection_only;no_spatial_host;surface_parameters_missing,0,0,
H000025,34,inspection_only;no_spatial_host;surface_parameters_missing,0,0,
H000025,35,inspection_only;no_spatial_host;surface_parameters_missing,0,0,
H000025,36,inspection_only;no_spatial_host;surface_parameters_missing,0,0,
H000025,37,inspection_only;no_spatial_host;surface_parameters_missing,0,0,
H000025,38,inspection_only;no_spatial_host;surface_parameters_missing,0,0,
H000025,39,inspection_only;no_spatial_host;surface_parameters_missing,0,0,
H000025,40,inspection_only;no_spatial_host;surface_parameters_missing,0,0,
H000025,41,inspection_only;no_spatial_host;surface_parameters_missing,0,0,
H000025,42,inspection_only;no_spatial_host;surface_parameters_missing,0,0,
H000025,43,inspection_only;no_spatial_host;surface_parameters_missing,0,0,
H000025,44,inspection_only;no_spatial_host;surface_parameters_missing,0,0,
H000025,45,inspection_only;no_spatial_host;surface_parameters_missing,0,0,
H000025,46,inspection_only;no_spatial_host;surface_parameters_missing,0,0,
H000025,47,inspection_only;no_spatial_host;surface_parameters_missing,0,0,
H000025,48,inspection_only;no_spatial_host;surface_parameters_missing,0,0,
H000025,49,inspection_only;no_spatial_host;surface_parameters_missing,0,0,
H000025,50,inspection_only;no_spatial_host;surface_parameters_missing,0,0,
H000025,51,inspection_only;no_spatial_host;surface_parameters_missing,0,0,
H000025,52,inspection_only;no_spatial_host;surface_parameters_missing,0,0,
H000025,53,inspection_only;no_spatial_host;surface_parameters_missing,0,0,
H000025,54,inspection_only;no_spatial_host;surface_parameters_missing,0,0,
H000025,55,inspection_only;no_spatial_host;surface_parameters_missing,0,0,
H000025,56,inspection_only;no_spatial_host;surface_parameters_missing,0,0,
H000025,57,inspection_only;no_spatial_host;surface_parameters_missing,0,0,
H000025,58,inspection_only;no_spatial_host;surface_parameters_missing,0,0,
H000025,59,inspection_only;no_spatial_host;surface_parameters_missing,0,0,
H000025,60,inspection_only;no_spatial_host;surface_parameters_missing,0,0,
H000025,61,inspection_only;no_spatial_host;surface_parameters_missing,0,0,
H000025,62,inspection_only;no_spatial_host;surface_parameters_missing,0,0,
H000025,63,inspection_only;no_spatial_host;surface_parameters_missing,0,0,
H000025,64,inspection_only;no_spatial_host;surface_parameters_missing,0,0,
H000025,65,inspection_only;no_spatial_host;surface_parameters_missing,0,0,
H000025,66,inspection_only;no_spatial_host;surface_parameters_missing,0,0,
H000025,67,inspection_only;no_spatial_host;surface_parameters_missing,0,0,
H000025,68,inspection_only;no_spatial_host;surface_parameters_missing,0,0,
H000025,69,inspection_only;no_spatial_host;surface_parameters_missing,0,0,
H000025,70,inspection_only;no_spatial_host;surface_parameters_missing,0,0,
H000025,71,inspection_only;no_spatial_host;surface_parameters_missing,0,0,
H000025,72,inspection_only;no_spatial_host;surface_parameters_missing,0,0,
H000025,73,inspection_only;no_spatial_host;surface_parameters_missing,0,0,
H000025,74,inspection_only;no_spatial_host;surface_parameters_missing,0,0,
H000025,75,inspection_only;no_spatial_host;surface_parameters_missing,0,0,
H000025,76,inspection_only;no_spatial_host;surface_parameters_missing,0,0,
H000025,77,inspection_only;no_spatial_host;surface_parameters_missing,0,0,
H000025,78,inspection_only;no_spatial_host;surface_parameters_missing,0,0,
H000025,79,inspection_only;no_spatial_host;surface_parameters_missing,0,0,
H000025,80,inspection_only;no_spatial_host;surface_parameters_missing,0,0,
H000025,81,inspection_only;no_spatial_host;surface_parameters_missing,0,0,
H000025,82,inspection_only;no_spatial_host;surface_parameters_missing,0,0,
H000025,83,inspection_only;no_spatial_host;surface_parameters_missing,0,0,
H000025,84,inspection_only;no_spatial_host;surface_parameters_missing,0,0,
H000025,85,inspection_only;no_spatial_host;surface_parameters_missing,0,0,
H000025,86,inspection_only;no_spatial_host;surface_parameters_missing,0,0,
H000025,87,inspection_only;no_spatial_host;surface_parameters_missing,0,0,
H000025,88,inspection_only;no_spatial_host;surface_parameters_missing,0,0,
H000025,89,inspection_only;no_spatial_host;surface_parameters_missing,0,0,
H000025,90,inspection_only;no_spatial_host;surface_parameters_missing,0,0,
H000025,91,inspection_only;no_spatial_host;surface_parameters_missing,0,0,
H000025,92,inspection_only;no_spatial_host;surface_parameters_missing,0,0,
H000025,93,inspection_only;no_spatial_host;surface_parameters_missing,0,0,
H000025,94,inspection_only;no_spatial_host;surface_parameters_missing,0,0,
H000025,95,inspection_only;no_spatial_host;surface_parameters_missing,0,0,
H000025,96,inspection_only;no_spatial_host;surface_parameters_missing,0,0,
H000025,97,inspection_only;no_spatial_host;surface_parameters_missing,0,0,
H000025,98,inspection_only;no_spatial_host;surface_parameters_missing,0,0,
H000025,99,inspection_only;no_spatial_host;surface_parameters_missing,0,0,
H000025,100,inspection_only;no_spatial_host;surface_parameters_missing,0,0,
H000025,101,inspection_only;no_spatial_host;surface_parameters_missing,0,0,
H000025,102,inspection_only;no_spatial_host;surface_parameters_missing,0,0,
H000025,103,inspection_only;no_spatial_host;surface_parameters_missing,0,0,
H000025,104,inspection_only;no_spatial_host;surface_parameters_missing,0,0,
H000025,105,inspection_only;no_spatial_host;surface_parameters_missing,0,0,
H000025,106,inspection_only;no_spatial_host;surface_parameters_missing,0,0,
H000025,107,inspection_only;no_spatial_host;surface_parameters_missing,0,0,
H000025,108,inspection_only;no_spatial_host;surface_parameters_missing,0,0,
H000025,109,inspection_only;no_spatial_host;surface_parameters_missing,0,0,
H000025,110,inspection_only;no_spatial_host;surface_parameters_missing,0,0,
H000025,111,inspection_only;no_spatial_host;surface_parameters_missing,0,0,
H000025,112,inspection_only;no_spatial_host;surface_parameters_missing,0,0,
H000025,113,inspection_only;no_spatial_host;surface_parameters_missing,0,0,
H000025,114,inspection_only;no_spatial_host;surface_parameters_missing,0,0,
H000025,115,inspection_only;no_spatial_host;surface_parameters_missing,0,0,
H000025,116,inspection_only;no_spatial_host;surface_parameters_missing,0,0,
H000025,117,inspection_only;no_spatial_host;surface_parameters_missing,0,0,
H000025,118,inspection_only;no_spatial_host;surface_parameters_missing,0,0,
H000025,119,inspection_only;no_spatial_host;surface_parameters_missing,0,0,
H000025,120,inspection_only;no_spatial_host;surface_parameters_missing,0,0,
H000025,121,inspection_only;no_spatial_host;surface_parameters_missing,0,0,
H000025,122,inspection_only;no_spatial_host;surface_parameters_missing,0,0,
H000025,123,inspection_only;no_spatial_host;surface_parameters_missing,0,0,
H000025,124,inspection_only;no_spatial_host;surface_parameters_missing,0,0,
H000025,125,inspection_only;no_spatial_host;surface_parameters_missing,0,0,
H000025,126,inspection_only;no_spatial_host;surface_parameters_missing,0,0,
H000025,127,inspection_only;no_spatial_host;surface_parameters_missing,0,0,
H000025,128,inspection_only;no_spatial_host;surface_parameters_missing,0,0,
H000025,129,inspection_only;no_spatial_host;surface_parameters_missing,0,0,
H000025,130,inspection_only;no_spatial_host;surface_parameters_missing,0,0,
H000025,131,inspection_only;no_spatial_host;surface_parameters_missing,0,0,
H000025,132,inspection_only;no_spatial_host;surface_parameters_missing,0,0,
H000025,133,inspection_only;no_spatial_host;surface_parameters_missing,0,0,
H000025,134,inspection_only;no_spatial_host;surface_parameters_missing,0,0,
H000025,135,inspection_only;no_spatial_host;surface_parameters_missing,0,0,
H000025,136,inspection_only;no_spatial_host;surface_parameters_missing,0,0,
H000025,137,inspection_only;no_spatial_host;surface_parameters_missing,0,0,
H000025,138,inspection_only;no_spatial_host;surface_parameters_missing,0,0,
H000025,139,inspection_only;no_spatial_host;surface_parameters_missing,0,0,
H000025,140,inspection_only;no_spatial_host;surface_parameters_missing,0,0,
H000025,141,inspection_only;no_spatial_host;surface_parameters_missing,0,0,
H000025,142,inspection_only;no_spatial_host;surface_parameters_missing,0,0,
H000025,143,inspection_only;no_spatial_host;surface_parameters_missing,0,0,
H000025,144,inspection_only;no_spatial_host;surface_parameters_missing,0,0,
H000025,145,inspection_only;no_spatial_host;surface_parameters_missing,0,0,
H000025,146,inspection_only;no_spatial_host;surface_parameters_missing,0,0,
H000025,147,inspection_only;no_spatial_host;surface_parameters_missing,0,0,
H000025,148,inspection_only;no_spatial_host;surface_parameters_missing,0,0,
H000025,149,inspection_only;no_spatial_host;surface_parameters_missing,0,0,
H000025,150,inspection_only;no_spatial_host;surface_parameters_missing,0,0,
H000025,151,inspection_only;no_spatial_host;surface_parameters_missing,0,0,
H000025,152,inspection_only;no_spatial_host;surface_parameters_missing,0,0,
H000025,153,inspection_only;no_spatial_host;surface_parameters_missing,0,0,
H000025,154,inspection_only;no_spatial_host;surface_parameters_missing,0,0,
H000025,155,inspection_only;no_spatial_host;surface_parameters_missing,0,0,
H000025,156,inspection_only;no_spatial_host;surface_parameters_missing,0,0,
H000025,157,inspection_only;no_spatial_host;surface_parameters_missing,0,0,
H000025,158,inspection_only;no_spatial_host;surface_parameters_missing,0,0,
H000025,159,inspection_only;no_spatial_host;surface_parameters_missing,0,0,
H000025,160,inspection_only;no_spatial_host;surface_parameters_missing,0,0,
H000025,161,inspection_only;no_spatial_host;surface_parameters_missing,0,0,
H000025,162,inspection_only;no_spatial_host;surface_parameters_missing,0,0,
H000025,163,inspection_only;no_spatial_host;surface_parameters_missing,0,0,
H000025,164,inspection_only;no_spatial_host;surface_parameters_missing,0,0,
H000025,165,inspection_only;no_spatial_host;surface_parameters_missing,0,0,
H000025,166,inspection_only;no_spatial_host;surface_parameters_missing,0,0,
H000025,167,inspection_only;no_spatial_host;surface_parameters_missing,0,0,
H000025,168,inspection_only;no_spatial_host;surface_parameters_missing,0,0,
H000025,169,inspection_only;no_spatial_host;surface_parameters_missing,0,0,
H000025,170,inspection_only;no_spatial_host;surface_parameters_missing,0,0,
H000025,171,inspection_only;no_spatial_host;surface_parameters_missing,0,0,
H000025,172,inspection_only;no_spatial_host;surface_parameters_missing,0,0,
H000025,173,inspection_only;no_spatial_host;surface_parameters_missing,0,0,
H000025,174,inspection_only;no_spatial_host;surface_parameters_missing,0,0,
H000025,175,inspection_only;no_spatial_host;surface_parameters_missing,0,0,
H000025,176,inspection_only;no_spatial_host;surface_parameters_missing,0,0,
H000025,177,inspection_only;no_spatial_host;surface_parameters_missing,0,0,
H000025,178,inspection_only;no_spatial_host;surface_parameters_missing,0,0,
H000025,179,inspection_only;no_spatial_host;surface_parameters_missing,0,0,
H000026,0,inspection_only;no_spatial_host;surface_parameters_missing,0,0,
H000026,1,inspection_only;no_spatial_host;surface_parameters_missing,0,0,
H000026,2,inspection_only;no_spatial_host;surface_parameters_missing,0,0,
H000026,3,inspection_only;no_spatial_host;surface_parameters_missing,0,0,
H000026,4,inspection_only;no_spatial_host;surface_parameters_missing,0,0,
H000026,5,inspection_only;no_spatial_host;surface_parameters_missing,0,0,
H000026,6,inspection_only;no_spatial_host;surface_parameters_missing,0,0,
H000026,7,inspection_only;no_spatial_host;surface_parameters_missing,0,0,
H000026,8,inspection_only;no_spatial_host;surface_parameters_missing,0,0,
H000026,9,inspection_only;no_spatial_host;surface_parameters_missing,0,0,
H000026,10,inspection_only;no_spatial_host;surface_parameters_missing,0,0,
H000026,11,inspection_only;no_spatial_host;surface_parameters_missing,0,0,
H000026,12,inspection_only;no_spatial_host;surface_parameters_missing,0,0,
H000026,13,inspection_only;no_spatial_host;surface_parameters_missing,0,0,
H000026,14,inspection_only;no_spatial_host;surface_parameters_missing,0,0,
H000026,15,inspection_only;no_spatial_host;surface_parameters_missing,0,0,
H000026,16,inspection_only;no_spatial_host;surface_parameters_missing,0,0,
H000026,17,inspection_only;no_spatial_host;surface_parameters_missing,0,0,
H000026,18,inspection_only;no_spatial_host;surface_parameters_missing,0,0,
H000026,19,inspection_only;no_spatial_host;surface_parameters_missing,0,0,
H000026,20,inspection_only;no_spatial_host;surface_parameters_missing,0,0,
H000026,21,inspection_only;no_spatial_host;surface_parameters_missing,0,0,
H000026,22,inspection_only;no_spatial_host;surface_parameters_missing,0,0,
H000026,23,inspection_only;no_spatial_host;surface_parameters_missing,0,0,
H000026,24,inspection_only;no_spatial_host;surface_parameters_missing,0,0,
H000026,25,inspection_only;no_spatial_host;surface_parameters_missing,0,0,
H000026,26,inspection_only;no_spatial_host;surface_parameters_missing,0,0,
H000026,27,inspection_only;no_spatial_host;surface_parameters_missing,0,0,
H000026,28,inspection_only;no_spatial_host;surface_parameters_missing,0,0,
H000026,29,inspection_only;no_spatial_host;surface_parameters_missing,0,0,
H000026,30,inspection_only;no_spatial_host;surface_parameters_missing,0,0,
H000026,31,inspection_only;no_spatial_host;surface_parameters_missing,0,0,
H000026,32,inspection_only;no_spatial_host;surface_parameters_missing,0,0,
H000026,33,inspection_only;no_spatial_host;surface_parameters_missing,0,0,
H000026,34,inspection_only;no_spatial_host;surface_parameters_missing,0,0,
H000026,35,inspection_only;no_spatial_host;surface_parameters_missing,0,0,
H000026,36,inspection_only;no_spatial_host;surface_parameters_missing,0,0,
H000026,37,inspection_only;no_spatial_host;surface_parameters_missing,0,0,
H000026,38,inspection_only;no_spatial_host;surface_parameters_missing,0,0,
H000026,39,inspection_only;no_spatial_host;surface_parameters_missing,0,0,
H000026,40,inspection_only;no_spatial_host;surface_parameters_missing,0,0,
H000026,41,inspection_only;no_spatial_host;surface_parameters_missing,0,0,
H000026,42,inspection_only;no_spatial_host;surface_parameters_missing,0,0,
H000026,43,inspection_only;no_spatial_host;surface_parameters_missing,0,0,
H000026,44,inspection_only;no_spatial_host;surface_parameters_missing,0,0,
H000026,45,inspection_only;no_spatial_host;surface_parameters_missing,0,0,
H000026,46,inspection_only;no_spatial_host;surface_parameters_missing,0,0,
H000026,47,inspection_only;no_spatial_host;surface_parameters_missing,0,0,
H000026,48,inspection_only;no_spatial_host;surface_parameters_missing,0,0,
H000026,49,inspection_only;no_spatial_host;surface_parameters_missing,0,0,
H000026,50,inspection_only;no_spatial_host;surface_parameters_missing,0,0,
H000026,51,inspection_only;no_spatial_host;surface_parameters_missing,0,0,
H000026,52,inspection_only;no_spatial_host;surface_parameters_missing,0,0,
H000026,53,inspection_only;no_spatial_host;surface_parameters_missing,0,0,
H000026,54,inspection_only;no_spatial_host;surface_parameters_missing,0,0,
H000026,55,inspection_only;no_spatial_host;surface_parameters_missing,0,0,
H000026,56,inspection_only;no_spatial_host;surface_parameters_missing,0,0,
H000026,57,inspection_only;no_spatial_host;surface_parameters_missing,0,0,
H000026,58,inspection_only;no_spatial_host;surface_parameters_missing,0,0,
H000026,59,inspection_only;no_spatial_host;surface_parameters_missing,0,0,
H000026,60,inspection_only;no_spatial_host;surface_parameters_missing,0,0,
H000026,61,inspection_only;no_spatial_host;surface_parameters_missing,0,0,
H000026,62,inspection_only;no_spatial_host;surface_parameters_missing,0,0,
H000026,63,inspection_only;no_spatial_host;surface_parameters_missing,0,0,
H000026,64,inspection_only;no_spatial_host;surface_parameters_missing,0,0,
H000026,65,inspection_only;no_spatial_host;surface_parameters_missing,0,0,
H000026,66,inspection_only;no_spatial_host;surface_parameters_missing,0,0,
H000026,67,inspection_only;no_spatial_host;surface_parameters_missing,0,0,
H000026,68,inspection_only;no_spatial_host;surface_parameters_missing,0,0,
H000026,69,inspection_only;no_spatial_host;surface_parameters_missing,0,0,
H000026,70,inspection_only;no_spatial_host;surface_parameters_missing,0,0,
H000026,71,inspection_only;no_spatial_host;surface_parameters_missing,0,0,
H000026,72,inspection_only;no_spatial_host;surface_parameters_missing,0,0,
H000026,73,inspection_only;no_spatial_host;surface_parameters_missing,0,0,
H000026,74,inspection_only;no_spatial_host;surface_parameters_missing,0,0,
H000026,75,inspection_only;no_spatial_host;surface_parameters_missing,0,0,
H000026,76,inspection_only;no_spatial_host;surface_parameters_missing,0,0,
H000026,77,inspection_only;no_spatial_host;surface_parameters_missing,0,0,
H000026,78,inspection_only;no_spatial_host;surface_parameters_missing,0,0,
H000026,79,inspection_only;no_spatial_host;surface_parameters_missing,0,0,
H000026,80,inspection_only;no_spatial_host;surface_parameters_missing,0,0,
H000026,81,inspection_only;no_spatial_host;surface_parameters_missing,0,0,
H000026,82,inspection_only;no_spatial_host;surface_parameters_missing,0,0,
H000026,83,inspection_only;no_spatial_host;surface_parameters_missing,0,0,
H000026,84,inspection_only;no_spatial_host;surface_parameters_missing,0,0,
H000026,85,inspection_only;no_spatial_host;surface_parameters_missing,0,0,
H000026,86,inspection_only;no_spatial_host;surface_parameters_missing,0,0,
H000026,87,inspection_only;no_spatial_host;surface_parameters_missing,0,0,
H000026,88,inspection_only;no_spatial_host;surface_parameters_missing,0,0,
H000026,89,inspection_only;no_spatial_host;surface_parameters_missing,0,0,
H000026,90,inspection_only;no_spatial_host;surface_parameters_missing,0,0,
H000026,91,inspection_only;no_spatial_host;surface_parameters_missing,0,0,
H000026,92,inspection_only;no_spatial_host;surface_parameters_missing,0,0,
H000026,93,inspection_only;no_spatial_host;surface_parameters_missing,0,0,
H000026,94,inspection_only;no_spatial_host;surface_parameters_missing,0,0,
H000026,95,inspection_only;no_spatial_host;surface_parameters_missing,0,0,
H000026,96,inspection_only;no_spatial_host;surface_parameters_missing,0,0,
H000026,97,inspection_only;no_spatial_host;surface_parameters_missing,0,0,
H000026,98,inspection_only;no_spatial_host;surface_parameters_missing,0,0,
H000026,99,inspection_only;no_spatial_host;surface_parameters_missing,0,0,
H000026,100,inspection_only;no_spatial_host;surface_parameters_missing,0,0,
H000026,101,inspection_only;no_spatial_host;surface_parameters_missing,0,0,
H000026,102,inspection_only;no_spatial_host;surface_parameters_missing,0,0,
H000026,103,inspection_only;no_spatial_host;surface_parameters_missing,0,0,
H000026,104,inspection_only;no_spatial_host;surface_parameters_missing,0,0,
H000026,105,inspection_only;no_spatial_host;surface_parameters_missing,0,0,
H000026,106,inspection_only;no_spatial_host;surface_parameters_missing,0,0,
H000026,107,inspection_only;no_spatial_host;surface_parameters_missing,0,0,
H000026,108,inspection_only;no_spatial_host;surface_parameters_missing,0,0,
H000026,109,inspection_only;no_spatial_host;surface_parameters_missing,0,0,
H000026,110,inspection_only;no_spatial_host;surface_parameters_missing,0,0,
H000026,111,inspection_only;no_spatial_host;surface_parameters_missing,0,0,
H000026,112,inspection_only;no_spatial_host;surface_parameters_missing,0,0,
H000026,113,inspection_only;no_spatial_host;surface_parameters_missing,0,0,
H000026,114,inspection_only;no_spatial_host;surface_parameters_missing,0,0,
H000026,115,inspection_only;no_spatial_host;surface_parameters_missing,0,0,
H000026,116,inspection_only;no_spatial_host;surface_parameters_missing,0,0,
H000026,117,inspection_only;no_spatial_host;surface_parameters_missing,0,0,
H000026,118,inspection_only;no_spatial_host;surface_parameters_missing,0,0,
H000026,119,inspection_only;no_spatial_host;surface_parameters_missing,0,0,
H000026,120,inspection_only;no_spatial_host;surface_parameters_missing,0,0,
H000026,121,inspection_only;no_spatial_host;surface_parameters_missing,0,0,
H000026,122,inspection_only;no_spatial_host;surface_parameters_missing,0,0,
H000026,123,inspection_only;no_spatial_host;surface_parameters_missing,0,0,
H000026,124,inspection_only;no_spatial_host;surface_parameters_missing,0,0,
H000026,125,inspection_only;no_spatial_host;surface_parameters_missing,0,0,
H000026,126,inspection_only;no_spatial_host;surface_parameters_missing,0,0,
H000026,127,inspection_only;no_spatial_host;surface_parameters_missing,0,0,
H000026,128,inspection_only;no_spatial_host;surface_parameters_missing,0,0,
H000026,129,inspection_only;no_spatial_host;surface_parameters_missing,0,0,
H000026,130,inspection_only;no_spatial_host;surface_parameters_missing,0,0,
H000026,131,inspection_only;no_spatial_host;surface_parameters_missing,0,0,
H000026,132,inspection_only;no_spatial_host;surface_parameters_missing,0,0,
H000026,133,inspection_only;no_spatial_host;surface_parameters_missing,0,0,
H000026,134,inspection_only;no_spatial_host;surface_parameters_missing,0,0,
H000026,135,inspection_only;no_spatial_host;surface_parameters_missing,0,0,
H000026,136,inspection_only;no_spatial_host;surface_parameters_missing,0,0,
H000026,137,inspection_only;no_spatial_host;surface_parameters_missing,0,0,
H000026,138,inspection_only;no_spatial_host;surface_parameters_missing,0,0,
H000026,139,inspection_only;no_spatial_host;surface_parameters_missing,0,0,
H000026,140,inspection_only;no_spatial_host;surface_parameters_missing,0,0,
H000026,141,inspection_only;no_spatial_host;surface_parameters_missing,0,0,
H000026,142,inspection_only;no_spatial_host;surface_parameters_missing,0,0,
H000026,143,inspection_only;no_spatial_host;surface_parameters_missing,0,0,
H000026,144,inspection_only;no_spatial_host;surface_parameters_missing,0,0,
H000026,145,inspection_only;no_spatial_host;surface_parameters_missing,0,0,
H000026,146,inspection_only;no_spatial_host;surface_parameters_missing,0,0,
H000026,147,inspection_only;no_spatial_host;surface_parameters_missing,0,0,
H000026,148,inspection_only;no_spatial_host;surface_parameters_missing,0,0,
H000026,149,inspection_only;no_spatial_host;surface_parameters_missing,0,0,
H000026,150,inspection_only;no_spatial_host;surface_parameters_missing,0,0,
H000026,151,inspection_only;no_spatial_host;surface_parameters_missing,0,0,
H000026,152,inspection_only;no_spatial_host;surface_parameters_missing,0,0,
H000026,153,inspection_only;no_spatial_host;surface_parameters_missing,0,0,
H000026,154,inspection_only;no_spatial_host;surface_parameters_missing,0,0,
H000026,155,inspection_only;no_spatial_host;surface_parameters_missing,0,0,
H000026,156,inspection_only;no_spatial_host;surface_parameters_missing,0,0,
H000026,157,inspection_only;no_spatial_host;surface_parameters_missing,0,0,
H000026,158,inspection_only;no_spatial_host;surface_parameters_missing,0,0,
H000026,159,inspection_only;no_spatial_host;surface_parameters_missing,0,0,
H000026,160,inspection_only;no_spatial_host;surface_parameters_missing,0,0,
H000026,161,inspection_only;no_spatial_host;surface_parameters_missing,0,0,
H000026,162,inspection_only;no_spatial_host;surface_parameters_missing,0,0,
H000026,163,inspection_only;no_spatial_host;surface_parameters_missing,0,0,
H000026,164,inspection_only;no_spatial_host;surface_parameters_missing,0,0,
H000026,165,inspection_only;no_spatial_host;surface_parameters_missing,0,0,
H000026,166,inspection_only;no_spatial_host;surface_parameters_missing,0,0,
H000026,167,inspection_only;no_spatial_host;surface_parameters_missing,0,0,
H000026,168,inspection_only;no_spatial_host;surface_parameters_missing,0,0,
H000026,169,inspection_only;no_spatial_host;surface_parameters_missing,0,0,
H000026,170,inspection_only;no_spatial_host;surface_parameters_missing,0,0,
H000026,171,inspection_only;no_spatial_host;surface_parameters_missing,0,0,
H000026,172,inspection_only;no_spatial_host;surface_parameters_missing,0,0,
H000026,173,inspection_only;no_spatial_host;surface_parameters_missing,0,0,
H000026,174,inspection_only;no_spatial_host;surface_parameters_missing,0,0,
H000026,175,inspection_only;no_spatial_host;surface_parameters_missing,0,0,
H000026,176,inspection_only;no_spatial_host;surface_parameters_missing,0,0,
H000026,177,inspection_only;no_spatial_host;surface_parameters_missing,0,0,
H000026,178,inspection_only;no_spatial_host;surface_parameters_missing,0,0,
H000026,179,inspection_only;no_spatial_host;surface_parameters_missing,0,0,
H000027,0,inspection_only;no_spatial_host;surface_parameters_missing,0,0,
H000027,1,inspection_only;no_spatial_host;surface_parameters_missing,0,0,
H000027,2,inspection_only;no_spatial_host;surface_parameters_missing,0,0,
H000027,3,inspection_only;no_spatial_host;surface_parameters_missing,0,0,
H000027,4,inspection_only;no_spatial_host;surface_parameters_missing,0,0,
H000027,5,inspection_only;no_spatial_host;surface_parameters_missing,0,0,
H000027,6,inspection_only;no_spatial_host;surface_parameters_missing,0,0,
H000027,7,inspection_only;no_spatial_host;surface_parameters_missing,0,0,
H000027,8,inspection_only;no_spatial_host;surface_parameters_missing,0,0,
H000027,9,inspection_only;no_spatial_host;surface_parameters_missing,0,0,
H000027,10,inspection_only;no_spatial_host;surface_parameters_missing,0,0,
H000027,11,inspection_only;no_spatial_host;surface_parameters_missing,0,0,
H000027,12,inspection_only;no_spatial_host;surface_parameters_missing,0,0,
H000027,13,inspection_only;no_spatial_host;surface_parameters_missing,0,0,
H000027,14,inspection_only;no_spatial_host;surface_parameters_missing,0,0,
H000027,15,inspection_only;no_spatial_host;surface_parameters_missing,0,0,
H000027,16,inspection_only;no_spatial_host;surface_parameters_missing,0,0,
H000027,17,inspection_only;no_spatial_host;surface_parameters_missing,0,0,
H000027,18,inspection_only;no_spatial_host;surface_parameters_missing,0,0,
H000027,19,inspection_only;no_spatial_host;surface_parameters_missing,0,0,
H000027,20,inspection_only;no_spatial_host;surface_parameters_missing,0,0,
H000027,21,inspection_only;no_spatial_host;surface_parameters_missing,0,0,
H000027,22,inspection_only;no_spatial_host;surface_parameters_missing,0,0,
H000027,23,inspection_only;no_spatial_host;surface_parameters_missing,0,0,
H000027,24,inspection_only;no_spatial_host;surface_parameters_missing,0,0,
H000027,25,inspection_only;no_spatial_host;surface_parameters_missing,0,0,
H000027,26,inspection_only;no_spatial_host;surface_parameters_missing,0,0,
H000027,27,inspection_only;no_spatial_host;surface_parameters_missing,0,0,
H000027,28,inspection_only;no_spatial_host;surface_parameters_missing,0,0,
H000027,29,inspection_only;no_spatial_host;surface_parameters_missing,0,0,
H000027,30,inspection_only;no_spatial_host;surface_parameters_missing,0,0,
H000027,31,inspection_only;no_spatial_host;surface_parameters_missing,0,0,
H000027,32,inspection_only;no_spatial_host;surface_parameters_missing,0,0,
H000027,33,inspection_only;no_spatial_host;surface_parameters_missing,0,0,
H000027,34,inspection_only;no_spatial_host;surface_parameters_missing,0,0,
H000027,35,inspection_only;no_spatial_host;surface_parameters_missing,0,0,
H000027,36,inspection_only;no_spatial_host;surface_parameters_missing,0,0,
H000027,37,inspection_only;no_spatial_host;surface_parameters_missing,0,0,
H000027,38,inspection_only;no_spatial_host;surface_parameters_missing,0,0,
H000027,39,inspection_only;no_spatial_host;surface_parameters_missing,0,0,
H000027,40,inspection_only;no_spatial_host;surface_parameters_missing,0,0,
H000027,41,inspection_only;no_spatial_host;surface_parameters_missing,0,0,
H000027,42,inspection_only;no_spatial_host;surface_parameters_missing,0,0,
H000027,43,inspection_only;no_spatial_host;surface_parameters_missing,0,0,
H000027,44,inspection_only;no_spatial_host;surface_parameters_missing,0,0,
H000027,45,inspection_only;no_spatial_host;surface_parameters_missing,0,0,
H000027,46,inspection_only;no_spatial_host;surface_parameters_missing,0,0,
H000027,47,inspection_only;no_spatial_host;surface_parameters_missing,0,0,
H000027,48,inspection_only;no_spatial_host;surface_parameters_missing,0,0,
H000027,49,inspection_only;no_spatial_host;surface_parameters_missing,0,0,
H000027,50,inspection_only;no_spatial_host;surface_parameters_missing,0,0,
H000027,51,inspection_only;no_spatial_host;surface_parameters_missing,0,0,
H000027,52,inspection_only;no_spatial_host;surface_parameters_missing,0,0,
H000027,53,inspection_only;no_spatial_host;surface_parameters_missing,0,0,
H000027,54,inspection_only;no_spatial_host;surface_parameters_missing,0,0,
H000027,55,inspection_only;no_spatial_host;surface_parameters_missing,0,0,
H000027,56,inspection_only;no_spatial_host;surface_parameters_missing,0,0,
H000027,57,inspection_only;no_spatial_host;surface_parameters_missing,0,0,
H000027,58,inspection_only;no_spatial_host;surface_parameters_missing,0,0,
H000027,59,inspection_only;no_spatial_host;surface_parameters_missing,0,0,
H000027,60,inspection_only;no_spatial_host;surface_parameters_missing,0,0,
H000027,61,inspection_only;no_spatial_host;surface_parameters_missing,0,0,
H000027,62,inspection_only;no_spatial_host;surface_parameters_missing,0,0,
H000027,63,inspection_only;no_spatial_host;surface_parameters_missing,0,0,
H000027,64,inspection_only;no_spatial_host;surface_parameters_missing,0,0,
H000027,65,inspection_only;no_spatial_host;surface_parameters_missing,0,0,
H000027,66,inspection_only;no_spatial_host;surface_parameters_missing,0,0,
H000027,67,inspection_only;no_spatial_host;surface_parameters_missing,0,0,
H000027,68,inspection_only;no_spatial_host;surface_parameters_missing,0,0,
H000027,69,inspection_only;no_spatial_host;surface_parameters_missing,0,0,
H000027,70,inspection_only;no_spatial_host;surface_parameters_missing,0,0,
H000027,71,inspection_only;no_spatial_host;surface_parameters_missing,0,0,
H000027,72,inspection_only;no_spatial_host;surface_parameters_missing,0,0,
H000027,73,inspection_only;no_spatial_host;surface_parameters_missing,0,0,
H000027,74,inspection_only;no_spatial_host;surface_parameters_missing,0,0,
H000027,75,inspection_only;no_spatial_host;surface_parameters_missing,0,0,
H000027,76,inspection_only;no_spatial_host;surface_parameters_missing,0,0,
H000027,77,inspection_only;no_spatial_host;surface_parameters_missing,0,0,
H000027,78,inspection_only;no_spatial_host;surface_parameters_missing,0,0,
H000027,79,inspection_only;no_spatial_host;surface_parameters_missing,0,0,
H000027,80,inspection_only;no_spatial_host;surface_parameters_missing,0,0,
H000027,81,inspection_only;no_spatial_host;surface_parameters_missing,0,0,
H000027,82,inspection_only;no_spatial_host;surface_parameters_missing,0,0,
H000027,83,inspection_only;no_spatial_host;surface_parameters_missing,0,0,
H000027,84,inspection_only;no_spatial_host;surface_parameters_missing,0,0,
H000027,85,inspection_only;no_spatial_host;surface_parameters_missing,0,0,
H000027,86,inspection_only;no_spatial_host;surface_parameters_missing,0,0,
H000027,87,inspection_only;no_spatial_host;surface_parameters_missing,0,0,
H000027,88,inspection_only;no_spatial_host;surface_parameters_missing,0,0,
H000027,89,inspection_only;no_spatial_host;surface_parameters_missing,0,0,
H000027,90,inspection_only;no_spatial_host;surface_parameters_missing,0,0,
H000027,91,inspection_only;no_spatial_host;surface_parameters_missing,0,0,
H000027,92,inspection_only;no_spatial_host;surface_parameters_missing,0,0,
H000027,93,inspection_only;no_spatial_host;surface_parameters_missing,0,0,
H000027,94,inspection_only;no_spatial_host;surface_parameters_missing,0,0,
H000027,95,inspection_only;no_spatial_host;surface_parameters_missing,0,0,
H000027,96,inspection_only;no_spatial_host;surface_parameters_missing,0,0,
H000027,97,inspection_only;no_spatial_host;surface_parameters_missing,0,0,
H000027,98,inspection_only;no_spatial_host;surface_parameters_missing,0,0,
H000027,99,inspection_only;no_spatial_host;surface_parameters_missing,0,0,
H000027,100,inspection_only;no_spatial_host;surface_parameters_missing,0,0,
H000027,101,inspection_only;no_spatial_host;surface_parameters_missing,0,0,
H000027,102,inspection_only;no_spatial_host;surface_parameters_missing,0,0,
H000027,103,inspection_only;no_spatial_host;surface_parameters_missing,0,0,
H000027,104,inspection_only;no_spatial_host;surface_parameters_missing,0,0,
H000027,105,inspection_only;no_spatial_host;surface_parameters_missing,0,0,
H000027,106,inspection_only;no_spatial_host;surface_parameters_missing,0,0,
H000027,107,inspection_only;no_spatial_host;surface_parameters_missing,0,0,
H000027,108,inspection_only;no_spatial_host;surface_parameters_missing,0,0,
H000027,109,inspection_only;no_spatial_host;surface_parameters_missing,0,0,
H000027,110,inspection_only;no_spatial_host;surface_parameters_missing,0,0,
H000027,111,inspection_only;no_spatial_host;surface_parameters_missing,0,0,
H000027,112,inspection_only;no_spatial_host;surface_parameters_missing,0,0,
H000027,113,inspection_only;no_spatial_host;surface_parameters_missing,0,0,
H000027,114,inspection_only;no_spatial_host;surface_parameters_missing,0,0,
H000027,115,inspection_only;no_spatial_host;surface_parameters_missing,0,0,
H000027,116,inspection_only;no_spatial_host;surface_parameters_missing,0,0,
H000027,117,inspection_only;no_spatial_host;surface_parameters_missing,0,0,
H000027,118,inspection_only;no_spatial_host;surface_parameters_missing,0,0,
H000027,119,inspection_only;no_spatial_host;surface_parameters_missing,0,0,
H000027,120,inspection_only;no_spatial_host;surface_parameters_missing,0,0,
H000027,121,inspection_only;no_spatial_host;surface_parameters_missing,0,0,
H000027,122,inspection_only;no_spatial_host;surface_parameters_missing,0,0,
H000027,123,inspection_only;no_spatial_host;surface_parameters_missing,0,0,
H000027,124,inspection_only;no_spatial_host;surface_parameters_missing,0,0,
H000027,125,inspection_only;no_spatial_host;surface_parameters_missing,0,0,
H000027,126,inspection_only;no_spatial_host;surface_parameters_missing,0,0,
H000027,127,inspection_only;no_spatial_host;surface_parameters_missing,0,0,
H000027,128,inspection_only;no_spatial_host;surface_parameters_missing,0,0,
H000027,129,inspection_only;no_spatial_host;surface_parameters_missing,0,0,
H000027,130,inspection_only;no_spatial_host;surface_parameters_missing,0,0,
H000027,131,inspection_only;no_spatial_host;surface_parameters_missing,0,0,
H000027,132,inspection_only;no_spatial_host;surface_parameters_missing,0,0,
H000027,133,inspection_only;no_spatial_host;surface_parameters_missing,0,0,
H000027,134,inspection_only;no_spatial_host;surface_parameters_missing,0,0,
H000027,135,inspection_only;no_spatial_host;surface_parameters_missing,0,0,
H000027,136,inspection_only;no_spatial_host;surface_parameters_missing,0,0,
H000027,137,inspection_only;no_spatial_host;surface_parameters_missing,0,0,
H000027,138,inspection_only;no_spatial_host;surface_parameters_missing,0,0,
H000027,139,inspection_only;no_spatial_host;surface_parameters_missing,0,0,
H000027,140,inspection_only;no_spatial_host;surface_parameters_missing,0,0,
H000027,141,inspection_only;no_spatial_host;surface_parameters_missing,0,0,
H000027,142,inspection_only;no_spatial_host;surface_parameters_missing,0,0,
H000027,143,inspection_only;no_spatial_host;surface_parameters_missing,0,0,
H000027,144,inspection_only;no_spatial_host;surface_parameters_missing,0,0,
H000027,145,inspection_only;no_spatial_host;surface_parameters_missing,0,0,
H000027,146,inspection_only;no_spatial_host;surface_parameters_missing,0,0,
H000027,147,inspection_only;no_spatial_host;surface_parameters_missing,0,0,
H000027,148,inspection_only;no_spatial_host;surface_parameters_missing,0,0,
H000027,149,inspection_only;no_spatial_host;surface_parameters_missing,0,0,
H000027,150,inspection_only;no_spatial_host;surface_parameters_missing,0,0,
H000027,151,inspection_only;no_spatial_host;surface_parameters_missing,0,0,
H000027,152,inspection_only;no_spatial_host;surface_parameters_missing,0,0,
H000027,153,inspection_only;no_spatial_host;surface_parameters_missing,0,0,
H000027,154,inspection_only;no_spatial_host;surface_parameters_missing,0,0,
H000027,155,inspection_only;no_spatial_host;surface_parameters_missing,0,0,
H000027,156,inspection_only;no_spatial_host;surface_parameters_missing,0,0,
H000027,157,inspection_only;no_spatial_host;surface_parameters_missing,0,0,
H000027,158,inspection_only;no_spatial_host;surface_parameters_missing,0,0,
H000027,159,inspection_only;no_spatial_host;surface_parameters_missing,0,0,
H000027,160,inspection_only;no_spatial_host;surface_parameters_missing,0,0,
H000027,161,inspection_only;no_spatial_host;surface_parameters_missing,0,0,
H000027,162,inspection_only;no_spatial_host;surface_parameters_missing,0,0,
H000027,163,inspection_only;no_spatial_host;surface_parameters_missing,0,0,
H000027,164,inspection_only;no_spatial_host;surface_parameters_missing,0,0,
H000027,165,inspection_only;no_spatial_host;surface_parameters_missing,0,0,
H000027,166,inspection_only;no_spatial_host;surface_parameters_missing,0,0,
H000027,167,inspection_only;no_spatial_host;surface_parameters_missing,0,0,
H000027,168,inspection_only;no_spatial_host;surface_parameters_missing,0,0,
H000027,169,inspection_only;no_spatial_host;surface_parameters_missing,0,0,
H000027,170,inspection_only;no_spatial_host;surface_parameters_missing,0,0,
H000027,171,inspection_only;no_spatial_host;surface_parameters_missing,0,0,
H000027,172,inspection_only;no_spatial_host;surface_parameters_missing,0,0,
H000027,173,inspection_only;no_spatial_host;surface_parameters_missing,0,0,
H000027,174,inspection_only;no_spatial_host;surface_parameters_missing,0,0,
H000027,175,inspection_only;no_spatial_host;surface_parameters_missing,0,0,
H000027,176,inspection_only;no_spatial_host;surface_parameters_missing,0,0,
H000027,177,inspection_only;no_spatial_host;surface_parameters_missing,0,0,
H000027,178,inspection_only;no_spatial_host;surface_parameters_missing,0,0,
H000027,179,inspection_only;no_spatial_host;surface_parameters_missing,0,0,
H000028,0,inspection_only;no_spatial_host;surface_parameters_missing,0,0,
H000028,1,inspection_only;no_spatial_host;surface_parameters_missing,0,0,
H000028,2,inspection_only;no_spatial_host;surface_parameters_missing,0,0,
H000028,3,inspection_only;no_spatial_host;surface_parameters_missing,0,0,
H000028,4,inspection_only;no_spatial_host;surface_parameters_missing,0,0,
H000028,5,inspection_only;no_spatial_host;surface_parameters_missing,0,0,
H000028,6,inspection_only;no_spatial_host;surface_parameters_missing,0,0,
H000028,7,inspection_only;no_spatial_host;surface_parameters_missing,0,0,
H000028,8,inspection_only;no_spatial_host;surface_parameters_missing,0,0,
H000028,9,inspection_only;no_spatial_host;surface_parameters_missing,0,0,
H000028,10,inspection_only;no_spatial_host;surface_parameters_missing,0,0,
H000028,11,inspection_only;no_spatial_host;surface_parameters_missing,0,0,
H000028,12,inspection_only;no_spatial_host;surface_parameters_missing,0,0,
H000028,13,inspection_only;no_spatial_host;surface_parameters_missing,0,0,
H000028,14,inspection_only;no_spatial_host;surface_parameters_missing,0,0,
H000028,15,inspection_only;no_spatial_host;surface_parameters_missing,0,0,
H000028,16,inspection_only;no_spatial_host;surface_parameters_missing,0,0,
H000028,17,inspection_only;no_spatial_host;surface_parameters_missing,0,0,
H000028,18,inspection_only;no_spatial_host;surface_parameters_missing,0,0,
H000028,19,inspection_only;no_spatial_host;surface_parameters_missing,0,0,
H000028,20,inspection_only;no_spatial_host;surface_parameters_missing,0,0,
H000028,21,inspection_only;no_spatial_host;surface_parameters_missing,0,0,
H000028,22,inspection_only;no_spatial_host;surface_parameters_missing,0,0,
H000028,23,inspection_only;no_spatial_host;surface_parameters_missing,0,0,
H000028,24,inspection_only;no_spatial_host;surface_parameters_missing,0,0,
H000028,25,inspection_only;no_spatial_host;surface_parameters_missing,0,0,
H000028,26,inspection_only;no_spatial_host;surface_parameters_missing,0,0,
H000028,27,inspection_only;no_spatial_host;surface_parameters_missing,0,0,
H000028,28,inspection_only;no_spatial_host;surface_parameters_missing,0,0,
H000028,29,inspection_only;no_spatial_host;surface_parameters_missing,0,0,
H000028,30,inspection_only;no_spatial_host;surface_parameters_missing,0,0,
H000028,31,inspection_only;no_spatial_host;surface_parameters_missing,0,0,
H000028,32,inspection_only;no_spatial_host;surface_parameters_missing,0,0,
H000028,33,inspection_only;no_spatial_host;surface_parameters_missing,0,0,
H000028,34,inspection_only;no_spatial_host;surface_parameters_missing,0,0,
H000028,35,inspection_only;no_spatial_host;surface_parameters_missing,0,0,
H000028,36,inspection_only;no_spatial_host;surface_parameters_missing,0,0,
H000028,37,inspection_only;no_spatial_host;surface_parameters_missing,0,0,
H000028,38,inspection_only;no_spatial_host;surface_parameters_missing,0,0,
H000028,39,inspection_only;no_spatial_host;surface_parameters_missing,0,0,
H000028,40,inspection_only;no_spatial_host;surface_parameters_missing,0,0,
H000028,41,inspection_only;no_spatial_host;surface_parameters_missing,0,0,
H000028,42,inspection_only;no_spatial_host;surface_parameters_missing,0,0,
H000028,43,inspection_only;no_spatial_host;surface_parameters_missing,0,0,
H000028,44,inspection_only;no_spatial_host;surface_parameters_missing,0,0,
H000028,45,inspection_only;no_spatial_host;surface_parameters_missing,0,0,
H000028,46,inspection_only;no_spatial_host;surface_parameters_missing,0,0,
H000028,47,inspection_only;no_spatial_host;surface_parameters_missing,0,0,
H000028,48,inspection_only;no_spatial_host;surface_parameters_missing,0,0,
H000028,49,inspection_only;no_spatial_host;surface_parameters_missing,0,0,
H000028,50,inspection_only;no_spatial_host;surface_parameters_missing,0,0,
H000028,51,inspection_only;no_spatial_host;surface_parameters_missing,0,0,
H000028,52,inspection_only;no_spatial_host;surface_parameters_missing,0,0,
H000028,53,inspection_only;no_spatial_host;surface_parameters_missing,0,0,
H000028,54,inspection_only;no_spatial_host;surface_parameters_missing,0,0,
H000028,55,inspection_only;no_spatial_host;surface_parameters_missing,0,0,
H000028,56,inspection_only;no_spatial_host;surface_parameters_missing,0,0,
H000028,57,inspection_only;no_spatial_host;surface_parameters_missing,0,0,
H000028,58,inspection_only;no_spatial_host;surface_parameters_missing,0,0,
H000028,59,inspection_only;no_spatial_host;surface_parameters_missing,0,0,
H000028,60,inspection_only;no_spatial_host;surface_parameters_missing,0,0,
H000028,61,inspection_only;no_spatial_host;surface_parameters_missing,0,0,
H000028,62,inspection_only;no_spatial_host;surface_parameters_missing,0,0,
H000028,63,inspection_only;no_spatial_host;surface_parameters_missing,0,0,
H000028,64,inspection_only;no_spatial_host;surface_parameters_missing,0,0,
H000028,65,inspection_only;no_spatial_host;surface_parameters_missing,0,0,
H000028,66,inspection_only;no_spatial_host;surface_parameters_missing,0,0,
H000028,67,inspection_only;no_spatial_host;surface_parameters_missing,0,0,
H000028,68,inspection_only;no_spatial_host;surface_parameters_missing,0,0,
H000028,69,inspection_only;no_spatial_host;surface_parameters_missing,0,0,
H000028,70,inspection_only;no_spatial_host;surface_parameters_missing,0,0,
H000028,71,inspection_only;no_spatial_host;surface_parameters_missing,0,0,
H000028,72,inspection_only;no_spatial_host;surface_parameters_missing,0,0,
H000028,73,inspection_only;no_spatial_host;surface_parameters_missing,0,0,
H000028,74,inspection_only;no_spatial_host;surface_parameters_missing,0,0,
H000028,75,inspection_only;no_spatial_host;surface_parameters_missing,0,0,
H000028,76,inspection_only;no_spatial_host;surface_parameters_missing,0,0,
H000028,77,inspection_only;no_spatial_host;surface_parameters_missing,0,0,
H000028,78,inspection_only;no_spatial_host;surface_parameters_missing,0,0,
H000028,79,inspection_only;no_spatial_host;surface_parameters_missing,0,0,
H000028,80,inspection_only;no_spatial_host;surface_parameters_missing,0,0,
H000028,81,inspection_only;no_spatial_host;surface_parameters_missing,0,0,
H000028,82,inspection_only;no_spatial_host;surface_parameters_missing,0,0,
H000028,83,inspection_only;no_spatial_host;surface_parameters_missing,0,0,
H000028,84,inspection_only;no_spatial_host;surface_parameters_missing,0,0,
H000028,85,inspection_only;no_spatial_host;surface_parameters_missing,0,0,
H000028,86,inspection_only;no_spatial_host;surface_parameters_missing,0,0,
H000028,87,inspection_only;no_spatial_host;surface_parameters_missing,0,0,
H000028,88,inspection_only;no_spatial_host;surface_parameters_missing,0,0,
H000028,89,inspection_only;no_spatial_host;surface_parameters_missing,0,0,
H000028,90,inspection_only;no_spatial_host;surface_parameters_missing,0,0,
H000028,91,inspection_only;no_spatial_host;surface_parameters_missing,0,0,
H000028,92,inspection_only;no_spatial_host;surface_parameters_missing,0,0,
H000028,93,inspection_only;no_spatial_host;surface_parameters_missing,0,0,
H000028,94,inspection_only;no_spatial_host;surface_parameters_missing,0,0,
H000028,95,inspection_only;no_spatial_host;surface_parameters_missing,0,0,
H000028,96,inspection_only;no_spatial_host;surface_parameters_missing,0,0,
H000028,97,inspection_only;no_spatial_host;surface_parameters_missing,0,0,
H000028,98,inspection_only;no_spatial_host;surface_parameters_missing,0,0,
H000028,99,inspection_only;no_spatial_host;surface_parameters_missing,0,0,
H000028,100,inspection_only;no_spatial_host;surface_parameters_missing,0,0,
H000028,101,inspection_only;no_spatial_host;surface_parameters_missing,0,0,
H000028,102,inspection_only;no_spatial_host;surface_parameters_missing,0,0,
H000028,103,inspection_only;no_spatial_host;surface_parameters_missing,0,0,
H000028,104,inspection_only;no_spatial_host;surface_parameters_missing,0,0,
H000028,105,inspection_only;no_spatial_host;surface_parameters_missing,0,0,
H000028,106,inspection_only;no_spatial_host;surface_parameters_missing,0,0,
H000028,107,inspection_only;no_spatial_host;surface_parameters_missing,0,0,
H000028,108,inspection_only;no_spatial_host;surface_parameters_missing,0,0,
H000028,109,inspection_only;no_spatial_host;surface_parameters_missing,0,0,
H000028,110,inspection_only;no_spatial_host;surface_parameters_missing,0,0,
H000028,111,inspection_only;no_spatial_host;surface_parameters_missing,0,0,
H000028,112,inspection_only;no_spatial_host;surface_parameters_missing,0,0,
H000028,113,inspection_only;no_spatial_host;surface_parameters_missing,0,0,
H000028,114,inspection_only;no_spatial_host;surface_parameters_missing,0,0,
H000028,115,inspection_only;no_spatial_host;surface_parameters_missing,0,0,
H000028,116,inspection_only;no_spatial_host;surface_parameters_missing,0,0,
H000028,117,inspection_only;no_spatial_host;surface_parameters_missing,0,0,
H000028,118,inspection_only;no_spatial_host;surface_parameters_missing,0,0,
H000028,119,inspection_only;no_spatial_host;surface_parameters_missing,0,0,
H000028,120,inspection_only;no_spatial_host;surface_parameters_missing,0,0,
H000028,121,inspection_only;no_spatial_host;surface_parameters_missing,0,0,
H000028,122,inspection_only;no_spatial_host;surface_parameters_missing,0,0,
H000028,123,inspection_only;no_spatial_host;surface_parameters_missing,0,0,
H000028,124,inspection_only;no_spatial_host;surface_parameters_missing,0,0,
H000028,125,inspection_only;no_spatial_host;surface_parameters_missing,0,0,
H000028,126,inspection_only;no_spatial_host;surface_parameters_missing,0,0,
H000028,127,inspection_only;no_spatial_host;surface_parameters_missing,0,0,
H000028,128,inspection_only;no_spatial_host;surface_parameters_missing,0,0,
H000028,129,inspection_only;no_spatial_host;surface_parameters_missing,0,0,
H000028,130,inspection_only;no_spatial_host;surface_parameters_missing,0,0,
H000028,131,inspection_only;no_spatial_host;surface_parameters_missing,0,0,
H000028,132,inspection_only;no_spatial_host;surface_parameters_missing,0,0,
H000028,133,inspection_only;no_spatial_host;surface_parameters_missing,0,0,
H000028,134,inspection_only;no_spatial_host;surface_parameters_missing,0,0,
H000028,135,inspection_only;no_spatial_host;surface_parameters_missing,0,0,
H000028,136,inspection_only;no_spatial_host;surface_parameters_missing,0,0,
H000028,137,inspection_only;no_spatial_host;surface_parameters_missing,0,0,
H000028,138,inspection_only;no_spatial_host;surface_parameters_missing,0,0,
H000028,139,inspection_only;no_spatial_host;surface_parameters_missing,0,0,
H000028,140,inspection_only;no_spatial_host;surface_parameters_missing,0,0,
H000028,141,inspection_only;no_spatial_host;surface_parameters_missing,0,0,
H000028,142,inspection_only;no_spatial_host;surface_parameters_missing,0,0,
H000028,143,inspection_only;no_spatial_host;surface_parameters_missing,0,0,
H000028,144,inspection_only;no_spatial_host;surface_parameters_missing,0,0,
H000028,145,inspection_only;no_spatial_host;surface_parameters_missing,0,0,
H000028,146,inspection_only;no_spatial_host;surface_parameters_missing,0,0,
H000028,147,inspection_only;no_spatial_host;surface_parameters_missing,0,0,
H000028,148,inspection_only;no_spatial_host;surface_parameters_missing,0,0,
H000028,149,inspection_only;no_spatial_host;surface_parameters_missing,0,0,
H000028,150,inspection_only;no_spatial_host;surface_parameters_missing,0,0,
H000028,151,inspection_only;no_spatial_host;surface_parameters_missing,0,0,
H000028,152,inspection_only;no_spatial_host;surface_parameters_missing,0,0,
H000028,153,inspection_only;no_spatial_host;surface_parameters_missing,0,0,
H000028,154,inspection_only;no_spatial_host;surface_parameters_missing,0,0,
H000028,155,inspection_only;no_spatial_host;surface_parameters_missing,0,0,
H000028,156,inspection_only;no_spatial_host;surface_parameters_missing,0,0,
H000028,157,inspection_only;no_spatial_host;surface_parameters_missing,0,0,
H000028,158,inspection_only;no_spatial_host;surface_parameters_missing,0,0,
H000028,159,inspection_only;no_spatial_host;surface_parameters_missing,0,0,
H000028,160,inspection_only;no_spatial_host;surface_parameters_missing,0,0,
H000028,161,inspection_only;no_spatial_host;surface_parameters_missing,0,0,
H000028,162,inspection_only;no_spatial_host;surface_parameters_missing,0,0,
H000028,163,inspection_only;no_spatial_host;surface_parameters_missing,0,0,
H000028,164,inspection_only;no_spatial_host;surface_parameters_missing,0,0,
H000028,165,inspection_only;no_spatial_host;surface_parameters_missing,0,0,
H000028,166,inspection_only;no_spatial_host;surface_parameters_missing,0,0,
H000028,167,inspection_only;no_spatial_host;surface_parameters_missing,0,0,
H000028,168,inspection_only;no_spatial_host;surface_parameters_missing,0,0,
H000028,169,inspection_only;no_spatial_host;surface_parameters_missing,0,0,
H000028,170,inspection_only;no_spatial_host;surface_parameters_missing,0,0,
H000028,171,inspection_only;no_spatial_host;surface_parameters_missing,0,0,
H000028,172,inspection_only;no_spatial_host;surface_parameters_missing,0,0,
H000028,173,inspection_only;no_spatial_host;surface_parameters_missing,0,0,
H000028,174,inspection_only;no_spatial_host;surface_parameters_missing,0,0,
H000028,175,inspection_only;no_spatial_host;surface_parameters_missing,0,0,
H000028,176,inspection_only;no_spatial_host;surface_parameters_missing,0,0,
H000028,177,inspection_only;no_spatial_host;surface_parameters_missing,0,0,
H000028,178,inspection_only;no_spatial_host;surface_parameters_missing,0,0,
H000028,179,inspection_only;no_spatial_host;surface_parameters_missing,0,0,
H000029,0,inspection_only;no_spatial_host;surface_parameters_missing,0,0,
H000029,1,inspection_only;no_spatial_host;surface_parameters_missing,0,0,
H000029,2,inspection_only;no_spatial_host;surface_parameters_missing,0,0,
H000029,3,inspection_only;no_spatial_host;surface_parameters_missing,0,0,
H000029,4,inspection_only;no_spatial_host;surface_parameters_missing,0,0,
H000029,5,inspection_only;no_spatial_host;surface_parameters_missing,0,0,
H000029,6,inspection_only;no_spatial_host;surface_parameters_missing,0,0,
H000029,7,inspection_only;no_spatial_host;surface_parameters_missing,0,0,
H000029,8,inspection_only;no_spatial_host;surface_parameters_missing,0,0,
H000029,9,inspection_only;no_spatial_host;surface_parameters_missing,0,0,
H000029,10,inspection_only;no_spatial_host;surface_parameters_missing,0,0,
H000029,11,inspection_only;no_spatial_host;surface_parameters_missing,0,0,
H000029,12,inspection_only;no_spatial_host;surface_parameters_missing,0,0,
H000029,13,inspection_only;no_spatial_host;surface_parameters_missing,0,0,
H000029,14,inspection_only;no_spatial_host;surface_parameters_missing,0,0,
H000029,15,inspection_only;no_spatial_host;surface_parameters_missing,0,0,
H000029,16,inspection_only;no_spatial_host;surface_parameters_missing,0,0,
H000029,17,inspection_only;no_spatial_host;surface_parameters_missing,0,0,
H000029,18,inspection_only;no_spatial_host;surface_parameters_missing,0,0,
H000029,19,inspection_only;no_spatial_host;surface_parameters_missing,0,0,
H000029,20,inspection_only;no_spatial_host;surface_parameters_missing,0,0,
H000029,21,inspection_only;no_spatial_host;surface_parameters_missing,0,0,
H000029,22,inspection_only;no_spatial_host;surface_parameters_missing,0,0,
H000029,23,inspection_only;no_spatial_host;surface_parameters_missing,0,0,
H000029,24,inspection_only;no_spatial_host;surface_parameters_missing,0,0,
H000029,25,inspection_only;no_spatial_host;surface_parameters_missing,0,0,
H000029,26,inspection_only;no_spatial_host;surface_parameters_missing,0,0,
H000029,27,inspection_only;no_spatial_host;surface_parameters_missing,0,0,
H000029,28,inspection_only;no_spatial_host;surface_parameters_missing,0,0,
H000029,29,inspection_only;no_spatial_host;surface_parameters_missing,0,0,
H000029,30,inspection_only;no_spatial_host;surface_parameters_missing,0,0,
H000029,31,inspection_only;no_spatial_host;surface_parameters_missing,0,0,
H000029,32,inspection_only;no_spatial_host;surface_parameters_missing,0,0,
H000029,33,inspection_only;no_spatial_host;surface_parameters_missing,0,0,
H000029,34,inspection_only;no_spatial_host;surface_parameters_missing,0,0,
H000029,35,inspection_only;no_spatial_host;surface_parameters_missing,0,0,
H000029,36,inspection_only;no_spatial_host;surface_parameters_missing,0,0,
H000029,37,inspection_only;no_spatial_host;surface_parameters_missing,0,0,
H000029,38,inspection_only;no_spatial_host;surface_parameters_missing,0,0,
H000029,39,inspection_only;no_spatial_host;surface_parameters_missing,0,0,
H000029,40,inspection_only;no_spatial_host;surface_parameters_missing,0,0,
H000029,41,inspection_only;no_spatial_host;surface_parameters_missing,0,0,
H000029,42,inspection_only;no_spatial_host;surface_parameters_missing,0,0,
H000029,43,inspection_only;no_spatial_host;surface_parameters_missing,0,0,
H000029,44,inspection_only;no_spatial_host;surface_parameters_missing,0,0,
H000029,45,inspection_only;no_spatial_host;surface_parameters_missing,0,0,
H000029,46,inspection_only;no_spatial_host;surface_parameters_missing,0,0,
H000029,47,inspection_only;no_spatial_host;surface_parameters_missing,0,0,
H000029,48,inspection_only;no_spatial_host;surface_parameters_missing,0,0,
H000029,49,inspection_only;no_spatial_host;surface_parameters_missing,0,0,
H000029,50,inspection_only;no_spatial_host;surface_parameters_missing,0,0,
H000029,51,inspection_only;no_spatial_host;surface_parameters_missing,0,0,
H000029,52,inspection_only;no_spatial_host;surface_parameters_missing,0,0,
H000029,53,inspection_only;no_spatial_host;surface_parameters_missing,0,0,
H000029,54,inspection_only;no_spatial_host;surface_parameters_missing,0,0,
H000029,55,inspection_only;no_spatial_host;surface_parameters_missing,0,0,
H000029,56,inspection_only;no_spatial_host;surface_parameters_missing,0,0,
H000029,57,inspection_only;no_spatial_host;surface_parameters_missing,0,0,
H000029,58,inspection_only;no_spatial_host;surface_parameters_missing,0,0,
H000029,59,inspection_only;no_spatial_host;surface_parameters_missing,0,0,
H000029,60,inspection_only;no_spatial_host;surface_parameters_missing,0,0,
H000029,61,inspection_only;no_spatial_host;surface_parameters_missing,0,0,
H000029,62,inspection_only;no_spatial_host;surface_parameters_missing,0,0,
H000029,63,inspection_only;no_spatial_host;surface_parameters_missing,0,0,
H000029,64,inspection_only;no_spatial_host;surface_parameters_missing,0,0,
H000029,65,inspection_only;no_spatial_host;surface_parameters_missing,0,0,
H000029,66,inspection_only;no_spatial_host;surface_parameters_missing,0,0,
H000029,67,inspection_only;no_spatial_host;surface_parameters_missing,0,0,
H000029,68,inspection_only;no_spatial_host;surface_parameters_missing,0,0,
H000029,69,inspection_only;no_spatial_host;surface_parameters_missing,0,0,
H000029,70,inspection_only;no_spatial_host;surface_parameters_missing,0,0,
H000029,71,inspection_only;no_spatial_host;surface_parameters_missing,0,0,
H000029,72,inspection_only;no_spatial_host;surface_parameters_missing,0,0,
H000029,73,inspection_only;no_spatial_host;surface_parameters_missing,0,0,
H000029,74,inspection_only;no_spatial_host;surface_parameters_missing,0,0,
H000029,75,inspection_only;no_spatial_host;surface_parameters_missing,0,0,
H000029,76,inspection_only;no_spatial_host;surface_parameters_missing,0,0,
H000029,77,inspection_only;no_spatial_host;surface_parameters_missing,0,0,
H000029,78,inspection_only;no_spatial_host;surface_parameters_missing,0,0,
H000029,79,inspection_only;no_spatial_host;surface_parameters_missing,0,0,
H000029,80,inspection_only;no_spatial_host;surface_parameters_missing,0,0,
H000029,81,inspection_only;no_spatial_host;surface_parameters_missing,0,0,
H000029,82,inspection_only;no_spatial_host;surface_parameters_missing,0,0,
H000029,83,inspection_only;no_spatial_host;surface_parameters_missing,0,0,
H000029,84,inspection_only;no_spatial_host;surface_parameters_missing,0,0,
H000029,85,inspection_only;no_spatial_host;surface_parameters_missing,0,0,
H000029,86,inspection_only;no_spatial_host;surface_parameters_missing,0,0,
H000029,87,inspection_only;no_spatial_host;surface_parameters_missing,0,0,
H000029,88,inspection_only;no_spatial_host;surface_parameters_missing,0,0,
H000029,89,inspection_only;no_spatial_host;surface_parameters_missing,0,0,
H000029,90,inspection_only;no_spatial_host;surface_parameters_missing,0,0,
H000029,91,inspection_only;no_spatial_host;surface_parameters_missing,0,0,
H000029,92,inspection_only;no_spatial_host;surface_parameters_missing,0,0,
H000029,93,inspection_only;no_spatial_host;surface_parameters_missing,0,0,
H000029,94,inspection_only;no_spatial_host;surface_parameters_missing,0,0,
H000029,95,inspection_only;no_spatial_host;surface_parameters_missing,0,0,
H000029,96,inspection_only;no_spatial_host;surface_parameters_missing,0,0,
H000029,97,inspection_only;no_spatial_host;surface_parameters_missing,0,0,
H000029,98,inspection_only;no_spatial_host;surface_parameters_missing,0,0,
H000029,99,inspection_only;no_spatial_host;surface_parameters_missing,0,0,
H000029,100,inspection_only;no_spatial_host;surface_parameters_missing,0,0,
H000029,101,inspection_only;no_spatial_host;surface_parameters_missing,0,0,
H000029,102,inspection_only;no_spatial_host;surface_parameters_missing,0,0,
H000029,103,inspection_only;no_spatial_host;surface_parameters_missing,0,0,
H000029,104,inspection_only;no_spatial_host;surface_parameters_missing,0,0,
H000029,105,inspection_only;no_spatial_host;surface_parameters_missing,0,0,
H000029,106,inspection_only;no_spatial_host;surface_parameters_missing,0,0,
H000029,107,inspection_only;no_spatial_host;surface_parameters_missing,0,0,
H000029,108,inspection_only;no_spatial_host;surface_parameters_missing,0,0,
H000029,109,inspection_only;no_spatial_host;surface_parameters_missing,0,0,
H000029,110,inspection_only;no_spatial_host;surface_parameters_missing,0,0,
H000029,111,inspection_only;no_spatial_host;surface_parameters_missing,0,0,
H000029,112,inspection_only;no_spatial_host;surface_parameters_missing,0,0,
H000029,113,inspection_only;no_spatial_host;surface_parameters_missing,0,0,
H000029,114,inspection_only;no_spatial_host;surface_parameters_missing,0,0,
H000029,115,inspection_only;no_spatial_host;surface_parameters_missing,0,0,
H000029,116,inspection_only;no_spatial_host;surface_parameters_missing,0,0,
H000029,117,inspection_only;no_spatial_host;surface_parameters_missing,0,0,
H000029,118,inspection_only;no_spatial_host;surface_parameters_missing,0,0,
H000029,119,inspection_only;no_spatial_host;surface_parameters_missing,0,0,
H000029,120,inspection_only;no_spatial_host;surface_parameters_missing,0,0,
H000029,121,inspection_only;no_spatial_host;surface_parameters_missing,0,0,
H000029,122,inspection_only;no_spatial_host;surface_parameters_missing,0,0,
H000029,123,inspection_only;no_spatial_host;surface_parameters_missing,0,0,
H000029,124,inspection_only;no_spatial_host;surface_parameters_missing,0,0,
H000029,125,inspection_only;no_spatial_host;surface_parameters_missing,0,0,
H000029,126,inspection_only;no_spatial_host;surface_parameters_missing,0,0,
H000029,127,inspection_only;no_spatial_host;surface_parameters_missing,0,0,
H000029,128,inspection_only;no_spatial_host;surface_parameters_missing,0,0,
H000029,129,inspection_only;no_spatial_host;surface_parameters_missing,0,0,
H000029,130,inspection_only;no_spatial_host;surface_parameters_missing,0,0,
H000029,131,inspection_only;no_spatial_host;surface_parameters_missing,0,0,
H000029,132,inspection_only;no_spatial_host;surface_parameters_missing,0,0,
H000029,133,inspection_only;no_spatial_host;surface_parameters_missing,0,0,
H000029,134,inspection_only;no_spatial_host;surface_parameters_missing,0,0,
H000029,135,inspection_only;no_spatial_host;surface_parameters_missing,0,0,
H000029,136,inspection_only;no_spatial_host;surface_parameters_missing,0,0,
H000029,137,inspection_only;no_spatial_host;surface_parameters_missing,0,0,
H000029,138,inspection_only;no_spatial_host;surface_parameters_missing,0,0,
H000029,139,inspection_only;no_spatial_host;surface_parameters_missing,0,0,
H000029,140,inspection_only;no_spatial_host;surface_parameters_missing,0,0,
H000029,141,inspection_only;no_spatial_host;surface_parameters_missing,0,0,
H000029,142,inspection_only;no_spatial_host;surface_parameters_missing,0,0,
H000029,143,inspection_only;no_spatial_host;surface_parameters_missing,0,0,
H000029,144,inspection_only;no_spatial_host;surface_parameters_missing,0,0,
H000029,145,inspection_only;no_spatial_host;surface_parameters_missing,0,0,
H000029,146,inspection_only;no_spatial_host;surface_parameters_missing,0,0,
H000029,147,inspection_only;no_spatial_host;surface_parameters_missing,0,0,
H000029,148,inspection_only;no_spatial_host;surface_parameters_missing,0,0,
H000029,149,inspection_only;no_spatial_host;surface_parameters_missing,0,0,
H000029,150,inspection_only;no_spatial_host;surface_parameters_missing,0,0,
H000029,151,inspection_only;no_spatial_host;surface_parameters_missing,0,0,
H000029,152,inspection_only;no_spatial_host;surface_parameters_missing,0,0,
H000029,153,inspection_only;no_spatial_host;surface_parameters_missing,0,0,
H000029,154,inspection_only;no_spatial_host;surface_parameters_missing,0,0,
H000029,155,inspection_only;no_spatial_host;surface_parameters_missing,0,0,
H000029,156,inspection_only;no_spatial_host;surface_parameters_missing,0,0,
H000029,157,inspection_only;no_spatial_host;surface_parameters_missing,0,0,
H000029,158,inspection_only;no_spatial_host;surface_parameters_missing,0,0,
H000029,159,inspection_only;no_spatial_host;surface_parameters_missing,0,0,
H000029,160,inspection_only;no_spatial_host;surface_parameters_missing,0,0,
H000029,161,inspection_only;no_spatial_host;surface_parameters_missing,0,0,
H000029,162,inspection_only;no_spatial_host;surface_parameters_missing,0,0,
H000029,163,inspection_only;no_spatial_host;surface_parameters_missing,0,0,
H000029,164,inspection_only;no_spatial_host;surface_parameters_missing,0,0,
H000029,165,inspection_only;no_spatial_host;surface_parameters_missing,0,0,
H000029,166,inspection_only;no_spatial_host;surface_parameters_missing,0,0,
H000029,167,inspection_only;no_spatial_host;surface_parameters_missing,0,0,
H000029,168,inspection_only;no_spatial_host;surface_parameters_missing,0,0,
H000029,169,inspection_only;no_spatial_host;surface_parameters_missing,0,0,
H000029,170,inspection_only;no_spatial_host;surface_parameters_missing,0,0,
H000029,171,inspection_only;no_spatial_host;surface_parameters_missing,0,0,
H000029,172,inspection_only;no_spatial_host;surface_parameters_missing,0,0,
H000029,173,inspection_only;no_spatial_host;surface_parameters_missing,0,0,
H000029,174,inspection_only;no_spatial_host;surface_parameters_missing,0,0,
H000029,175,inspection_only;no_spatial_host;surface_parameters_missing,0,0,
H000029,176,inspection_only;no_spatial_host;surface_parameters_missing,0,0,
H000029,177,inspection_only;no_spatial_host;surface_parameters_missing,0,0,
H000029,178,inspection_only;no_spatial_host;surface_parameters_missing,0,0,
H000029,179,inspection_only;no_spatial_host;surface_parameters_missing,0,0,
H000030,0,inspection_only;no_spatial_host;surface_parameters_missing,0,0,
H000030,1,inspection_only;no_spatial_host;surface_parameters_missing,0,0,
H000030,2,inspection_only;no_spatial_host;surface_parameters_missing,0,0,
H000030,3,inspection_only;no_spatial_host;surface_parameters_missing,0,0,
H000030,4,inspection_only;no_spatial_host;surface_parameters_missing,0,0,
H000030,5,inspection_only;no_spatial_host;surface_parameters_missing,0,0,
H000030,6,inspection_only;no_spatial_host;surface_parameters_missing,0,0,
H000030,7,inspection_only;no_spatial_host;surface_parameters_missing,0,0,
H000030,8,inspection_only;no_spatial_host;surface_parameters_missing,0,0,
H000030,9,inspection_only;no_spatial_host;surface_parameters_missing,0,0,
H000030,10,inspection_only;no_spatial_host;surface_parameters_missing,0,0,
H000030,11,inspection_only;no_spatial_host;surface_parameters_missing,0,0,
H000030,12,inspection_only;no_spatial_host;surface_parameters_missing,0,0,
H000030,13,inspection_only;no_spatial_host;surface_parameters_missing,0,0,
H000030,14,inspection_only;no_spatial_host;surface_parameters_missing,0,0,
H000030,15,inspection_only;no_spatial_host;surface_parameters_missing,0,0,
H000030,16,inspection_only;no_spatial_host;surface_parameters_missing,0,0,
H000030,17,inspection_only;no_spatial_host;surface_parameters_missing,0,0,
H000030,18,inspection_only;no_spatial_host;surface_parameters_missing,0,0,
H000030,19,inspection_only;no_spatial_host;surface_parameters_missing,0,0,
H000030,20,inspection_only;no_spatial_host;surface_parameters_missing,0,0,
H000030,21,inspection_only;no_spatial_host;surface_parameters_missing,0,0,
H000030,22,inspection_only;no_spatial_host;surface_parameters_missing,0,0,
H000030,23,inspection_only;no_spatial_host;surface_parameters_missing,0,0,
H000030,24,inspection_only;no_spatial_host;surface_parameters_missing,0,0,
H000030,25,inspection_only;no_spatial_host;surface_parameters_missing,0,0,
H000030,26,inspection_only;no_spatial_host;surface_parameters_missing,0,0,
H000030,27,inspection_only;no_spatial_host;surface_parameters_missing,0,0,
H000030,28,inspection_only;no_spatial_host;surface_parameters_missing,0,0,
H000030,29,inspection_only;no_spatial_host;surface_parameters_missing,0,0,
H000030,30,inspection_only;no_spatial_host;surface_parameters_missing,0,0,
H000030,31,inspection_only;no_spatial_host;surface_parameters_missing,0,0,
H000030,32,inspection_only;no_spatial_host;surface_parameters_missing,0,0,
H000030,33,inspection_only;no_spatial_host;surface_parameters_missing,0,0,
H000030,34,inspection_only;no_spatial_host;surface_parameters_missing,0,0,
H000030,35,inspection_only;no_spatial_host;surface_parameters_missing,0,0,
H000030,36,inspection_only;no_spatial_host;surface_parameters_missing,0,0,
H000030,37,inspection_only;no_spatial_host;surface_parameters_missing,0,0,
H000030,38,inspection_only;no_spatial_host;surface_parameters_missing,0,0,
H000030,39,inspection_only;no_spatial_host;surface_parameters_missing,0,0,
H000030,40,inspection_only;no_spatial_host;surface_parameters_missing,0,0,
H000030,41,inspection_only;no_spatial_host;surface_parameters_missing,0,0,
H000030,42,inspection_only;no_spatial_host;surface_parameters_missing,0,0,
H000030,43,inspection_only;no_spatial_host;surface_parameters_missing,0,0,
H000030,44,inspection_only;no_spatial_host;surface_parameters_missing,0,0,
H000030,45,inspection_only;no_spatial_host;surface_parameters_missing,0,0,
H000030,46,inspection_only;no_spatial_host;surface_parameters_missing,0,0,
H000030,47,inspection_only;no_spatial_host;surface_parameters_missing,0,0,
H000030,48,inspection_only;no_spatial_host;surface_parameters_missing,0,0,
H000030,49,inspection_only;no_spatial_host;surface_parameters_missing,0,0,
H000030,50,inspection_only;no_spatial_host;surface_parameters_missing,0,0,
H000030,51,inspection_only;no_spatial_host;surface_parameters_missing,0,0,
H000030,52,inspection_only;no_spatial_host;surface_parameters_missing,0,0,
H000030,53,inspection_only;no_spatial_host;surface_parameters_missing,0,0,
H000030,54,inspection_only;no_spatial_host;surface_parameters_missing,0,0,
H000030,55,inspection_only;no_spatial_host;surface_parameters_missing,0,0,
H000030,56,inspection_only;no_spatial_host;surface_parameters_missing,0,0,
H000030,57,inspection_only;no_spatial_host;surface_parameters_missing,0,0,
H000030,58,inspection_only;no_spatial_host;surface_parameters_missing,0,0,
H000030,59,inspection_only;no_spatial_host;surface_parameters_missing,0,0,
H000030,60,inspection_only;no_spatial_host;surface_parameters_missing,0,0,
H000030,61,inspection_only;no_spatial_host;surface_parameters_missing,0,0,
H000030,62,inspection_only;no_spatial_host;surface_parameters_missing,0,0,
H000030,63,inspection_only;no_spatial_host;surface_parameters_missing,0,0,
H000030,64,inspection_only;no_spatial_host;surface_parameters_missing,0,0,
H000030,65,inspection_only;no_spatial_host;surface_parameters_missing,0,0,
H000030,66,inspection_only;no_spatial_host;surface_parameters_missing,0,0,
H000030,67,inspection_only;no_spatial_host;surface_parameters_missing,0,0,
H000030,68,inspection_only;no_spatial_host;surface_parameters_missing,0,0,
H000030,69,inspection_only;no_spatial_host;surface_parameters_missing,0,0,
H000030,70,inspection_only;no_spatial_host;surface_parameters_missing,0,0,
H000030,71,inspection_only;no_spatial_host;surface_parameters_missing,0,0,
H000030,72,inspection_only;no_spatial_host;surface_parameters_missing,0,0,
H000030,73,inspection_only;no_spatial_host;surface_parameters_missing,0,0,
H000030,74,inspection_only;no_spatial_host;surface_parameters_missing,0,0,
H000030,75,inspection_only;no_spatial_host;surface_parameters_missing,0,0,
H000030,76,inspection_only;no_spatial_host;surface_parameters_missing,0,0,
H000030,77,inspection_only;no_spatial_host;surface_parameters_missing,0,0,
H000030,78,inspection_only;no_spatial_host;surface_parameters_missing,0,0,
H000030,79,inspection_only;no_spatial_host;surface_parameters_missing,0,0,
H000030,80,inspection_only;no_spatial_host;surface_parameters_missing,0,0,
H000030,81,inspection_only;no_spatial_host;surface_parameters_missing,0,0,
H000030,82,inspection_only;no_spatial_host;surface_parameters_missing,0,0,
H000030,83,inspection_only;no_spatial_host;surface_parameters_missing,0,0,
H000030,84,inspection_only;no_spatial_host;surface_parameters_missing,0,0,
H000030,85,inspection_only;no_spatial_host;surface_parameters_missing,0,0,
H000030,86,inspection_only;no_spatial_host;surface_parameters_missing,0,0,
H000030,87,inspection_only;no_spatial_host;surface_parameters_missing,0,0,
H000030,88,inspection_only;no_spatial_host;surface_parameters_missing,0,0,
H000030,89,inspection_only;no_spatial_host;surface_parameters_missing,0,0,
H000030,90,inspection_only;no_spatial_host;surface_parameters_missing,0,0,
H000030,91,inspection_only;no_spatial_host;surface_parameters_missing,0,0,
H000030,92,inspection_only;no_spatial_host;surface_parameters_missing,0,0,
H000030,93,inspection_only;no_spatial_host;surface_parameters_missing,0,0,
H000030,94,inspection_only;no_spatial_host;surface_parameters_missing,0,0,
H000030,95,inspection_only;no_spatial_host;surface_parameters_missing,0,0,
H000030,96,inspection_only;no_spatial_host;surface_parameters_missing,0,0,
H000030,97,inspection_only;no_spatial_host;surface_parameters_missing,0,0,
H000030,98,inspection_only;no_spatial_host;surface_parameters_missing,0,0,
H000030,99,inspection_only;no_spatial_host;surface_parameters_missing,0,0,
H000030,100,inspection_only;no_spatial_host;surface_parameters_missing,0,0,
H000030,101,inspection_only;no_spatial_host;surface_parameters_missing,0,0,
H000030,102,inspection_only;no_spatial_host;surface_parameters_missing,0,0,
H000030,103,inspection_only;no_spatial_host;surface_parameters_missing,0,0,
H000030,104,inspection_only;no_spatial_host;surface_parameters_missing,0,0,
H000030,105,inspection_only;no_spatial_host;surface_parameters_missing,0,0,
H000030,106,inspection_only;no_spatial_host;surface_parameters_missing,0,0,
H000030,107,inspection_only;no_spatial_host;surface_parameters_missing,0,0,
H000030,108,inspection_only;no_spatial_host;surface_parameters_missing,0,0,
H000030,109,inspection_only;no_spatial_host;surface_parameters_missing,0,0,
H000030,110,inspection_only;no_spatial_host;surface_parameters_missing,0,0,
H000030,111,inspection_only;no_spatial_host;surface_parameters_missing,0,0,
H000030,112,inspection_only;no_spatial_host;surface_parameters_missing,0,0,
H000030,113,inspection_only;no_spatial_host;surface_parameters_missing,0,0,
H000030,114,inspection_only;no_spatial_host;surface_parameters_missing,0,0,
H000030,115,inspection_only;no_spatial_host;surface_parameters_missing,0,0,
H000030,116,inspection_only;no_spatial_host;surface_parameters_missing,0,0,
H000030,117,inspection_only;no_spatial_host;surface_parameters_missing,0,0,
H000030,118,inspection_only;no_spatial_host;surface_parameters_missing,0,0,
H000030,119,inspection_only;no_spatial_host;surface_parameters_missing,0,0,
H000030,120,inspection_only;no_spatial_host;surface_parameters_missing,0,0,
H000030,121,inspection_only;no_spatial_host;surface_parameters_missing,0,0,
H000030,122,inspection_only;no_spatial_host;surface_parameters_missing,0,0,
H000030,123,inspection_only;no_spatial_host;surface_parameters_missing,0,0,
H000030,124,inspection_only;no_spatial_host;surface_parameters_missing,0,0,
H000030,125,inspection_only;no_spatial_host;surface_parameters_missing,0,0,
H000030,126,inspection_only;no_spatial_host;surface_parameters_missing,0,0,
H000030,127,inspection_only;no_spatial_host;surface_parameters_missing,0,0,
H000030,128,inspection_only;no_spatial_host;surface_parameters_missing,0,0,
H000030,129,inspection_only;no_spatial_host;surface_parameters_missing,0,0,
H000030,130,inspection_only;no_spatial_host;surface_parameters_missing,0,0,
H000030,131,inspection_only;no_spatial_host;surface_parameters_missing,0,0,
H000030,132,inspection_only;no_spatial_host;surface_parameters_missing,0,0,
H000030,133,inspection_only;no_spatial_host;surface_parameters_missing,0,0,
H000030,134,inspection_only;no_spatial_host;surface_parameters_missing,0,0,
H000030,135,inspection_only;no_spatial_host;surface_parameters_missing,0,0,
H000030,136,inspection_only;no_spatial_host;surface_parameters_missing,0,0,
H000030,137,inspection_only;no_spatial_host;surface_parameters_missing,0,0,
H000030,138,inspection_only;no_spatial_host;surface_parameters_missing,0,0,
H000030,139,inspection_only;no_spatial_host;surface_parameters_missing,0,0,
H000030,140,inspection_only;no_spatial_host;surface_parameters_missing,0,0,
H000030,141,inspection_only;no_spatial_host;surface_parameters_missing,0,0,
H000030,142,inspection_only;no_spatial_host;surface_parameters_missing,0,0,
H000030,143,inspection_only;no_spatial_host;surface_parameters_missing,0,0,
H000030,144,inspection_only;no_spatial_host;surface_parameters_missing,0,0,
H000030,145,inspection_only;no_spatial_host;surface_parameters_missing,0,0,
H000030,146,inspection_only;no_spatial_host;surface_parameters_missing,0,0,
H000030,147,inspection_only;no_spatial_host;surface_parameters_missing,0,0,
H000030,148,inspection_only;no_spatial_host;surface_parameters_missing,0,0,
H000030,149,inspection_only;no_spatial_host;surface_parameters_missing,0,0,
H000030,150,inspection_only;no_spatial_host;surface_parameters_missing,0,0,
H000030,151,inspection_only;no_spatial_host;surface_parameters_missing,0,0,
H000030,152,inspection_only;no_spatial_host;surface_parameters_missing,0,0,
H000030,153,inspection_only;no_spatial_host;surface_parameters_missing,0,0,
H000030,154,inspection_only;no_spatial_host;surface_parameters_missing,0,0,
H000030,155,inspection_only;no_spatial_host;surface_parameters_missing,0,0,
H000030,156,inspection_only;no_spatial_host;surface_parameters_missing,0,0,
H000030,157,inspection_only;no_spatial_host;surface_parameters_missing,0,0,
H000030,158,inspection_only;no_spatial_host;surface_parameters_missing,0,0,
H000030,159,inspection_only;no_spatial_host;surface_parameters_missing,0,0,
H000030,160,inspection_only;no_spatial_host;surface_parameters_missing,0,0,
H000030,161,inspection_only;no_spatial_host;surface_parameters_missing,0,0,
H000030,162,inspection_only;no_spatial_host;surface_parameters_missing,0,0,
H000030,163,inspection_only;no_spatial_host;surface_parameters_missing,0,0,
H000030,164,inspection_only;no_spatial_host;surface_parameters_missing,0,0,
H000030,165,inspection_only;no_spatial_host;surface_parameters_missing,0,0,
H000030,166,inspection_only;no_spatial_host;surface_parameters_missing,0,0,
H000030,167,inspection_only;no_spatial_host;surface_parameters_missing,0,0,
H000030,168,inspection_only;no_spatial_host;surface_parameters_missing,0,0,
H000030,169,inspection_only;no_spatial_host;surface_parameters_missing,0,0,
H000030,170,inspection_only;no_spatial_host;surface_parameters_missing,0,0,
H000030,171,inspection_only;no_spatial_host;surface_parameters_missing,0,0,
H000030,172,inspection_only;no_spatial_host;surface_parameters_missing,0,0,
H000030,173,inspection_only;no_spatial_host;surface_parameters_missing,0,0,
H000030,174,inspection_only;no_spatial_host;surface_parameters_missing,0,0,
H000030,175,inspection_only;no_spatial_host;surface_parameters_missing,0,0,
H000030,176,inspection_only;no_spatial_host;surface_parameters_missing,0,0,
H000030,177,inspection_only;no_spatial_host;surface_parameters_missing,0,0,
H000030,178,inspection_only;no_spatial_host;surface_parameters_missing,0,0,
H000030,179,inspection_only;no_spatial_host;surface_parameters_missing,0,0,
H000031,0,inspection_only;no_spatial_host;surface_parameters_missing,0,0,
H000031,1,inspection_only;no_spatial_host;surface_parameters_missing,0,0,
H000031,2,inspection_only;no_spatial_host;surface_parameters_missing,0,0,
H000031,3,inspection_only;no_spatial_host;surface_parameters_missing,0,0,
H000031,4,inspection_only;no_spatial_host;surface_parameters_missing,0,0,
H000031,5,inspection_only;no_spatial_host;surface_parameters_missing,0,0,
H000031,6,inspection_only;no_spatial_host;surface_parameters_missing,0,0,
H000031,7,inspection_only;no_spatial_host;surface_parameters_missing,0,0,
H000031,8,inspection_only;no_spatial_host;surface_parameters_missing,0,0,
H000031,9,inspection_only;no_spatial_host;surface_parameters_missing,0,0,
H000031,10,inspection_only;no_spatial_host;surface_parameters_missing,0,0,
H000031,11,inspection_only;no_spatial_host;surface_parameters_missing,0,0,
H000031,12,inspection_only;no_spatial_host;surface_parameters_missing,0,0,
H000031,13,inspection_only;no_spatial_host;surface_parameters_missing,0,0,
H000031,14,inspection_only;no_spatial_host;surface_parameters_missing,0,0,
H000031,15,inspection_only;no_spatial_host;surface_parameters_missing,0,0,
H000031,16,inspection_only;no_spatial_host;surface_parameters_missing,0,0,
H000031,17,inspection_only;no_spatial_host;surface_parameters_missing,0,0,
H000031,18,inspection_only;no_spatial_host;surface_parameters_missing,0,0,
H000031,19,inspection_only;no_spatial_host;surface_parameters_missing,0,0,
H000031,20,inspection_only;no_spatial_host;surface_parameters_missing,0,0,
H000031,21,inspection_only;no_spatial_host;surface_parameters_missing,0,0,
H000031,22,inspection_only;no_spatial_host;surface_parameters_missing,0,0,
H000031,23,inspection_only;no_spatial_host;surface_parameters_missing,0,0,
H000031,24,inspection_only;no_spatial_host;surface_parameters_missing,0,0,
H000031,25,inspection_only;no_spatial_host;surface_parameters_missing,0,0,
H000031,26,inspection_only;no_spatial_host;surface_parameters_missing,0,0,
H000031,27,inspection_only;no_spatial_host;surface_parameters_missing,0,0,
H000031,28,inspection_only;no_spatial_host;surface_parameters_missing,0,0,
H000031,29,inspection_only;no_spatial_host;surface_parameters_missing,0,0,
H000031,30,inspection_only;no_spatial_host;surface_parameters_missing,0,0,
H000031,31,inspection_only;no_spatial_host;surface_parameters_missing,0,0,
H000031,32,inspection_only;no_spatial_host;surface_parameters_missing,0,0,
H000031,33,inspection_only;no_spatial_host;surface_parameters_missing,0,0,
H000031,34,inspection_only;no_spatial_host;surface_parameters_missing,0,0,
H000031,35,inspection_only;no_spatial_host;surface_parameters_missing,0,0,
H000031,36,inspection_only;no_spatial_host;surface_parameters_missing,0,0,
H000031,37,inspection_only;no_spatial_host;surface_parameters_missing,0,0,
H000031,38,inspection_only;no_spatial_host;surface_parameters_missing,0,0,
H000031,39,inspection_only;no_spatial_host;surface_parameters_missing,0,0,
H000031,40,inspection_only;no_spatial_host;surface_parameters_missing,0,0,
H000031,41,inspection_only;no_spatial_host;surface_parameters_missing,0,0,
H000031,42,inspection_only;no_spatial_host;surface_parameters_missing,0,0,
H000031,43,inspection_only;no_spatial_host;surface_parameters_missing,0,0,
H000031,44,inspection_only;no_spatial_host;surface_parameters_missing,0,0,
H000031,45,inspection_only;no_spatial_host;surface_parameters_missing,0,0,
H000031,46,inspection_only;no_spatial_host;surface_parameters_missing,0,0,
H000031,47,inspection_only;no_spatial_host;surface_parameters_missing,0,0,
H000031,48,inspection_only;no_spatial_host;surface_parameters_missing,0,0,
H000031,49,inspection_only;no_spatial_host;surface_parameters_missing,0,0,
H000031,50,inspection_only;no_spatial_host;surface_parameters_missing,0,0,
H000031,51,inspection_only;no_spatial_host;surface_parameters_missing,0,0,
H000031,52,inspection_only;no_spatial_host;surface_parameters_missing,0,0,
H000031,53,inspection_only;no_spatial_host;surface_parameters_missing,0,0,
H000031,54,inspection_only;no_spatial_host;surface_parameters_missing,0,0,
H000031,55,inspection_only;no_spatial_host;surface_parameters_missing,0,0,
H000031,56,inspection_only;no_spatial_host;surface_parameters_missing,0,0,
H000031,57,inspection_only;no_spatial_host;surface_parameters_missing,0,0,
H000031,58,inspection_only;no_spatial_host;surface_parameters_missing,0,0,
H000031,59,inspection_only;no_spatial_host;surface_parameters_missing,0,0,
H000031,60,inspection_only;no_spatial_host;surface_parameters_missing,0,0,
H000031,61,inspection_only;no_spatial_host;surface_parameters_missing,0,0,
H000031,62,inspection_only;no_spatial_host;surface_parameters_missing,0,0,
H000031,63,inspection_only;no_spatial_host;surface_parameters_missing,0,0,
H000031,64,inspection_only;no_spatial_host;surface_parameters_missing,0,0,
H000031,65,inspection_only;no_spatial_host;surface_parameters_missing,0,0,
H000031,66,inspection_only;no_spatial_host;surface_parameters_missing,0,0,
H000031,67,inspection_only;no_spatial_host;surface_parameters_missing,0,0,
H000031,68,inspection_only;no_spatial_host;surface_parameters_missing,0,0,
H000031,69,inspection_only;no_spatial_host;surface_parameters_missing,0,0,
H000031,70,inspection_only;no_spatial_host;surface_parameters_missing,0,0,
H000031,71,inspection_only;no_spatial_host;surface_parameters_missing,0,0,
H000031,72,inspection_only;no_spatial_host;surface_parameters_missing,0,0,
H000031,73,inspection_only;no_spatial_host;surface_parameters_missing,0,0,
H000031,74,inspection_only;no_spatial_host;surface_parameters_missing,0,0,
H000031,75,inspection_only;no_spatial_host;surface_parameters_missing,0,0,
H000031,76,inspection_only;no_spatial_host;surface_parameters_missing,0,0,
H000031,77,inspection_only;no_spatial_host;surface_parameters_missing,0,0,
H000031,78,inspection_only;no_spatial_host;surface_parameters_missing,0,0,
H000031,79,inspection_only;no_spatial_host;surface_parameters_missing,0,0,
H000031,80,inspection_only;no_spatial_host;surface_parameters_missing,0,0,
H000031,81,inspection_only;no_spatial_host;surface_parameters_missing,0,0,
H000031,82,inspection_only;no_spatial_host;surface_parameters_missing,0,0,
H000031,83,inspection_only;no_spatial_host;surface_parameters_missing,0,0,
H000031,84,inspection_only;no_spatial_host;surface_parameters_missing,0,0,
H000031,85,inspection_only;no_spatial_host;surface_parameters_missing,0,0,
H000031,86,inspection_only;no_spatial_host;surface_parameters_missing,0,0,
H000031,87,inspection_only;no_spatial_host;surface_parameters_missing,0,0,
H000031,88,inspection_only;no_spatial_host;surface_parameters_missing,0,0,
H000031,89,inspection_only;no_spatial_host;surface_parameters_missing,0,0,
H000031,90,inspection_only;no_spatial_host;surface_parameters_missing,0,0,
H000031,91,inspection_only;no_spatial_host;surface_parameters_missing,0,0,
H000031,92,inspection_only;no_spatial_host;surface_parameters_missing,0,0,
H000031,93,inspection_only;no_spatial_host;surface_parameters_missing,0,0,
H000031,94,inspection_only;no_spatial_host;surface_parameters_missing,0,0,
H000031,95,inspection_only;no_spatial_host;surface_parameters_missing,0,0,
H000031,96,inspection_only;no_spatial_host;surface_parameters_missing,0,0,
H000031,97,inspection_only;no_spatial_host;surface_parameters_missing,0,0,
H000031,98,inspection_only;no_spatial_host;surface_parameters_missing,0,0,
H000031,99,inspection_only;no_spatial_host;surface_parameters_missing,0,0,
H000031,100,inspection_only;no_spatial_host;surface_parameters_missing,0,0,
H000031,101,inspection_only;no_spatial_host;surface_parameters_missing,0,0,
H000031,102,inspection_only;no_spatial_host;surface_parameters_missing,0,0,
H000031,103,inspection_only;no_spatial_host;surface_parameters_missing,0,0,
H000031,104,inspection_only;no_spatial_host;surface_parameters_missing,0,0,
H000031,105,inspection_only;no_spatial_host;surface_parameters_missing,0,0,
H000031,106,inspection_only;no_spatial_host;surface_parameters_missing,0,0,
H000031,107,inspection_only;no_spatial_host;surface_parameters_missing,0,0,
H000031,108,inspection_only;no_spatial_host;surface_parameters_missing,0,0,
H000031,109,inspection_only;no_spatial_host;surface_parameters_missing,0,0,
H000031,110,inspection_only;no_spatial_host;surface_parameters_missing,0,0,
H000031,111,inspection_only;no_spatial_host;surface_parameters_missing,0,0,
H000031,112,inspection_only;no_spatial_host;surface_parameters_missing,0,0,
H000031,113,inspection_only;no_spatial_host;surface_parameters_missing,0,0,
H000031,114,inspection_only;no_spatial_host;surface_parameters_missing,0,0,
H000031,115,inspection_only;no_spatial_host;surface_parameters_missing,0,0,
H000031,116,inspection_only;no_spatial_host;surface_parameters_missing,0,0,
H000031,117,inspection_only;no_spatial_host;surface_parameters_missing,0,0,
H000031,118,inspection_only;no_spatial_host;surface_parameters_missing,0,0,
H000031,119,inspection_only;no_spatial_host;surface_parameters_missing,0,0,
H000031,120,inspection_only;no_spatial_host;surface_parameters_missing,0,0,
H000031,121,inspection_only;no_spatial_host;surface_parameters_missing,0,0,
H000031,122,inspection_only;no_spatial_host;surface_parameters_missing,0,0,
H000031,123,inspection_only;no_spatial_host;surface_parameters_missing,0,0,
H000031,124,inspection_only;no_spatial_host;surface_parameters_missing,0,0,
H000031,125,inspection_only;no_spatial_host;surface_parameters_missing,0,0,
H000031,126,inspection_only;no_spatial_host;surface_parameters_missing,0,0,
H000031,127,inspection_only;no_spatial_host;surface_parameters_missing,0,0,
H000031,128,inspection_only;no_spatial_host;surface_parameters_missing,0,0,
H000031,129,inspection_only;no_spatial_host;surface_parameters_missing,0,0,
H000031,130,inspection_only;no_spatial_host;surface_parameters_missing,0,0,
H000031,131,inspection_only;no_spatial_host;surface_parameters_missing,0,0,
H000031,132,inspection_only;no_spatial_host;surface_parameters_missing,0,0,
H000031,133,inspection_only;no_spatial_host;surface_parameters_missing,0,0,
H000031,134,inspection_only;no_spatial_host;surface_parameters_missing,0,0,
H000031,135,inspection_only;no_spatial_host;surface_parameters_missing,0,0,
H000031,136,inspection_only;no_spatial_host;surface_parameters_missing,0,0,
H000031,137,inspection_only;no_spatial_host;surface_parameters_missing,0,0,
H000031,138,inspection_only;no_spatial_host;surface_parameters_missing,0,0,
H000031,139,inspection_only;no_spatial_host;surface_parameters_missing,0,0,
H000031,140,inspection_only;no_spatial_host;surface_parameters_missing,0,0,
H000031,141,inspection_only;no_spatial_host;surface_parameters_missing,0,0,
H000031,142,inspection_only;no_spatial_host;surface_parameters_missing,0,0,
H000031,143,inspection_only;no_spatial_host;surface_parameters_missing,0,0,
H000031,144,inspection_only;no_spatial_host;surface_parameters_missing,0,0,
H000031,145,inspection_only;no_spatial_host;surface_parameters_missing,0,0,
H000031,146,inspection_only;no_spatial_host;surface_parameters_missing,0,0,
H000031,147,inspection_only;no_spatial_host;surface_parameters_missing,0,0,
H000031,148,inspection_only;no_spatial_host;surface_parameters_missing,0,0,
H000031,149,inspection_only;no_spatial_host;surface_parameters_missing,0,0,
H000031,150,inspection_only;no_spatial_host;surface_parameters_missing,0,0,
H000031,151,inspection_only;no_spatial_host;surface_parameters_missing,0,0,
H000031,152,inspection_only;no_spatial_host;surface_parameters_missing,0,0,
H000031,153,inspection_only;no_spatial_host;surface_parameters_missing,0,0,
H000031,154,inspection_only;no_spatial_host;surface_parameters_missing,0,0,
H000031,155,inspection_only;no_spatial_host;surface_parameters_missing,0,0,
H000031,156,inspection_only;no_spatial_host;surface_parameters_missing,0,0,
H000031,157,inspection_only;no_spatial_host;surface_parameters_missing,0,0,
H000031,158,inspection_only;no_spatial_host;surface_parameters_missing,0,0,
H000031,159,inspection_only;no_spatial_host;surface_parameters_missing,0,0,
H000031,160,inspection_only;no_spatial_host;surface_parameters_missing,0,0,
H000031,161,inspection_only;no_spatial_host;surface_parameters_missing,0,0,
H000031,162,inspection_only;no_spatial_host;surface_parameters_missing,0,0,
H000031,163,inspection_only;no_spatial_host;surface_parameters_missing,0,0,
H000031,164,inspection_only;no_spatial_host;surface_parameters_missing,0,0,
H000031,165,inspection_only;no_spatial_host;surface_parameters_missing,0,0,
H000031,166,inspection_only;no_spatial_host;surface_parameters_missing,0,0,
H000031,167,inspection_only;no_spatial_host;surface_parameters_missing,0,0,
H000031,168,inspection_only;no_spatial_host;surface_parameters_missing,0,0,
H000031,169,inspection_only;no_spatial_host;surface_parameters_missing,0,0,
H000031,170,inspection_only;no_spatial_host;surface_parameters_missing,0,0,
H000031,171,inspection_only;no_spatial_host;surface_parameters_missing,0,0,
H000031,172,inspection_only;no_spatial_host;surface_parameters_missing,0,0,
H000031,173,inspection_only;no_spatial_host;surface_parameters_missing,0,0,
H000031,174,inspection_only;no_spatial_host;surface_parameters_missing,0,0,
H000031,175,inspection_only;no_spatial_host;surface_parameters_missing,0,0,
H000031,176,inspection_only;no_spatial_host;surface_parameters_missing,0,0,
H000031,177,inspection_only;no_spatial_host;surface_parameters_missing,0,0,
H000031,178,inspection_only;no_spatial_host;surface_parameters_missing,0,0,
H000031,179,inspection_only;no_spatial_host;surface_parameters_missing,0,0,
H000032,0,inspection_only;no_spatial_host;surface_parameters_missing,0,0,
H000032,1,inspection_only;no_spatial_host;surface_parameters_missing,0,0,
H000032,2,inspection_only;no_spatial_host;surface_parameters_missing,0,0,
H000032,3,inspection_only;no_spatial_host;surface_parameters_missing,0,0,
H000032,4,inspection_only;no_spatial_host;surface_parameters_missing,0,0,
H000032,5,inspection_only;no_spatial_host;surface_parameters_missing,0,0,
H000032,6,inspection_only;no_spatial_host;surface_parameters_missing,0,0,
H000032,7,inspection_only;no_spatial_host;surface_parameters_missing,0,0,
H000032,8,inspection_only;no_spatial_host;surface_parameters_missing,0,0,
H000032,9,inspection_only;no_spatial_host;surface_parameters_missing,0,0,
H000032,10,inspection_only;no_spatial_host;surface_parameters_missing,0,0,
H000032,11,inspection_only;no_spatial_host;surface_parameters_missing,0,0,
H000032,12,inspection_only;no_spatial_host;surface_parameters_missing,0,0,
H000032,13,inspection_only;no_spatial_host;surface_parameters_missing,0,0,
H000032,14,inspection_only;no_spatial_host;surface_parameters_missing,0,0,
H000032,15,inspection_only;no_spatial_host;surface_parameters_missing,0,0,
H000032,16,inspection_only;no_spatial_host;surface_parameters_missing,0,0,
H000032,17,inspection_only;no_spatial_host;surface_parameters_missing,0,0,
H000032,18,inspection_only;no_spatial_host;surface_parameters_missing,0,0,
H000032,19,inspection_only;no_spatial_host;surface_parameters_missing,0,0,
H000032,20,inspection_only;no_spatial_host;surface_parameters_missing,0,0,
H000032,21,inspection_only;no_spatial_host;surface_parameters_missing,0,0,
H000032,22,inspection_only;no_spatial_host;surface_parameters_missing,0,0,
H000032,23,inspection_only;no_spatial_host;surface_parameters_missing,0,0,
H000032,24,inspection_only;no_spatial_host;surface_parameters_missing,0,0,
H000032,25,inspection_only;no_spatial_host;surface_parameters_missing,0,0,
H000032,26,inspection_only;no_spatial_host;surface_parameters_missing,0,0,
H000032,27,inspection_only;no_spatial_host;surface_parameters_missing,0,0,
H000032,28,inspection_only;no_spatial_host;surface_parameters_missing,0,0,
H000032,29,inspection_only;no_spatial_host;surface_parameters_missing,0,0,
H000032,30,inspection_only;no_spatial_host;surface_parameters_missing,0,0,
H000032,31,inspection_only;no_spatial_host;surface_parameters_missing,0,0,
H000032,32,inspection_only;no_spatial_host;surface_parameters_missing,0,0,
H000032,33,inspection_only;no_spatial_host;surface_parameters_missing,0,0,
H000032,34,inspection_only;no_spatial_host;surface_parameters_missing,0,0,
H000032,35,inspection_only;no_spatial_host;surface_parameters_missing,0,0,
H000032,36,inspection_only;no_spatial_host;surface_parameters_missing,0,0,
H000032,37,inspection_only;no_spatial_host;surface_parameters_missing,0,0,
H000032,38,inspection_only;no_spatial_host;surface_parameters_missing,0,0,
H000032,39,inspection_only;no_spatial_host;surface_parameters_missing,0,0,
H000032,40,inspection_only;no_spatial_host;surface_parameters_missing,0,0,
H000032,41,inspection_only;no_spatial_host;surface_parameters_missing,0,0,
H000032,42,inspection_only;no_spatial_host;surface_parameters_missing,0,0,
H000032,43,inspection_only;no_spatial_host;surface_parameters_missing,0,0,
H000032,44,inspection_only;no_spatial_host;surface_parameters_missing,0,0,
H000032,45,inspection_only;no_spatial_host;surface_parameters_missing,0,0,
H000032,46,inspection_only;no_spatial_host;surface_parameters_missing,0,0,
H000032,47,inspection_only;no_spatial_host;surface_parameters_missing,0,0,
H000032,48,inspection_only;no_spatial_host;surface_parameters_missing,0,0,
H000032,49,inspection_only;no_spatial_host;surface_parameters_missing,0,0,
H000032,50,inspection_only;no_spatial_host;surface_parameters_missing,0,0,
H000032,51,inspection_only;no_spatial_host;surface_parameters_missing,0,0,
H000032,52,inspection_only;no_spatial_host;surface_parameters_missing,0,0,
H000032,53,inspection_only;no_spatial_host;surface_parameters_missing,0,0,
H000032,54,inspection_only;no_spatial_host;surface_parameters_missing,0,0,
H000032,55,inspection_only;no_spatial_host;surface_parameters_missing,0,0,
H000032,56,inspection_only;no_spatial_host;surface_parameters_missing,0,0,
H000032,57,inspection_only;no_spatial_host;surface_parameters_missing,0,0,
H000032,58,inspection_only;no_spatial_host;surface_parameters_missing,0,0,
H000032,59,inspection_only;no_spatial_host;surface_parameters_missing,0,0,
H000032,60,inspection_only;no_spatial_host;surface_parameters_missing,0,0,
H000032,61,inspection_only;no_spatial_host;surface_parameters_missing,0,0,
H000032,62,inspection_only;no_spatial_host;surface_parameters_missing,0,0,
H000032,63,inspection_only;no_spatial_host;surface_parameters_missing,0,0,
H000032,64,inspection_only;no_spatial_host;surface_parameters_missing,0,0,
H000032,65,inspection_only;no_spatial_host;surface_parameters_missing,0,0,
H000032,66,inspection_only;no_spatial_host;surface_parameters_missing,0,0,
H000032,67,inspection_only;no_spatial_host;surface_parameters_missing,0,0,
H000032,68,inspection_only;no_spatial_host;surface_parameters_missing,0,0,
H000032,69,inspection_only;no_spatial_host;surface_parameters_missing,0,0,
H000032,70,inspection_only;no_spatial_host;surface_parameters_missing,0,0,
H000032,71,inspection_only;no_spatial_host;surface_parameters_missing,0,0,
H000032,72,inspection_only;no_spatial_host;surface_parameters_missing,0,0,
H000032,73,inspection_only;no_spatial_host;surface_parameters_missing,0,0,
H000032,74,inspection_only;no_spatial_host;surface_parameters_missing,0,0,
H000032,75,inspection_only;no_spatial_host;surface_parameters_missing,0,0,
H000032,76,inspection_only;no_spatial_host;surface_parameters_missing,0,0,
H000032,77,inspection_only;no_spatial_host;surface_parameters_missing,0,0,
H000032,78,inspection_only;no_spatial_host;surface_parameters_missing,0,0,
H000032,79,inspection_only;no_spatial_host;surface_parameters_missing,0,0,
H000032,80,inspection_only;no_spatial_host;surface_parameters_missing,0,0,
H000032,81,inspection_only;no_spatial_host;surface_parameters_missing,0,0,
H000032,82,inspection_only;no_spatial_host;surface_parameters_missing,0,0,
H000032,83,inspection_only;no_spatial_host;surface_parameters_missing,0,0,
H000032,84,inspection_only;no_spatial_host;surface_parameters_missing,0,0,
H000032,85,inspection_only;no_spatial_host;surface_parameters_missing,0,0,
H000032,86,inspection_only;no_spatial_host;surface_parameters_missing,0,0,
H000032,87,inspection_only;no_spatial_host;surface_parameters_missing,0,0,
H000032,88,inspection_only;no_spatial_host;surface_parameters_missing,0,0,
H000032,89,inspection_only;no_spatial_host;surface_parameters_missing,0,0,
H000032,90,inspection_only;no_spatial_host;surface_parameters_missing,0,0,
H000032,91,inspection_only;no_spatial_host;surface_parameters_missing,0,0,
H000032,92,inspection_only;no_spatial_host;surface_parameters_missing,0,0,
H000032,93,inspection_only;no_spatial_host;surface_parameters_missing,0,0,
H000032,94,inspection_only;no_spatial_host;surface_parameters_missing,0,0,
H000032,95,inspection_only;no_spatial_host;surface_parameters_missing,0,0,
H000032,96,inspection_only;no_spatial_host;surface_parameters_missing,0,0,
H000032,97,inspection_only;no_spatial_host;surface_parameters_missing,0,0,
H000032,98,inspection_only;no_spatial_host;surface_parameters_missing,0,0,
H000032,99,inspection_only;no_spatial_host;surface_parameters_missing,0,0,
H000032,100,inspection_only;no_spatial_host;surface_parameters_missing,0,0,
H000032,101,inspection_only;no_spatial_host;surface_parameters_missing,0,0,
H000032,102,inspection_only;no_spatial_host;surface_parameters_missing,0,0,
H000032,103,inspection_only;no_spatial_host;surface_parameters_missing,0,0,
H000032,104,inspection_only;no_spatial_host;surface_parameters_missing,0,0,
H000032,105,inspection_only;no_spatial_host;surface_parameters_missing,0,0,
H000032,106,inspection_only;no_spatial_host;surface_parameters_missing,0,0,
H000032,107,inspection_only;no_spatial_host;surface_parameters_missing,0,0,
H000032,108,inspection_only;no_spatial_host;surface_parameters_missing,0,0,
H000032,109,inspection_only;no_spatial_host;surface_parameters_missing,0,0,
H000032,110,inspection_only;no_spatial_host;surface_parameters_missing,0,0,
H000032,111,inspection_only;no_spatial_host;surface_parameters_missing,0,0,
H000032,112,inspection_only;no_spatial_host;surface_parameters_missing,0,0,
H000032,113,inspection_only;no_spatial_host;surface_parameters_missing,0,0,
H000032,114,inspection_only;no_spatial_host;surface_parameters_missing,0,0,
H000032,115,inspection_only;no_spatial_host;surface_parameters_missing,0,0,
H000032,116,inspection_only;no_spatial_host;surface_parameters_missing,0,0,
H000032,117,inspection_only;no_spatial_host;surface_parameters_missing,0,0,
H000032,118,inspection_only;no_spatial_host;surface_parameters_missing,0,0,
H000032,119,inspection_only;no_spatial_host;surface_parameters_missing,0,0,
H000032,120,inspection_only;no_spatial_host;surface_parameters_missing,0,0,
H000032,121,inspection_only;no_spatial_host;surface_parameters_missing,0,0,
H000032,122,inspection_only;no_spatial_host;surface_parameters_missing,0,0,
H000032,123,inspection_only;no_spatial_host;surface_parameters_missing,0,0,
H000032,124,inspection_only;no_spatial_host;surface_parameters_missing,0,0,
H000032,125,inspection_only;no_spatial_host;surface_parameters_missing,0,0,
H000032,126,inspection_only;no_spatial_host;surface_parameters_missing,0,0,
H000032,127,inspection_only;no_spatial_host;surface_parameters_missing,0,0,
H000032,128,inspection_only;no_spatial_host;surface_parameters_missing,0,0,
H000032,129,inspection_only;no_spatial_host;surface_parameters_missing,0,0,
H000032,130,inspection_only;no_spatial_host;surface_parameters_missing,0,0,
H000032,131,inspection_only;no_spatial_host;surface_parameters_missing,0,0,
H000032,132,inspection_only;no_spatial_host;surface_parameters_missing,0,0,
H000032,133,inspection_only;no_spatial_host;surface_parameters_missing,0,0,
H000032,134,inspection_only;no_spatial_host;surface_parameters_missing,0,0,
H000032,135,inspection_only;no_spatial_host;surface_parameters_missing,0,0,
H000032,136,inspection_only;no_spatial_host;surface_parameters_missing,0,0,
H000032,137,inspection_only;no_spatial_host;surface_parameters_missing,0,0,
H000032,138,inspection_only;no_spatial_host;surface_parameters_missing,0,0,
H000032,139,inspection_only;no_spatial_host;surface_parameters_missing,0,0,
H000032,140,inspection_only;no_spatial_host;surface_parameters_missing,0,0,
H000032,141,inspection_only;no_spatial_host;surface_parameters_missing,0,0,
H000032,142,inspection_only;no_spatial_host;surface_parameters_missing,0,0,
H000032,143,inspection_only;no_spatial_host;surface_parameters_missing,0,0,
H000032,144,inspection_only;no_spatial_host;surface_parameters_missing,0,0,
H000032,145,inspection_only;no_spatial_host;surface_parameters_missing,0,0,
H000032,146,inspection_only;no_spatial_host;surface_parameters_missing,0,0,
H000032,147,inspection_only;no_spatial_host;surface_parameters_missing,0,0,
H000032,148,inspection_only;no_spatial_host;surface_parameters_missing,0,0,
H000032,149,inspection_only;no_spatial_host;surface_parameters_missing,0,0,
H000032,150,inspection_only;no_spatial_host;surface_parameters_missing,0,0,
H000032,151,inspection_only;no_spatial_host;surface_parameters_missing,0,0,
H000032,152,inspection_only;no_spatial_host;surface_parameters_missing,0,0,
H000032,153,inspection_only;no_spatial_host;surface_parameters_missing,0,0,
H000032,154,inspection_only;no_spatial_host;surface_parameters_missing,0,0,
H000032,155,inspection_only;no_spatial_host;surface_parameters_missing,0,0,
H000032,156,inspection_only;no_spatial_host;surface_parameters_missing,0,0,
H000032,157,inspection_only;no_spatial_host;surface_parameters_missing,0,0,
H000032,158,inspection_only;no_spatial_host;surface_parameters_missing,0,0,
H000032,159,inspection_only;no_spatial_host;surface_parameters_missing,0,0,
H000032,160,inspection_only;no_spatial_host;surface_parameters_missing,0,0,
H000032,161,inspection_only;no_spatial_host;surface_parameters_missing,0,0,
H000032,162,inspection_only;no_spatial_host;surface_parameters_missing,0,0,
H000032,163,inspection_only;no_spatial_host;surface_parameters_missing,0,0,
H000032,164,inspection_only;no_spatial_host;surface_parameters_missing,0,0,
H000032,165,inspection_only;no_spatial_host;surface_parameters_missing,0,0,
H000032,166,inspection_only;no_spatial_host;surface_parameters_missing,0,0,
H000032,167,inspection_only;no_spatial_host;surface_parameters_missing,0,0,
H000032,168,inspection_only;no_spatial_host;surface_parameters_missing,0,0,
H000032,169,inspection_only;no_spatial_host;surface_parameters_missing,0,0,
H000032,170,inspection_only;no_spatial_host;surface_parameters_missing,0,0,
H000032,171,inspection_only;no_spatial_host;surface_parameters_missing,0,0,
H000032,172,inspection_only;no_spatial_host;surface_parameters_missing,0,0,
H000032,173,inspection_only;no_spatial_host;surface_parameters_missing,0,0,
H000032,174,inspection_only;no_spatial_host;surface_parameters_missing,0,0,
H000032,175,inspection_only;no_spatial_host;surface_parameters_missing,0,0,
H000032,176,inspection_only;no_spatial_host;surface_parameters_missing,0,0,
H000032,177,inspection_only;no_spatial_host;surface_parameters_missing,0,0,
H000032,178,inspection_only;no_spatial_host;surface_parameters_missing,0,0,
H000032,179,inspection_only;no_spatial_host;surface_parameters_missing,0,0,
H000033,0,inspection_only;no_spatial_host;surface_parameters_missing,0,0,
H000033,1,inspection_only;no_spatial_host;surface_parameters_missing,0,0,
H000033,2,inspection_only;no_spatial_host;surface_parameters_missing,0,0,
H000033,3,inspection_only;no_spatial_host;surface_parameters_missing,0,0,
H000033,4,inspection_only;no_spatial_host;surface_parameters_missing,0,0,
H000033,5,inspection_only;no_spatial_host;surface_parameters_missing,0,0,
H000033,6,inspection_only;no_spatial_host;surface_parameters_missing,0,0,
H000033,7,inspection_only;no_spatial_host;surface_parameters_missing,0,0,
H000033,8,inspection_only;no_spatial_host;surface_parameters_missing,0,0,
H000033,9,inspection_only;no_spatial_host;surface_parameters_missing,0,0,
H000033,10,inspection_only;no_spatial_host;surface_parameters_missing,0,0,
H000033,11,inspection_only;no_spatial_host;surface_parameters_missing,0,0,
H000033,12,inspection_only;no_spatial_host;surface_parameters_missing,0,0,
H000033,13,inspection_only;no_spatial_host;surface_parameters_missing,0,0,
H000033,14,inspection_only;no_spatial_host;surface_parameters_missing,0,0,
H000033,15,inspection_only;no_spatial_host;surface_parameters_missing,0,0,
H000033,16,inspection_only;no_spatial_host;surface_parameters_missing,0,0,
H000033,17,inspection_only;no_spatial_host;surface_parameters_missing,0,0,
H000033,18,inspection_only;no_spatial_host;surface_parameters_missing,0,0,
H000033,19,inspection_only;no_spatial_host;surface_parameters_missing,0,0,
H000033,20,inspection_only;no_spatial_host;surface_parameters_missing,0,0,
H000033,21,inspection_only;no_spatial_host;surface_parameters_missing,0,0,
H000033,22,inspection_only;no_spatial_host;surface_parameters_missing,0,0,
H000033,23,inspection_only;no_spatial_host;surface_parameters_missing,0,0,
H000033,24,inspection_only;no_spatial_host;surface_parameters_missing,0,0,
H000033,25,inspection_only;no_spatial_host;surface_parameters_missing,0,0,
H000033,26,inspection_only;no_spatial_host;surface_parameters_missing,0,0,
H000033,27,inspection_only;no_spatial_host;surface_parameters_missing,0,0,
H000033,28,inspection_only;no_spatial_host;surface_parameters_missing,0,0,
H000033,29,inspection_only;no_spatial_host;surface_parameters_missing,0,0,
H000033,30,inspection_only;no_spatial_host;surface_parameters_missing,0,0,
H000033,31,inspection_only;no_spatial_host;surface_parameters_missing,0,0,
H000033,32,inspection_only;no_spatial_host;surface_parameters_missing,0,0,
H000033,33,inspection_only;no_spatial_host;surface_parameters_missing,0,0,
H000033,34,inspection_only;no_spatial_host;surface_parameters_missing,0,0,
H000033,35,inspection_only;no_spatial_host;surface_parameters_missing,0,0,
H000033,36,inspection_only;no_spatial_host;surface_parameters_missing,0,0,
H000033,37,inspection_only;no_spatial_host;surface_parameters_missing,0,0,
H000033,38,inspection_only;no_spatial_host;surface_parameters_missing,0,0,
H000033,39,inspection_only;no_spatial_host;surface_parameters_missing,0,0,
H000033,40,inspection_only;no_spatial_host;surface_parameters_missing,0,0,
H000033,41,inspection_only;no_spatial_host;surface_parameters_missing,0,0,
H000033,42,inspection_only;no_spatial_host;surface_parameters_missing,0,0,
H000033,43,inspection_only;no_spatial_host;surface_parameters_missing,0,0,
H000033,44,inspection_only;no_spatial_host;surface_parameters_missing,0,0,
H000033,45,inspection_only;no_spatial_host;surface_parameters_missing,0,0,
H000033,46,inspection_only;no_spatial_host;surface_parameters_missing,0,0,
H000033,47,inspection_only;no_spatial_host;surface_parameters_missing,0,0,
H000033,48,inspection_only;no_spatial_host;surface_parameters_missing,0,0,
H000033,49,inspection_only;no_spatial_host;surface_parameters_missing,0,0,
H000033,50,inspection_only;no_spatial_host;surface_parameters_missing,0,0,
H000033,51,inspection_only;no_spatial_host;surface_parameters_missing,0,0,
H000033,52,inspection_only;no_spatial_host;surface_parameters_missing,0,0,
H000033,53,inspection_only;no_spatial_host;surface_parameters_missing,0,0,
H000033,54,inspection_only;no_spatial_host;surface_parameters_missing,0,0,
H000033,55,inspection_only;no_spatial_host;surface_parameters_missing,0,0,
H000033,56,inspection_only;no_spatial_host;surface_parameters_missing,0,0,
H000033,57,inspection_only;no_spatial_host;surface_parameters_missing,0,0,
H000033,58,inspection_only;no_spatial_host;surface_parameters_missing,0,0,
H000033,59,inspection_only;no_spatial_host;surface_parameters_missing,0,0,
H000033,60,inspection_only;no_spatial_host;surface_parameters_missing,0,0,
H000033,61,inspection_only;no_spatial_host;surface_parameters_missing,0,0,
H000033,62,inspection_only;no_spatial_host;surface_parameters_missing,0,0,
H000033,63,inspection_only;no_spatial_host;surface_parameters_missing,0,0,
H000033,64,inspection_only;no_spatial_host;surface_parameters_missing,0,0,
H000033,65,inspection_only;no_spatial_host;surface_parameters_missing,0,0,
H000033,66,inspection_only;no_spatial_host;surface_parameters_missing,0,0,
H000033,67,inspection_only;no_spatial_host;surface_parameters_missing,0,0,
H000033,68,inspection_only;no_spatial_host;surface_parameters_missing,0,0,
H000033,69,inspection_only;no_spatial_host;surface_parameters_missing,0,0,
H000033,70,inspection_only;no_spatial_host;surface_parameters_missing,0,0,
H000033,71,inspection_only;no_spatial_host;surface_parameters_missing,0,0,
H000033,72,inspection_only;no_spatial_host;surface_parameters_missing,0,0,
H000033,73,inspection_only;no_spatial_host;surface_parameters_missing,0,0,
H000033,74,inspection_only;no_spatial_host;surface_parameters_missing,0,0,
H000033,75,inspection_only;no_spatial_host;surface_parameters_missing,0,0,
H000033,76,inspection_only;no_spatial_host;surface_parameters_missing,0,0,
H000033,77,inspection_only;no_spatial_host;surface_parameters_missing,0,0,
H000033,78,inspection_only;no_spatial_host;surface_parameters_missing,0,0,
H000033,79,inspection_only;no_spatial_host;surface_parameters_missing,0,0,
H000033,80,inspection_only;no_spatial_host;surface_parameters_missing,0,0,
H000033,81,inspection_only;no_spatial_host;surface_parameters_missing,0,0,
H000033,82,inspection_only;no_spatial_host;surface_parameters_missing,0,0,
H000033,83,inspection_only;no_spatial_host;surface_parameters_missing,0,0,
H000033,84,inspection_only;no_spatial_host;surface_parameters_missing,0,0,
H000033,85,inspection_only;no_spatial_host;surface_parameters_missing,0,0,
H000033,86,inspection_only;no_spatial_host;surface_parameters_missing,0,0,
H000033,87,inspection_only;no_spatial_host;surface_parameters_missing,0,0,
H000033,88,inspection_only;no_spatial_host;surface_parameters_missing,0,0,
H000033,89,inspection_only;no_spatial_host;surface_parameters_missing,0,0,
H000033,90,inspection_only;no_spatial_host;surface_parameters_missing,0,0,
H000033,91,inspection_only;no_spatial_host;surface_parameters_missing,0,0,
H000033,92,inspection_only;no_spatial_host;surface_parameters_missing,0,0,
H000033,93,inspection_only;no_spatial_host;surface_parameters_missing,0,0,
H000033,94,inspection_only;no_spatial_host;surface_parameters_missing,0,0,
H000033,95,inspection_only;no_spatial_host;surface_parameters_missing,0,0,
H000033,96,inspection_only;no_spatial_host;surface_parameters_missing,0,0,
H000033,97,inspection_only;no_spatial_host;surface_parameters_missing,0,0,
H000033,98,inspection_only;no_spatial_host;surface_parameters_missing,0,0,
H000033,99,inspection_only;no_spatial_host;surface_parameters_missing,0,0,
H000033,100,inspection_only;no_spatial_host;surface_parameters_missing,0,0,
H000033,101,inspection_only;no_spatial_host;surface_parameters_missing,0,0,
H000033,102,inspection_only;no_spatial_host;surface_parameters_missing,0,0,
H000033,103,inspection_only;no_spatial_host;surface_parameters_missing,0,0,
H000033,104,inspection_only;no_spatial_host;surface_parameters_missing,0,0,
H000033,105,inspection_only;no_spatial_host;surface_parameters_missing,0,0,
H000033,106,inspection_only;no_spatial_host;surface_parameters_missing,0,0,
H000033,107,inspection_only;no_spatial_host;surface_parameters_missing,0,0,
H000033,108,inspection_only;no_spatial_host;surface_parameters_missing,0,0,
H000033,109,inspection_only;no_spatial_host;surface_parameters_missing,0,0,
H000033,110,inspection_only;no_spatial_host;surface_parameters_missing,0,0,
H000033,111,inspection_only;no_spatial_host;surface_parameters_missing,0,0,
H000033,112,inspection_only;no_spatial_host;surface_parameters_missing,0,0,
H000033,113,inspection_only;no_spatial_host;surface_parameters_missing,0,0,
H000033,114,inspection_only;no_spatial_host;surface_parameters_missing,0,0,
H000033,115,inspection_only;no_spatial_host;surface_parameters_missing,0,0,
H000033,116,inspection_only;no_spatial_host;surface_parameters_missing,0,0,
H000033,117,inspection_only;no_spatial_host;surface_parameters_missing,0,0,
H000033,118,inspection_only;no_spatial_host;surface_parameters_missing,0,0,
H000033,119,inspection_only;no_spatial_host;surface_parameters_missing,0,0,
H000033,120,inspection_only;no_spatial_host;surface_parameters_missing,0,0,
H000033,121,inspection_only;no_spatial_host;surface_parameters_missing,0,0,
H000033,122,inspection_only;no_spatial_host;surface_parameters_missing,0,0,
H000033,123,inspection_only;no_spatial_host;surface_parameters_missing,0,0,
H000033,124,inspection_only;no_spatial_host;surface_parameters_missing,0,0,
H000033,125,inspection_only;no_spatial_host;surface_parameters_missing,0,0,
H000033,126,inspection_only;no_spatial_host;surface_parameters_missing,0,0,
H000033,127,inspection_only;no_spatial_host;surface_parameters_missing,0,0,
H000033,128,inspection_only;no_spatial_host;surface_parameters_missing,0,0,
H000033,129,inspection_only;no_spatial_host;surface_parameters_missing,0,0,
H000033,130,inspection_only;no_spatial_host;surface_parameters_missing,0,0,
H000033,131,inspection_only;no_spatial_host;surface_parameters_missing,0,0,
H000033,132,inspection_only;no_spatial_host;surface_parameters_missing,0,0,
H000033,133,inspection_only;no_spatial_host;surface_parameters_missing,0,0,
H000033,134,inspection_only;no_spatial_host;surface_parameters_missing,0,0,
H000033,135,inspection_only;no_spatial_host;surface_parameters_missing,0,0,
H000033,136,inspection_only;no_spatial_host;surface_parameters_missing,0,0,
H000033,137,inspection_only;no_spatial_host;surface_parameters_missing,0,0,
H000033,138,inspection_only;no_spatial_host;surface_parameters_missing,0,0,
H000033,139,inspection_only;no_spatial_host;surface_parameters_missing,0,0,
H000033,140,inspection_only;no_spatial_host;surface_parameters_missing,0,0,
H000033,141,inspection_only;no_spatial_host;surface_parameters_missing,0,0,
H000033,142,inspection_only;no_spatial_host;surface_parameters_missing,0,0,
H000033,143,inspection_only;no_spatial_host;surface_parameters_missing,0,0,
H000033,144,inspection_only;no_spatial_host;surface_parameters_missing,0,0,
H000033,145,inspection_only;no_spatial_host;surface_parameters_missing,0,0,
H000033,146,inspection_only;no_spatial_host;surface_parameters_missing,0,0,
H000033,147,inspection_only;no_spatial_host;surface_parameters_missing,0,0,
H000033,148,inspection_only;no_spatial_host;surface_parameters_missing,0,0,
H000033,149,inspection_only;no_spatial_host;surface_parameters_missing,0,0,
H000033,150,inspection_only;no_spatial_host;surface_parameters_missing,0,0,
H000033,151,inspection_only;no_spatial_host;surface_parameters_missing,0,0,
H000033,152,inspection_only;no_spatial_host;surface_parameters_missing,0,0,
H000033,153,inspection_only;no_spatial_host;surface_parameters_missing,0,0,
H000033,154,inspection_only;no_spatial_host;surface_parameters_missing,0,0,
H000033,155,inspection_only;no_spatial_host;surface_parameters_missing,0,0,
H000033,156,inspection_only;no_spatial_host;surface_parameters_missing,0,0,
H000033,157,inspection_only;no_spatial_host;surface_parameters_missing,0,0,
H000033,158,inspection_only;no_spatial_host;surface_parameters_missing,0,0,
H000033,159,inspection_only;no_spatial_host;surface_parameters_missing,0,0,
H000033,160,inspection_only;no_spatial_host;surface_parameters_missing,0,0,
H000033,161,inspection_only;no_spatial_host;surface_parameters_missing,0,0,
H000033,162,inspection_only;no_spatial_host;surface_parameters_missing,0,0,
H000033,163,inspection_only;no_spatial_host;surface_parameters_missing,0,0,
H000033,164,inspection_only;no_spatial_host;surface_parameters_missing,0,0,
H000033,165,inspection_only;no_spatial_host;surface_parameters_missing,0,0,
H000033,166,inspection_only;no_spatial_host;surface_parameters_missing,0,0,
H000033,167,inspection_only;no_spatial_host;surface_parameters_missing,0,0,
H000033,168,inspection_only;no_spatial_host;surface_parameters_missing,0,0,
H000033,169,inspection_only;no_spatial_host;surface_parameters_missing,0,0,
H000033,170,inspection_only;no_spatial_host;surface_parameters_missing,0,0,
H000033,171,inspection_only;no_spatial_host;surface_parameters_missing,0,0,
H000033,172,inspection_only;no_spatial_host;surface_parameters_missing,0,0,
H000033,173,inspection_only;no_spatial_host;surface_parameters_missing,0,0,
H000033,174,inspection_only;no_spatial_host;surface_parameters_missing,0,0,
H000033,175,inspection_only;no_spatial_host;surface_parameters_missing,0,0,
H000033,176,inspection_only;no_spatial_host;surface_parameters_missing,0,0,
H000033,177,inspection_only;no_spatial_host;surface_parameters_missing,0,0,
H000033,178,inspection_only;no_spatial_host;surface_parameters_missing,0,0,
H000033,179,inspection_only;no_spatial_host;surface_parameters_missing,0,0,
H000034,0,inspection_only;no_spatial_host;surface_parameters_missing,0,0,
H000034,1,inspection_only;no_spatial_host;surface_parameters_missing,0,0,
H000034,2,inspection_only;no_spatial_host;surface_parameters_missing,0,0,
H000034,3,inspection_only;no_spatial_host;surface_parameters_missing,0,0,
H000034,4,inspection_only;no_spatial_host;surface_parameters_missing,0,0,
H000034,5,inspection_only;no_spatial_host;surface_parameters_missing,0,0,
H000034,6,inspection_only;no_spatial_host;surface_parameters_missing,0,0,
H000034,7,inspection_only;no_spatial_host;surface_parameters_missing,0,0,
H000034,8,inspection_only;no_spatial_host;surface_parameters_missing,0,0,
H000034,9,inspection_only;no_spatial_host;surface_parameters_missing,0,0,
H000034,10,inspection_only;no_spatial_host;surface_parameters_missing,0,0,
H000034,11,inspection_only;no_spatial_host;surface_parameters_missing,0,0,
H000034,12,inspection_only;no_spatial_host;surface_parameters_missing,0,0,
H000034,13,inspection_only;no_spatial_host;surface_parameters_missing,0,0,
H000034,14,inspection_only;no_spatial_host;surface_parameters_missing,0,0,
H000034,15,inspection_only;no_spatial_host;surface_parameters_missing,0,0,
H000034,16,inspection_only;no_spatial_host;surface_parameters_missing,0,0,
H000034,17,inspection_only;no_spatial_host;surface_parameters_missing,0,0,
H000034,18,inspection_only;no_spatial_host;surface_parameters_missing,0,0,
H000034,19,inspection_only;no_spatial_host;surface_parameters_missing,0,0,
H000034,20,inspection_only;no_spatial_host;surface_parameters_missing,0,0,
H000034,21,inspection_only;no_spatial_host;surface_parameters_missing,0,0,
H000034,22,inspection_only;no_spatial_host;surface_parameters_missing,0,0,
H000034,23,inspection_only;no_spatial_host;surface_parameters_missing,0,0,
H000034,24,inspection_only;no_spatial_host;surface_parameters_missing,0,0,
H000034,25,inspection_only;no_spatial_host;surface_parameters_missing,0,0,
H000034,26,inspection_only;no_spatial_host;surface_parameters_missing,0,0,
H000034,27,inspection_only;no_spatial_host;surface_parameters_missing,0,0,
H000034,28,inspection_only;no_spatial_host;surface_parameters_missing,0,0,
H000034,29,inspection_only;no_spatial_host;surface_parameters_missing,0,0,
H000034,30,inspection_only;no_spatial_host;surface_parameters_missing,0,0,
H000034,31,inspection_only;no_spatial_host;surface_parameters_missing,0,0,
H000034,32,inspection_only;no_spatial_host;surface_parameters_missing,0,0,
H000034,33,inspection_only;no_spatial_host;surface_parameters_missing,0,0,
H000034,34,inspection_only;no_spatial_host;surface_parameters_missing,0,0,
H000034,35,inspection_only;no_spatial_host;surface_parameters_missing,0,0,
H000034,36,inspection_only;no_spatial_host;surface_parameters_missing,0,0,
H000034,37,inspection_only;no_spatial_host;surface_parameters_missing,0,0,
H000034,38,inspection_only;no_spatial_host;surface_parameters_missing,0,0,
H000034,39,inspection_only;no_spatial_host;surface_parameters_missing,0,0,
H000034,40,inspection_only;no_spatial_host;surface_parameters_missing,0,0,
H000034,41,inspection_only;no_spatial_host;surface_parameters_missing,0,0,
H000034,42,inspection_only;no_spatial_host;surface_parameters_missing,0,0,
H000034,43,inspection_only;no_spatial_host;surface_parameters_missing,0,0,
H000034,44,inspection_only;no_spatial_host;surface_parameters_missing,0,0,
H000034,45,inspection_only;no_spatial_host;surface_parameters_missing,0,0,
H000034,46,inspection_only;no_spatial_host;surface_parameters_missing,0,0,
H000034,47,inspection_only;no_spatial_host;surface_parameters_missing,0,0,
H000034,48,inspection_only;no_spatial_host;surface_parameters_missing,0,0,
H000034,49,inspection_only;no_spatial_host;surface_parameters_missing,0,0,
H000034,50,inspection_only;no_spatial_host;surface_parameters_missing,0,0,
H000034,51,inspection_only;no_spatial_host;surface_parameters_missing,0,0,
H000034,52,inspection_only;no_spatial_host;surface_parameters_missing,0,0,
H000034,53,inspection_only;no_spatial_host;surface_parameters_missing,0,0,
H000034,54,inspection_only;no_spatial_host;surface_parameters_missing,0,0,
H000034,55,inspection_only;no_spatial_host;surface_parameters_missing,0,0,
H000034,56,inspection_only;no_spatial_host;surface_parameters_missing,0,0,
H000034,57,inspection_only;no_spatial_host;surface_parameters_missing,0,0,
H000034,58,inspection_only;no_spatial_host;surface_parameters_missing,0,0,
H000034,59,inspection_only;no_spatial_host;surface_parameters_missing,0,0,
H000034,60,inspection_only;no_spatial_host;surface_parameters_missing,0,0,
H000034,61,inspection_only;no_spatial_host;surface_parameters_missing,0,0,
H000034,62,inspection_only;no_spatial_host;surface_parameters_missing,0,0,
H000034,63,inspection_only;no_spatial_host;surface_parameters_missing,0,0,
H000034,64,inspection_only;no_spatial_host;surface_parameters_missing,0,0,
H000034,65,inspection_only;no_spatial_host;surface_parameters_missing,0,0,
H000034,66,inspection_only;no_spatial_host;surface_parameters_missing,0,0,
H000034,67,inspection_only;no_spatial_host;surface_parameters_missing,0,0,
H000034,68,inspection_only;no_spatial_host;surface_parameters_missing,0,0,
H000034,69,inspection_only;no_spatial_host;surface_parameters_missing,0,0,
H000034,70,inspection_only;no_spatial_host;surface_parameters_missing,0,0,
H000034,71,inspection_only;no_spatial_host;surface_parameters_missing,0,0,
H000034,72,inspection_only;no_spatial_host;surface_parameters_missing,0,0,
H000034,73,inspection_only;no_spatial_host;surface_parameters_missing,0,0,
H000034,74,inspection_only;no_spatial_host;surface_parameters_missing,0,0,
H000034,75,inspection_only;no_spatial_host;surface_parameters_missing,0,0,
H000034,76,inspection_only;no_spatial_host;surface_parameters_missing,0,0,
H000034,77,inspection_only;no_spatial_host;surface_parameters_missing,0,0,
H000034,78,inspection_only;no_spatial_host;surface_parameters_missing,0,0,
H000034,79,inspection_only;no_spatial_host;surface_parameters_missing,0,0,
H000034,80,inspection_only;no_spatial_host;surface_parameters_missing,0,0,
H000034,81,inspection_only;no_spatial_host;surface_parameters_missing,0,0,
H000034,82,inspection_only;no_spatial_host;surface_parameters_missing,0,0,
H000034,83,inspection_only;no_spatial_host;surface_parameters_missing,0,0,
H000034,84,inspection_only;no_spatial_host;surface_parameters_missing,0,0,
H000034,85,inspection_only;no_spatial_host;surface_parameters_missing,0,0,
H000034,86,inspection_only;no_spatial_host;surface_parameters_missing,0,0,
H000034,87,inspection_only;no_spatial_host;surface_parameters_missing,0,0,
H000034,88,inspection_only;no_spatial_host;surface_parameters_missing,0,0,
H000034,89,inspection_only;no_spatial_host;surface_parameters_missing,0,0,
H000034,90,inspection_only;no_spatial_host;surface_parameters_missing,0,0,
H000034,91,inspection_only;no_spatial_host;surface_parameters_missing,0,0,
H000034,92,inspection_only;no_spatial_host;surface_parameters_missing,0,0,
H000034,93,inspection_only;no_spatial_host;surface_parameters_missing,0,0,
H000034,94,inspection_only;no_spatial_host;surface_parameters_missing,0,0,
H000034,95,inspection_only;no_spatial_host;surface_parameters_missing,0,0,
H000034,96,inspection_only;no_spatial_host;surface_parameters_missing,0,0,
H000034,97,inspection_only;no_spatial_host;surface_parameters_missing,0,0,
H000034,98,inspection_only;no_spatial_host;surface_parameters_missing,0,0,
H000034,99,inspection_only;no_spatial_host;surface_parameters_missing,0,0,
H000034,100,inspection_only;no_spatial_host;surface_parameters_missing,0,0,
H000034,101,inspection_only;no_spatial_host;surface_parameters_missing,0,0,
H000034,102,inspection_only;no_spatial_host;surface_parameters_missing,0,0,
H000034,103,inspection_only;no_spatial_host;surface_parameters_missing,0,0,
H000034,104,inspection_only;no_spatial_host;surface_parameters_missing,0,0,
H000034,105,inspection_only;no_spatial_host;surface_parameters_missing,0,0,
H000034,106,inspection_only;no_spatial_host;surface_parameters_missing,0,0,
H000034,107,inspection_only;no_spatial_host;surface_parameters_missing,0,0,
H000034,108,inspection_only;no_spatial_host;surface_parameters_missing,0,0,
H000034,109,inspection_only;no_spatial_host;surface_parameters_missing,0,0,
H000034,110,inspection_only;no_spatial_host;surface_parameters_missing,0,0,
H000034,111,inspection_only;no_spatial_host;surface_parameters_missing,0,0,
H000034,112,inspection_only;no_spatial_host;surface_parameters_missing,0,0,
H000034,113,inspection_only;no_spatial_host;surface_parameters_missing,0,0,
H000034,114,inspection_only;no_spatial_host;surface_parameters_missing,0,0,
H000034,115,inspection_only;no_spatial_host;surface_parameters_missing,0,0,
H000034,116,inspection_only;no_spatial_host;surface_parameters_missing,0,0,
H000034,117,inspection_only;no_spatial_host;surface_parameters_missing,0,0,
H000034,118,inspection_only;no_spatial_host;surface_parameters_missing,0,0,
H000034,119,inspection_only;no_spatial_host;surface_parameters_missing,0,0,
H000034,120,inspection_only;no_spatial_host;surface_parameters_missing,0,0,
H000034,121,inspection_only;no_spatial_host;surface_parameters_missing,0,0,
H000034,122,inspection_only;no_spatial_host;surface_parameters_missing,0,0,
H000034,123,inspection_only;no_spatial_host;surface_parameters_missing,0,0,
H000034,124,inspection_only;no_spatial_host;surface_parameters_missing,0,0,
H000034,125,inspection_only;no_spatial_host;surface_parameters_missing,0,0,
H000034,126,inspection_only;no_spatial_host;surface_parameters_missing,0,0,
H000034,127,inspection_only;no_spatial_host;surface_parameters_missing,0,0,
H000034,128,inspection_only;no_spatial_host;surface_parameters_missing,0,0,
H000034,129,inspection_only;no_spatial_host;surface_parameters_missing,0,0,
H000034,130,inspection_only;no_spatial_host;surface_parameters_missing,0,0,
H000034,131,inspection_only;no_spatial_host;surface_parameters_missing,0,0,
H000034,132,inspection_only;no_spatial_host;surface_parameters_missing,0,0,
H000034,133,inspection_only;no_spatial_host;surface_parameters_missing,0,0,
H000034,134,inspection_only;no_spatial_host;surface_parameters_missing,0,0,
H000034,135,inspection_only;no_spatial_host;surface_parameters_missing,0,0,
H000034,136,inspection_only;no_spatial_host;surface_parameters_missing,0,0,
H000034,137,inspection_only;no_spatial_host;surface_parameters_missing,0,0,
H000034,138,inspection_only;no_spatial_host;surface_parameters_missing,0,0,
H000034,139,inspection_only;no_spatial_host;surface_parameters_missing,0,0,
H000034,140,inspection_only;no_spatial_host;surface_parameters_missing,0,0,
H000034,141,inspection_only;no_spatial_host;surface_parameters_missing,0,0,
H000034,142,inspection_only;no_spatial_host;surface_parameters_missing,0,0,
H000034,143,inspection_only;no_spatial_host;surface_parameters_missing,0,0,
H000034,144,inspection_only;no_spatial_host;surface_parameters_missing,0,0,
H000034,145,inspection_only;no_spatial_host;surface_parameters_missing,0,0,
H000034,146,inspection_only;no_spatial_host;surface_parameters_missing,0,0,
H000034,147,inspection_only;no_spatial_host;surface_parameters_missing,0,0,
H000034,148,inspection_only;no_spatial_host;surface_parameters_missing,0,0,
H000034,149,inspection_only;no_spatial_host;surface_parameters_missing,0,0,
H000034,150,inspection_only;no_spatial_host;surface_parameters_missing,0,0,
H000034,151,inspection_only;no_spatial_host;surface_parameters_missing,0,0,
H000034,152,inspection_only;no_spatial_host;surface_parameters_missing,0,0,
H000034,153,inspection_only;no_spatial_host;surface_parameters_missing,0,0,
H000034,154,inspection_only;no_spatial_host;surface_parameters_missing,0,0,
H000034,155,inspection_only;no_spatial_host;surface_parameters_missing,0,0,
H000034,156,inspection_only;no_spatial_host;surface_parameters_missing,0,0,
H000034,157,inspection_only;no_spatial_host;surface_parameters_missing,0,0,
H000034,158,inspection_only;no_spatial_host;surface_parameters_missing,0,0,
H000034,159,inspection_only;no_spatial_host;surface_parameters_missing,0,0,
H000034,160,inspection_only;no_spatial_host;surface_parameters_missing,0,0,
H000034,161,inspection_only;no_spatial_host;surface_parameters_missing,0,0,
H000034,162,inspection_only;no_spatial_host;surface_parameters_missing,0,0,
H000034,163,inspection_only;no_spatial_host;surface_parameters_missing,0,0,
H000034,164,inspection_only;no_spatial_host;surface_parameters_missing,0,0,
H000034,165,inspection_only;no_spatial_host;surface_parameters_missing,0,0,
H000034,166,inspection_only;no_spatial_host;surface_parameters_missing,0,0,
H000034,167,inspection_only;no_spatial_host;surface_parameters_missing,0,0,
H000034,168,inspection_only;no_spatial_host;surface_parameters_missing,0,0,
H000034,169,inspection_only;no_spatial_host;surface_parameters_missing,0,0,
H000034,170,inspection_only;no_spatial_host;surface_parameters_missing,0,0,
H000034,171,inspection_only;no_spatial_host;surface_parameters_missing,0,0,
H000034,172,inspection_only;no_spatial_host;surface_parameters_missing,0,0,
H000034,173,inspection_only;no_spatial_host;surface_parameters_missing,0,0,
H000034,174,inspection_only;no_spatial_host;surface_parameters_missing,0,0,
H000034,175,inspection_only;no_spatial_host;surface_parameters_missing,0,0,
H000034,176,inspection_only;no_spatial_host;surface_parameters_missing,0,0,
H000034,177,inspection_only;no_spatial_host;surface_parameters_missing,0,0,
H000034,178,inspection_only;no_spatial_host;surface_parameters_missing,0,0,
H000034,179,inspection_only;no_spatial_host;surface_parameters_missing,0,0,
H000035,0,inspection_only;no_spatial_host;surface_parameters_missing,0,0,
H000035,1,inspection_only;no_spatial_host;surface_parameters_missing,0,0,
H000035,2,inspection_only;no_spatial_host;surface_parameters_missing,0,0,
H000035,3,inspection_only;no_spatial_host;surface_parameters_missing,0,0,
H000035,4,inspection_only;no_spatial_host;surface_parameters_missing,0,0,
H000035,5,inspection_only;no_spatial_host;surface_parameters_missing,0,0,
H000035,6,inspection_only;no_spatial_host;surface_parameters_missing,0,0,
H000035,7,inspection_only;no_spatial_host;surface_parameters_missing,0,0,
H000035,8,inspection_only;no_spatial_host;surface_parameters_missing,0,0,
H000035,9,inspection_only;no_spatial_host;surface_parameters_missing,0,0,
H000035,10,inspection_only;no_spatial_host;surface_parameters_missing,0,0,
H000035,11,inspection_only;no_spatial_host;surface_parameters_missing,0,0,
H000035,12,inspection_only;no_spatial_host;surface_parameters_missing,0,0,
H000035,13,inspection_only;no_spatial_host;surface_parameters_missing,0,0,
H000035,14,inspection_only;no_spatial_host;surface_parameters_missing,0,0,
H000035,15,inspection_only;no_spatial_host;surface_parameters_missing,0,0,
H000035,16,inspection_only;no_spatial_host;surface_parameters_missing,0,0,
H000035,17,inspection_only;no_spatial_host;surface_parameters_missing,0,0,
H000035,18,inspection_only;no_spatial_host;surface_parameters_missing,0,0,
H000035,19,inspection_only;no_spatial_host;surface_parameters_missing,0,0,
H000035,20,inspection_only;no_spatial_host;surface_parameters_missing,0,0,
H000035,21,inspection_only;no_spatial_host;surface_parameters_missing,0,0,
H000035,22,inspection_only;no_spatial_host;surface_parameters_missing,0,0,
H000035,23,inspection_only;no_spatial_host;surface_parameters_missing,0,0,
H000035,24,inspection_only;no_spatial_host;surface_parameters_missing,0,0,
H000035,25,inspection_only;no_spatial_host;surface_parameters_missing,0,0,
H000035,26,inspection_only;no_spatial_host;surface_parameters_missing,0,0,
H000035,27,inspection_only;no_spatial_host;surface_parameters_missing,0,0,
H000035,28,inspection_only;no_spatial_host;surface_parameters_missing,0,0,
H000035,29,inspection_only;no_spatial_host;surface_parameters_missing,0,0,
H000035,30,inspection_only;no_spatial_host;surface_parameters_missing,0,0,
H000035,31,inspection_only;no_spatial_host;surface_parameters_missing,0,0,
H000035,32,inspection_only;no_spatial_host;surface_parameters_missing,0,0,
H000035,33,inspection_only;no_spatial_host;surface_parameters_missing,0,0,
H000035,34,inspection_only;no_spatial_host;surface_parameters_missing,0,0,
H000035,35,inspection_only;no_spatial_host;surface_parameters_missing,0,0,
H000035,36,inspection_only;no_spatial_host;surface_parameters_missing,0,0,
H000035,37,inspection_only;no_spatial_host;surface_parameters_missing,0,0,
H000035,38,inspection_only;no_spatial_host;surface_parameters_missing,0,0,
H000035,39,inspection_only;no_spatial_host;surface_parameters_missing,0,0,
H000035,40,inspection_only;no_spatial_host;surface_parameters_missing,0,0,
H000035,41,inspection_only;no_spatial_host;surface_parameters_missing,0,0,
H000035,42,inspection_only;no_spatial_host;surface_parameters_missing,0,0,
H000035,43,inspection_only;no_spatial_host;surface_parameters_missing,0,0,
H000035,44,inspection_only;no_spatial_host;surface_parameters_missing,0,0,
H000035,45,inspection_only;no_spatial_host;surface_parameters_missing,0,0,
H000035,46,inspection_only;no_spatial_host;surface_parameters_missing,0,0,
H000035,47,inspection_only;no_spatial_host;surface_parameters_missing,0,0,
H000035,48,inspection_only;no_spatial_host;surface_parameters_missing,0,0,
H000035,49,inspection_only;no_spatial_host;surface_parameters_missing,0,0,
H000035,50,inspection_only;no_spatial_host;surface_parameters_missing,0,0,
H000035,51,inspection_only;no_spatial_host;surface_parameters_missing,0,0,
H000035,52,inspection_only;no_spatial_host;surface_parameters_missing,0,0,
H000035,53,inspection_only;no_spatial_host;surface_parameters_missing,0,0,
H000035,54,inspection_only;no_spatial_host;surface_parameters_missing,0,0,
H000035,55,inspection_only;no_spatial_host;surface_parameters_missing,0,0,
H000035,56,inspection_only;no_spatial_host;surface_parameters_missing,0,0,
H000035,57,inspection_only;no_spatial_host;surface_parameters_missing,0,0,
H000035,58,inspection_only;no_spatial_host;surface_parameters_missing,0,0,
H000035,59,inspection_only;no_spatial_host;surface_parameters_missing,0,0,
H000035,60,inspection_only;no_spatial_host;surface_parameters_missing,0,0,
H000035,61,inspection_only;no_spatial_host;surface_parameters_missing,0,0,
H000035,62,inspection_only;no_spatial_host;surface_parameters_missing,0,0,
H000035,63,inspection_only;no_spatial_host;surface_parameters_missing,0,0,
H000035,64,inspection_only;no_spatial_host;surface_parameters_missing,0,0,
H000035,65,inspection_only;no_spatial_host;surface_parameters_missing,0,0,
H000035,66,inspection_only;no_spatial_host;surface_parameters_missing,0,0,
H000035,67,inspection_only;no_spatial_host;surface_parameters_missing,0,0,
H000035,68,inspection_only;no_spatial_host;surface_parameters_missing,0,0,
H000035,69,inspection_only;no_spatial_host;surface_parameters_missing,0,0,
H000035,70,inspection_only;no_spatial_host;surface_parameters_missing,0,0,
H000035,71,inspection_only;no_spatial_host;surface_parameters_missing,0,0,
H000035,72,inspection_only;no_spatial_host;surface_parameters_missing,0,0,
H000035,73,inspection_only;no_spatial_host;surface_parameters_missing,0,0,
H000035,74,inspection_only;no_spatial_host;surface_parameters_missing,0,0,
H000035,75,inspection_only;no_spatial_host;surface_parameters_missing,0,0,
H000035,76,inspection_only;no_spatial_host;surface_parameters_missing,0,0,
H000035,77,inspection_only;no_spatial_host;surface_parameters_missing,0,0,
H000035,78,inspection_only;no_spatial_host;surface_parameters_missing,0,0,
H000035,79,inspection_only;no_spatial_host;surface_parameters_missing,0,0,
H000035,80,inspection_only;no_spatial_host;surface_parameters_missing,0,0,
H000035,81,inspection_only;no_spatial_host;surface_parameters_missing,0,0,
H000035,82,inspection_only;no_spatial_host;surface_parameters_missing,0,0,
H000035,83,inspection_only;no_spatial_host;surface_parameters_missing,0,0,
H000035,84,inspection_only;no_spatial_host;surface_parameters_missing,0,0,
H000035,85,inspection_only;no_spatial_host;surface_parameters_missing,0,0,
H000035,86,inspection_only;no_spatial_host;surface_parameters_missing,0,0,
H000035,87,inspection_only;no_spatial_host;surface_parameters_missing,0,0,
H000035,88,inspection_only;no_spatial_host;surface_parameters_missing,0,0,
H000035,89,inspection_only;no_spatial_host;surface_parameters_missing,0,0,
H000035,90,inspection_only;no_spatial_host;surface_parameters_missing,0,0,
H000035,91,inspection_only;no_spatial_host;surface_parameters_missing,0,0,
H000035,92,inspection_only;no_spatial_host;surface_parameters_missing,0,0,
H000035,93,inspection_only;no_spatial_host;surface_parameters_missing,0,0,
H000035,94,inspection_only;no_spatial_host;surface_parameters_missing,0,0,
H000035,95,inspection_only;no_spatial_host;surface_parameters_missing,0,0,
H000035,96,inspection_only;no_spatial_host;surface_parameters_missing,0,0,
H000035,97,inspection_only;no_spatial_host;surface_parameters_missing,0,0,
H000035,98,inspection_only;no_spatial_host;surface_parameters_missing,0,0,
H000035,99,inspection_only;no_spatial_host;surface_parameters_missing,0,0,
H000035,100,inspection_only;no_spatial_host;surface_parameters_missing,0,0,
H000035,101,inspection_only;no_spatial_host;surface_parameters_missing,0,0,
H000035,102,inspection_only;no_spatial_host;surface_parameters_missing,0,0,
H000035,103,inspection_only;no_spatial_host;surface_parameters_missing,0,0,
H000035,104,inspection_only;no_spatial_host;surface_parameters_missing,0,0,
H000035,105,inspection_only;no_spatial_host;surface_parameters_missing,0,0,
H000035,106,inspection_only;no_spatial_host;surface_parameters_missing,0,0,
H000035,107,inspection_only;no_spatial_host;surface_parameters_missing,0,0,
H000035,108,inspection_only;no_spatial_host;surface_parameters_missing,0,0,
H000035,109,inspection_only;no_spatial_host;surface_parameters_missing,0,0,
H000035,110,inspection_only;no_spatial_host;surface_parameters_missing,0,0,
H000035,111,inspection_only;no_spatial_host;surface_parameters_missing,0,0,
H000035,112,inspection_only;no_spatial_host;surface_parameters_missing,0,0,
H000035,113,inspection_only;no_spatial_host;surface_parameters_missing,0,0,
H000035,114,inspection_only;no_spatial_host;surface_parameters_missing,0,0,
H000035,115,inspection_only;no_spatial_host;surface_parameters_missing,0,0,
H000035,116,inspection_only;no_spatial_host;surface_parameters_missing,0,0,
H000035,117,inspection_only;no_spatial_host;surface_parameters_missing,0,0,
H000035,118,inspection_only;no_spatial_host;surface_parameters_missing,0,0,
H000035,119,inspection_only;no_spatial_host;surface_parameters_missing,0,0,
H000035,120,inspection_only;no_spatial_host;surface_parameters_missing,0,0,
H000035,121,inspection_only;no_spatial_host;surface_parameters_missing,0,0,
H000035,122,inspection_only;no_spatial_host;surface_parameters_missing,0,0,
H000035,123,inspection_only;no_spatial_host;surface_parameters_missing,0,0,
H000035,124,inspection_only;no_spatial_host;surface_parameters_missing,0,0,
H000035,125,inspection_only;no_spatial_host;surface_parameters_missing,0,0,
H000035,126,inspection_only;no_spatial_host;surface_parameters_missing,0,0,
H000035,127,inspection_only;no_spatial_host;surface_parameters_missing,0,0,
H000035,128,inspection_only;no_spatial_host;surface_parameters_missing,0,0,
H000035,129,inspection_only;no_spatial_host;surface_parameters_missing,0,0,
H000035,130,inspection_only;no_spatial_host;surface_parameters_missing,0,0,
H000035,131,inspection_only;no_spatial_host;surface_parameters_missing,0,0,
H000035,132,inspection_only;no_spatial_host;surface_parameters_missing,0,0,
H000035,133,inspection_only;no_spatial_host;surface_parameters_missing,0,0,
H000035,134,inspection_only;no_spatial_host;surface_parameters_missing,0,0,
H000035,135,inspection_only;no_spatial_host;surface_parameters_missing,0,0,
H000035,136,inspection_only;no_spatial_host;surface_parameters_missing,0,0,
H000035,137,inspection_only;no_spatial_host;surface_parameters_missing,0,0,
H000035,138,inspection_only;no_spatial_host;surface_parameters_missing,0,0,
H000035,139,inspection_only;no_spatial_host;surface_parameters_missing,0,0,
H000035,140,inspection_only;no_spatial_host;surface_parameters_missing,0,0,
H000035,141,inspection_only;no_spatial_host;surface_parameters_missing,0,0,
H000035,142,inspection_only;no_spatial_host;surface_parameters_missing,0,0,
H000035,143,inspection_only;no_spatial_host;surface_parameters_missing,0,0,
H000035,144,inspection_only;no_spatial_host;surface_parameters_missing,0,0,
H000035,145,inspection_only;no_spatial_host;surface_parameters_missing,0,0,
H000035,146,inspection_only;no_spatial_host;surface_parameters_missing,0,0,
H000035,147,inspection_only;no_spatial_host;surface_parameters_missing,0,0,
H000035,148,inspection_only;no_spatial_host;surface_parameters_missing,0,0,
H000035,149,inspection_only;no_spatial_host;surface_parameters_missing,0,0,
H000035,150,inspection_only;no_spatial_host;surface_parameters_missing,0,0,
H000035,151,inspection_only;no_spatial_host;surface_parameters_missing,0,0,
H000035,152,inspection_only;no_spatial_host;surface_parameters_missing,0,0,
H000035,153,inspection_only;no_spatial_host;surface_parameters_missing,0,0,
H000035,154,inspection_only;no_spatial_host;surface_parameters_missing,0,0,
H000035,155,inspection_only;no_spatial_host;surface_parameters_missing,0,0,
H000035,156,inspection_only;no_spatial_host;surface_parameters_missing,0,0,
H000035,157,inspection_only;no_spatial_host;surface_parameters_missing,0,0,
H000035,158,inspection_only;no_spatial_host;surface_parameters_missing,0,0,
H000035,159,inspection_only;no_spatial_host;surface_parameters_missing,0,0,
H000035,160,inspection_only;no_spatial_host;surface_parameters_missing,0,0,
H000035,161,inspection_only;no_spatial_host;surface_parameters_missing,0,0,
H000035,162,inspection_only;no_spatial_host;surface_parameters_missing,0,0,
H000035,163,inspection_only;no_spatial_host;surface_parameters_missing,0,0,
H000035,164,inspection_only;no_spatial_host;surface_parameters_missing,0,0,
H000035,165,inspection_only;no_spatial_host;surface_parameters_missing,0,0,
H000035,166,inspection_only;no_spatial_host;surface_parameters_missing,0,0,
H000035,167,inspection_only;no_spatial_host;surface_parameters_missing,0,0,
H000035,168,inspection_only;no_spatial_host;surface_parameters_missing,0,0,
H000035,169,inspection_only;no_spatial_host;surface_parameters_missing,0,0,
H000035,170,inspection_only;no_spatial_host;surface_parameters_missing,0,0,
H000035,171,inspection_only;no_spatial_host;surface_parameters_missing,0,0,
H000035,172,inspection_only;no_spatial_host;surface_parameters_missing,0,0,
H000035,173,inspection_only;no_spatial_host;surface_parameters_missing,0,0,
H000035,174,inspection_only;no_spatial_host;surface_parameters_missing,0,0,
H000035,175,inspection_only;no_spatial_host;surface_parameters_missing,0,0,
H000035,176,inspection_only;no_spatial_host;surface_parameters_missing,0,0,
H000035,177,inspection_only;no_spatial_host;surface_parameters_missing,0,0,
H000035,178,inspection_only;no_spatial_host;surface_parameters_missing,0,0,
H000035,179,inspection_only;no_spatial_host;surface_parameters_missing,0,0,
