id,방위각,중첩개수,중첩ID개수,중첩된 id,입력 파일,입력 행번호
1,292,196,17,"[2,4,5,10,11,13,16,18,19,20,22,23,28,29,31,34,36]",C:\Users\c\Desktop\대학생활\학연생\Approach_Departure\자료\결과물\Polygon\12.5\안전지대\1\Polygon_1.shp,11
1,293,200,17,"[2,4,5,10,11,13,16,18,19,20,22,23,28,29,31,34,36]",C:\Users\c\Desktop\대학생활\학연생\Approach_Departure\자료\결과물\Polygon\12.5\안전지대\1\Polygon_1.shp,12
1,294,202,17,"[2,4,5,10,11,13,16,18,19,20,22,23,28,29,31,34,36]",C:\Users\c\Desktop\대학생활\학연생\Approach_Departure\자료\결과물\Polygon\12.5\안전지대\1\Polygon_1.shp,13
1,295,204,17,"[2,4,5,10,11,13,16,18,19,20,22,23,28,29,31,34,36]",C:\Users\c\Desktop\대학생활\학연생\Approach_Departure\자료\결과물\Polygon\12.5\안전지대\1\Polygon_1.shp,14
1,296,206,17,"[2,4,5,10,11,13,16,18,19,20,22,23,28,29,31,34,36]",C:\Users\c\Desktop\대학생활\학연생\Approach_Departure\자료\결과물\Polygon\12.5\안전지대\1\Polygon_1.shp,15
1,297,208,17,"[2,4,5,10,11,13,16,18,19,20,22,23,28,29,31,34,36]",C:\Users\c\Desktop\대학생활\학연생\Approach_Departure\자료\결과물\Polygon\12.5\안전지대\1\Polygon_1.shp,16
1,298,210,17,"[2,4,5,10,11,13,16,18,19,20,22,23,28,29,31,34,36]",C:\Users\c\Desktop\대학생활\학연생\Approach_Departure\자료\결과물\Polygon\12.5\안전지대\1\Polygon_1.shp,17
1,299,212,17,"[2,4,5,10,11,13,16,18,19,20,22,23,28,29,31,34,36]",C:\Users\c\Desktop\대학생활\학연생\Approach_Departure\자료\결과물\Polygon\12.5\안전지대\1\Polygon_1.shp,18
1,300,212,17,"[2,4,5,10,11,13,16,18,19,20,22,23,28,29,31,34,36]",C:\Users\c\Desktop\대학생활\학연생\Approach_Departure\자료\결과물\Polygon\12.5\안전지대\1\Polygon_1.shp,19
1,301,210,17,"[2,4,5,10,11,13,16,18,19,20,22,23,28,29,31,34,36]",C:\Users\c\Desktop\대학생활\학연생\Approach_Departure\자료\결과물\Polygon\12.5\안전지대\1\Polygon_1.shp,20
2,267,170,17,"[1,4,5,10,11,13,16,18,19,20,22,23,28,29,31,34,36]",C:\Users\c\Desktop\대학생활\학연생\Approach_Departure\자료\결과물\Polygon\12.5\안전지대\2\Polygon_2.shp,1
2,268,168,17,"[1,4,5,10,11,13,16,18,19,20,22,23,28,29,31,34,36]",C:\Users\c\Desktop\대학생활\학연생\Approach_Departure\자료\결과물\Polygon\12.5\안전지대\2\Polygon_2.shp,2
2,269,166,17,"[1,4,5,10,11,13,16,18,19,20,22,23,28,29,31,34,36]",C:\Users\c\Desktop\대학생활\학연생\Approach_Departure\자료\결과물\Polygon\12.5\안전지대\2\Polygon_2.shp,3
2,270,166,17,"[1,4,5,10,11,13,16,18,19,20,22,23,28,29,31,34,36]",C:\Users\c\Desktop\대학생활\학연생\Approach_Departure\자료\결과물\Polygon\12.5\안전지대\2\Polygon_2.shp,4
4,285,142,17,"[1,2,5,10,11,13,16,18,19,20,22,23,28,29,31,34,36]",C:\Users\c\Desktop\대학생활\학연생\Approach_Departure\자료\결과물\Polygon\12.5\안전지대\4\Polygon_4.shp,11
4,286,142,17,"[1,2,5,10,11,13,16,18,19,20,22,23,28,29,31,34,36]",C:\Users\c\Desktop\대학생활\학연생\Approach_Departure\자료\결과물\Polygon\12.5\안전지대\4\Polygon_4.shp,12
4,287,144,17,"[1,2,5,10,11,13,16,18,19,20,22,23,28,29,31,34,36]",C:\Users\c\Desktop\대학생활\학연생\Approach_Departure\자료\결과물\Polygon\12.5\안전지대\4\Polygon_4.shp,13
4,288,144,17,"[1,2,5,10,11,13,16,18,19,20,22,23,28,29,31,34,36]",C:\Users\c\Desktop\대학생활\학연생\Approach_Departure\자료\결과물\Polygon\12.5\안전지대\4\Polygon_4.shp,14
4,289,146,17,"[1,2,5,10,11,13,16,18,19,20,22,23,28,29,31,34,36]",C:\Users\c\Desktop\대학생활\학연생\Approach_Departure\자료\결과물\Polygon\12.5\안전지대\4\Polygon_4.shp,15
4,290,146,17,"[1,2,5,10,11,13,16,18,19,20,22,23,28,29,31,34,36]",C:\Users\c\Desktop\대학생활\학연생\Approach_Departure\자료\결과물\Polygon\12.5\안전지대\4\Polygon_4.shp,16
4,291,148,17,"[1,2,5,10,11,13,16,18,19,20,22,23,28,29,31,34,36]",C:\Users\c\Desktop\대학생활\학연생\Approach_Departure\자료\결과물\Polygon\12.5\안전지대\4\Polygon_4.shp,17
4,292,146,17,"[1,2,5,10,11,13,16,18,19,20,22,23,28,29,31,34,36]",C:\Users\c\Desktop\대학생활\학연생\Approach_Departure\자료\결과물\Polygon\12.5\안전지대\4\Polygon_4.shp,18
4,293,146,17,"[1,2,5,10,11,13,16,18,19,20,22,23,28,29,31,34,36]",C:\Users\c\Desktop\대학생활\학연생\Approach_Departure\자료\결과물\Polygon\12.5\안전지대\4\Polygon_4.shp,19
4,294,146,17,"[1,2,5,10,11,13,16,18,19,20,22,23,28,29,31,34,36]",C:\Users\c\Desktop\대학생활\학연생\Approach_Departure\자료\결과물\Polygon\12.5\안전지대\4\Polygon_4.shp,20
10,293,158,17,"[1,2,4,5,11,13,16,18,19,20,22,23,28,29,31,34,36]",C:\Users\c\Desktop\대학생활\학연생\Approach_Departure\자료\결과물\Polygon\12.5\안전지대\10\Polygon_10.shp,14
10,294,158,17,"[1,2,4,5,11,13,16,18,19,20,22,23,28,29,31,34,36]",C:\Users\c\Desktop\대학생활\학연생\Approach_Departure\자료\결과물\Polygon\12.5\안전지대\10\Polygon_10.shp,15
10,295,160,17,"[1,2,4,5,11,13,16,18,19,20,22,23,28,29,31,34,36]",C:\Users\c\Desktop\대학생활\학연생\Approach_Departure\자료\결과물\Polygon\12.5\안전지대\10\Polygon_10.shp,16
10,296,160,17,"[1,2,4,5,11,13,16,18,19,20,22,23,28,29,31,34,36]",C:\Users\c\Desktop\대학생활\학연생\Approach_Departure\자료\결과물\Polygon\12.5\안전지대\10\Polygon_10.shp,17
10,297,162,17,"[1,2,4,5,11,13,16,18,19,20,22,23,28,29,31,34,36]",C:\Users\c\Desktop\대학생활\학연생\Approach_Departure\자료\결과물\Polygon\12.5\안전지대\10\Polygon_10.shp,18
10,298,164,17,"[1,2,4,5,11,13,16,18,19,20,22,23,28,29,31,34,36]",C:\Users\c\Desktop\대학생활\학연생\Approach_Departure\자료\결과물\Polygon\12.5\안전지대\10\Polygon_10.shp,19
10,299,164,17,"[1,2,4,5,11,13,16,18,19,20,22,23,28,29,31,34,36]",C:\Users\c\Desktop\대학생활\학연생\Approach_Departure\자료\결과물\Polygon\12.5\안전지대\10\Polygon_10.shp,20
13,220,280,17,"[1,2,4,5,10,11,16,18,19,20,22,23,28,29,31,34,36]",C:\Users\c\Desktop\대학생활\학연생\Approach_Departure\자료\결과물\Polygon\12.5\안전지대\13\Polygon_13.shp,1
13,221,280,17,"[1,2,4,5,10,11,16,18,19,20,22,23,28,29,31,34,36]",C:\Users\c\Desktop\대학생활\학연생\Approach_Departure\자료\결과물\Polygon\12.5\안전지대\13\Polygon_13.shp,2
13,222,280,17,"[1,2,4,5,10,11,16,18,19,20,22,23,28,29,31,34,36]",C:\Users\c\Desktop\대학생활\학연생\Approach_Departure\자료\결과물\Polygon\12.5\안전지대\13\Polygon_13.shp,3
13,223,280,17,"[1,2,4,5,10,11,16,18,19,20,22,23,28,29,31,34,36]",C:\Users\c\Desktop\대학생활\학연생\Approach_Departure\자료\결과물\Polygon\12.5\안전지대\13\Polygon_13.shp,4
13,224,280,17,"[1,2,4,5,10,11,16,18,19,20,22,23,28,29,31,34,36]",C:\Users\c\Desktop\대학생활\학연생\Approach_Departure\자료\결과물\Polygon\12.5\안전지대\13\Polygon_13.shp,5
13,225,280,17,"[1,2,4,5,10,11,16,18,19,20,22,23,28,29,31,34,36]",C:\Users\c\Desktop\대학생활\학연생\Approach_Departure\자료\결과물\Polygon\12.5\안전지대\13\Polygon_13.shp,6
13,226,280,17,"[1,2,4,5,10,11,16,18,19,20,22,23,28,29,31,34,36]",C:\Users\c\Desktop\대학생활\학연생\Approach_Departure\자료\결과물\Polygon\12.5\안전지대\13\Polygon_13.shp,7
13,227,278,17,"[1,2,4,5,10,11,16,18,19,20,22,23,28,29,31,34,36]",C:\Users\c\Desktop\대학생활\학연생\Approach_Departure\자료\결과물\Polygon\12.5\안전지대\13\Polygon_13.shp,8
13,228,276,17,"[1,2,4,5,10,11,16,18,19,20,22,23,28,29,31,34,36]",C:\Users\c\Desktop\대학생활\학연생\Approach_Departure\자료\결과물\Polygon\12.5\안전지대\13\Polygon_13.shp,9
13,229,276,17,"[1,2,4,5,10,11,16,18,19,20,22,23,28,29,31,34,36]",C:\Users\c\Desktop\대학생활\학연생\Approach_Departure\자료\결과물\Polygon\12.5\안전지대\13\Polygon_13.shp,10
16,214,260,17,"[1,2,4,5,10,11,13,18,19,20,22,23,28,29,31,34,36]",C:\Users\c\Desktop\대학생활\학연생\Approach_Departure\자료\결과물\Polygon\12.5\안전지대\16\Polygon_16.shp,1
16,215,258,17,"[1,2,4,5,10,11,13,18,19,20,22,23,28,29,31,34,36]",C:\Users\c\Desktop\대학생활\학연생\Approach_Departure\자료\결과물\Polygon\12.5\안전지대\16\Polygon_16.shp,2
16,216,258,17,"[1,2,4,5,10,11,13,18,19,20,22,23,28,29,31,34,36]",C:\Users\c\Desktop\대학생활\학연생\Approach_Departure\자료\결과물\Polygon\12.5\안전지대\16\Polygon_16.shp,3
16,217,258,17,"[1,2,4,5,10,11,13,18,19,20,22,23,28,29,31,34,36]",C:\Users\c\Desktop\대학생활\학연생\Approach_Departure\자료\결과물\Polygon\12.5\안전지대\16\Polygon_16.shp,4
16,218,258,17,"[1,2,4,5,10,11,13,18,19,20,22,23,28,29,31,34,36]",C:\Users\c\Desktop\대학생활\학연생\Approach_Departure\자료\결과물\Polygon\12.5\안전지대\16\Polygon_16.shp,5
16,219,258,17,"[1,2,4,5,10,11,13,18,19,20,22,23,28,29,31,34,36]",C:\Users\c\Desktop\대학생활\학연생\Approach_Departure\자료\결과물\Polygon\12.5\안전지대\16\Polygon_16.shp,6
16,220,258,17,"[1,2,4,5,10,11,13,18,19,20,22,23,28,29,31,34,36]",C:\Users\c\Desktop\대학생활\학연생\Approach_Departure\자료\결과물\Polygon\12.5\안전지대\16\Polygon_16.shp,7
16,221,258,17,"[1,2,4,5,10,11,13,18,19,20,22,23,28,29,31,34,36]",C:\Users\c\Desktop\대학생활\학연생\Approach_Departure\자료\결과물\Polygon\12.5\안전지대\16\Polygon_16.shp,8
16,222,258,17,"[1,2,4,5,10,11,13,18,19,20,22,23,28,29,31,34,36]",C:\Users\c\Desktop\대학생활\학연생\Approach_Departure\자료\결과물\Polygon\12.5\안전지대\16\Polygon_16.shp,9
16,223,256,17,"[1,2,4,5,10,11,13,18,19,20,22,23,28,29,31,34,36]",C:\Users\c\Desktop\대학생활\학연생\Approach_Departure\자료\결과물\Polygon\12.5\안전지대\16\Polygon_16.shp,10
19,292,196,17,"[1,2,4,5,10,11,13,16,18,20,22,23,28,29,31,34,36]",C:\Users\c\Desktop\대학생활\학연생\Approach_Departure\자료\결과물\Polygon\12.5\안전지대\19\Polygon_19.shp,11
19,293,200,17,"[1,2,4,5,10,11,13,16,18,20,22,23,28,29,31,34,36]",C:\Users\c\Desktop\대학생활\학연생\Approach_Departure\자료\결과물\Polygon\12.5\안전지대\19\Polygon_19.shp,12
19,294,202,17,"[1,2,4,5,10,11,13,16,18,20,22,23,28,29,31,34,36]",C:\Users\c\Desktop\대학생활\학연생\Approach_Departure\자료\결과물\Polygon\12.5\안전지대\19\Polygon_19.shp,13
19,295,204,17,"[1,2,4,5,10,11,13,16,18,20,22,23,28,29,31,34,36]",C:\Users\c\Desktop\대학생활\학연생\Approach_Departure\자료\결과물\Polygon\12.5\안전지대\19\Polygon_19.shp,14
19,296,206,17,"[1,2,4,5,10,11,13,16,18,20,22,23,28,29,31,34,36]",C:\Users\c\Desktop\대학생활\학연생\Approach_Departure\자료\결과물\Polygon\12.5\안전지대\19\Polygon_19.shp,15
19,297,208,17,"[1,2,4,5,10,11,13,16,18,20,22,23,28,29,31,34,36]",C:\Users\c\Desktop\대학생활\학연생\Approach_Departure\자료\결과물\Polygon\12.5\안전지대\19\Polygon_19.shp,16
19,298,210,17,"[1,2,4,5,10,11,13,16,18,20,22,23,28,29,31,34,36]",C:\Users\c\Desktop\대학생활\학연생\Approach_Departure\자료\결과물\Polygon\12.5\안전지대\19\Polygon_19.shp,17
19,299,212,17,"[1,2,4,5,10,11,13,16,18,20,22,23,28,29,31,34,36]",C:\Users\c\Desktop\대학생활\학연생\Approach_Departure\자료\결과물\Polygon\12.5\안전지대\19\Polygon_19.shp,18
19,300,212,17,"[1,2,4,5,10,11,13,16,18,20,22,23,28,29,31,34,36]",C:\Users\c\Desktop\대학생활\학연생\Approach_Departure\자료\결과물\Polygon\12.5\안전지대\19\Polygon_19.shp,19
19,301,210,17,"[1,2,4,5,10,11,13,16,18,20,22,23,28,29,31,34,36]",C:\Users\c\Desktop\대학생활\학연생\Approach_Departure\자료\결과물\Polygon\12.5\안전지대\19\Polygon_19.shp,20
20,267,170,17,"[1,2,4,5,10,11,13,16,18,19,22,23,28,29,31,34,36]",C:\Users\c\Desktop\대학생활\학연생\Approach_Departure\자료\결과물\Polygon\12.5\안전지대\20\Polygon_20.shp,1
20,268,168,17,"[1,2,4,5,10,11,13,16,18,19,22,23,28,29,31,34,36]",C:\Users\c\Desktop\대학생활\학연생\Approach_Departure\자료\결과물\Polygon\12.5\안전지대\20\Polygon_20.shp,2
20,269,166,17,"[1,2,4,5,10,11,13,16,18,19,22,23,28,29,31,34,36]",C:\Users\c\Desktop\대학생활\학연생\Approach_Departure\자료\결과물\Polygon\12.5\안전지대\20\Polygon_20.shp,3
20,270,166,17,"[1,2,4,5,10,11,13,16,18,19,22,23,28,29,31,34,36]",C:\Users\c\Desktop\대학생활\학연생\Approach_Departure\자료\결과물\Polygon\12.5\안전지대\20\Polygon_20.shp,4
22,285,142,17,"[1,2,4,5,10,11,13,16,18,19,20,23,28,29,31,34,36]",C:\Users\c\Desktop\대학생활\학연생\Approach_Departure\자료\결과물\Polygon\12.5\안전지대\22\Polygon_22.shp,11
22,286,142,17,"[1,2,4,5,10,11,13,16,18,19,20,23,28,29,31,34,36]",C:\Users\c\Desktop\대학생활\학연생\Approach_Departure\자료\결과물\Polygon\12.5\안전지대\22\Polygon_22.shp,12
22,287,144,17,"[1,2,4,5,10,11,13,16,18,19,20,23,28,29,31,34,36]",C:\Users\c\Desktop\대학생활\학연생\Approach_Departure\자료\결과물\Polygon\12.5\안전지대\22\Polygon_22.shp,13
22,288,144,17,"[1,2,4,5,10,11,13,16,18,19,20,23,28,29,31,34,36]",C:\Users\c\Desktop\대학생활\학연생\Approach_Departure\자료\결과물\Polygon\12.5\안전지대\22\Polygon_22.shp,14
22,289,146,17,"[1,2,4,5,10,11,13,16,18,19,20,23,28,29,31,34,36]",C:\Users\c\Desktop\대학생활\학연생\Approach_Departure\자료\결과물\Polygon\12.5\안전지대\22\Polygon_22.shp,15
22,290,146,17,"[1,2,4,5,10,11,13,16,18,19,20,23,28,29,31,34,36]",C:\Users\c\Desktop\대학생활\학연생\Approach_Departure\자료\결과물\Polygon\12.5\안전지대\22\Polygon_22.shp,16
22,291,148,17,"[1,2,4,5,10,11,13,16,18,19,20,23,28,29,31,34,36]",C:\Users\c\Desktop\대학생활\학연생\Approach_Departure\자료\결과물\Polygon\12.5\안전지대\22\Polygon_22.shp,17
22,292,146,17,"[1,2,4,5,10,11,13,16,18,19,20,23,28,29,31,34,36]",C:\Users\c\Desktop\대학생활\학연생\Approach_Departure\자료\결과물\Polygon\12.5\안전지대\22\Polygon_22.shp,18
22,293,146,17,"[1,2,4,5,10,11,13,16,18,19,20,23,28,29,31,34,36]",C:\Users\c\Desktop\대학생활\학연생\Approach_Departure\자료\결과물\Polygon\12.5\안전지대\22\Polygon_22.shp,19
22,294,146,17,"[1,2,4,5,10,11,13,16,18,19,20,23,28,29,31,34,36]",C:\Users\c\Desktop\대학생활\학연생\Approach_Departure\자료\결과물\Polygon\12.5\안전지대\22\Polygon_22.shp,20
28,293,158,17,"[1,2,4,5,10,11,13,16,18,19,20,22,23,29,31,34,36]",C:\Users\c\Desktop\대학생활\학연생\Approach_Departure\자료\결과물\Polygon\12.5\안전지대\28\Polygon_28.shp,14
28,294,158,17,"[1,2,4,5,10,11,13,16,18,19,20,22,23,29,31,34,36]",C:\Users\c\Desktop\대학생활\학연생\Approach_Departure\자료\결과물\Polygon\12.5\안전지대\28\Polygon_28.shp,15
28,295,160,17,"[1,2,4,5,10,11,13,16,18,19,20,22,23,29,31,34,36]",C:\Users\c\Desktop\대학생활\학연생\Approach_Departure\자료\결과물\Polygon\12.5\안전지대\28\Polygon_28.shp,16
28,296,160,17,"[1,2,4,5,10,11,13,16,18,19,20,22,23,29,31,34,36]",C:\Users\c\Desktop\대학생활\학연생\Approach_Departure\자료\결과물\Polygon\12.5\안전지대\28\Polygon_28.shp,17
28,297,162,17,"[1,2,4,5,10,11,13,16,18,19,20,22,23,29,31,34,36]",C:\Users\c\Desktop\대학생활\학연생\Approach_Departure\자료\결과물\Polygon\12.5\안전지대\28\Polygon_28.shp,18
28,298,164,17,"[1,2,4,5,10,11,13,16,18,19,20,22,23,29,31,34,36]",C:\Users\c\Desktop\대학생활\학연생\Approach_Departure\자료\결과물\Polygon\12.5\안전지대\28\Polygon_28.shp,19
28,299,164,17,"[1,2,4,5,10,11,13,16,18,19,20,22,23,29,31,34,36]",C:\Users\c\Desktop\대학생활\학연생\Approach_Departure\자료\결과물\Polygon\12.5\안전지대\28\Polygon_28.shp,20
31,220,280,17,"[1,2,4,5,10,11,13,16,18,19,20,22,23,28,29,34,36]",C:\Users\c\Desktop\대학생활\학연생\Approach_Departure\자료\결과물\Polygon\12.5\안전지대\31\Polygon_31.shp,1
31,221,280,17,"[1,2,4,5,10,11,13,16,18,19,20,22,23,28,29,34,36]",C:\Users\c\Desktop\대학생활\학연생\Approach_Departure\자료\결과물\Polygon\12.5\안전지대\31\Polygon_31.shp,2
31,222,280,17,"[1,2,4,5,10,11,13,16,18,19,20,22,23,28,29,34,36]",C:\Users\c\Desktop\대학생활\학연생\Approach_Departure\자료\결과물\Polygon\12.5\안전지대\31\Polygon_31.shp,3
31,223,280,17,"[1,2,4,5,10,11,13,16,18,19,20,22,23,28,29,34,36]",C:\Users\c\Desktop\대학생활\학연생\Approach_Departure\자료\결과물\Polygon\12.5\안전지대\31\Polygon_31.shp,4
31,224,280,17,"[1,2,4,5,10,11,13,16,18,19,20,22,23,28,29,34,36]",C:\Users\c\Desktop\대학생활\학연생\Approach_Departure\자료\결과물\Polygon\12.5\안전지대\31\Polygon_31.shp,5
31,225,280,17,"[1,2,4,5,10,11,13,16,18,19,20,22,23,28,29,34,36]",C:\Users\c\Desktop\대학생활\학연생\Approach_Departure\자료\결과물\Polygon\12.5\안전지대\31\Polygon_31.shp,6
31,226,280,17,"[1,2,4,5,10,11,13,16,18,19,20,22,23,28,29,34,36]",C:\Users\c\Desktop\대학생활\학연생\Approach_Departure\자료\결과물\Polygon\12.5\안전지대\31\Polygon_31.shp,7
31,227,278,17,"[1,2,4,5,10,11,13,16,18,19,20,22,23,28,29,34,36]",C:\Users\c\Desktop\대학생활\학연생\Approach_Departure\자료\결과물\Polygon\12.5\안전지대\31\Polygon_31.shp,8
31,228,276,17,"[1,2,4,5,10,11,13,16,18,19,20,22,23,28,29,34,36]",C:\Users\c\Desktop\대학생활\학연생\Approach_Departure\자료\결과물\Polygon\12.5\안전지대\31\Polygon_31.shp,9
31,229,276,17,"[1,2,4,5,10,11,13,16,18,19,20,22,23,28,29,34,36]",C:\Users\c\Desktop\대학생활\학연생\Approach_Departure\자료\결과물\Polygon\12.5\안전지대\31\Polygon_31.shp,10
34,214,260,17,"[1,2,4,5,10,11,13,16,18,19,20,22,23,28,29,31,36]",C:\Users\c\Desktop\대학생활\학연생\Approach_Departure\자료\결과물\Polygon\12.5\안전지대\34\Polygon_34.shp,1
34,215,258,17,"[1,2,4,5,10,11,13,16,18,19,20,22,23,28,29,31,36]",C:\Users\c\Desktop\대학생활\학연생\Approach_Departure\자료\결과물\Polygon\12.5\안전지대\34\Polygon_34.shp,2
34,216,258,17,"[1,2,4,5,10,11,13,16,18,19,20,22,23,28,29,31,36]",C:\Users\c\Desktop\대학생활\학연생\Approach_Departure\자료\결과물\Polygon\12.5\안전지대\34\Polygon_34.shp,3
34,217,258,17,"[1,2,4,5,10,11,13,16,18,19,20,22,23,28,29,31,36]",C:\Users\c\Desktop\대학생활\학연생\Approach_Departure\자료\결과물\Polygon\12.5\안전지대\34\Polygon_34.shp,4
34,218,258,17,"[1,2,4,5,10,11,13,16,18,19,20,22,23,28,29,31,36]",C:\Users\c\Desktop\대학생활\학연생\Approach_Departure\자료\결과물\Polygon\12.5\안전지대\34\Polygon_34.shp,5
34,219,258,17,"[1,2,4,5,10,11,13,16,18,19,20,22,23,28,29,31,36]",C:\Users\c\Desktop\대학생활\학연생\Approach_Departure\자료\결과물\Polygon\12.5\안전지대\34\Polygon_34.shp,6
34,220,258,17,"[1,2,4,5,10,11,13,16,18,19,20,22,23,28,29,31,36]",C:\Users\c\Desktop\대학생활\학연생\Approach_Departure\자료\결과물\Polygon\12.5\안전지대\34\Polygon_34.shp,7
34,221,258,17,"[1,2,4,5,10,11,13,16,18,19,20,22,23,28,29,31,36]",C:\Users\c\Desktop\대학생활\학연생\Approach_Departure\자료\결과물\Polygon\12.5\안전지대\34\Polygon_34.shp,8
34,222,258,17,"[1,2,4,5,10,11,13,16,18,19,20,22,23,28,29,31,36]",C:\Users\c\Desktop\대학생활\학연생\Approach_Departure\자료\결과물\Polygon\12.5\안전지대\34\Polygon_34.shp,9
34,223,256,17,"[1,2,4,5,10,11,13,16,18,19,20,22,23,28,29,31,36]",C:\Users\c\Desktop\대학생활\학연생\Approach_Departure\자료\결과물\Polygon\12.5\안전지대\34\Polygon_34.shp,10
1,222,112,15,"[4,5,10,11,13,16,18,19,22,23,28,29,31,34,36]",C:\Users\c\Desktop\대학생활\학연생\Approach_Departure\자료\결과물\Polygon\12.5\안전지대\1\Polygon_1.shp,1
1,223,112,15,"[4,5,10,11,13,16,18,19,22,23,28,29,31,34,36]",C:\Users\c\Desktop\대학생활\학연생\Approach_Departure\자료\결과물\Polygon\12.5\안전지대\1\Polygon_1.shp,2
1,224,112,15,"[4,5,10,11,13,16,18,19,22,23,28,29,31,34,36]",C:\Users\c\Desktop\대학생활\학연생\Approach_Departure\자료\결과물\Polygon\12.5\안전지대\1\Polygon_1.shp,3
1,225,112,15,"[4,5,10,11,13,16,18,19,22,23,28,29,31,34,36]",C:\Users\c\Desktop\대학생활\학연생\Approach_Departure\자료\결과물\Polygon\12.5\안전지대\1\Polygon_1.shp,4
1,226,112,15,"[4,5,10,11,13,16,18,19,22,23,28,29,31,34,36]",C:\Users\c\Desktop\대학생활\학연생\Approach_Departure\자료\결과물\Polygon\12.5\안전지대\1\Polygon_1.shp,5
1,227,112,15,"[4,5,10,11,13,16,18,19,22,23,28,29,31,34,36]",C:\Users\c\Desktop\대학생활\학연생\Approach_Departure\자료\결과물\Polygon\12.5\안전지대\1\Polygon_1.shp,6
1,228,112,15,"[4,5,10,11,13,16,18,19,22,23,28,29,31,34,36]",C:\Users\c\Desktop\대학생활\학연생\Approach_Departure\자료\결과물\Polygon\12.5\안전지대\1\Polygon_1.shp,7
1,229,112,15,"[4,5,10,11,13,16,18,19,22,23,28,29,31,34,36]",C:\Users\c\Desktop\대학생활\학연생\Approach_Departure\자료\결과물\Polygon\12.5\안전지대\1\Polygon_1.shp,8
1,230,112,15,"[4,5,10,11,13,16,18,19,22,23,28,29,31,34,36]",C:\Users\c\Desktop\대학생활\학연생\Approach_Departure\자료\결과물\Polygon\12.5\안전지대\1\Polygon_1.shp,9
1,231,112,15,"[4,5,10,11,13,16,18,19,22,23,28,29,31,34,36]",C:\Users\c\Desktop\대학생활\학연생\Approach_Departure\자료\결과물\Polygon\12.5\안전지대\1\Polygon_1.shp,10
2,271,166,15,"[1,4,5,11,13,16,18,19,20,22,23,29,31,34,36]",C:\Users\c\Desktop\대학생활\학연생\Approach_Departure\자료\결과물\Polygon\12.5\안전지대\2\Polygon_2.shp,5
2,272,164,15,"[1,4,5,11,13,16,18,19,20,22,23,29,31,34,36]",C:\Users\c\Desktop\대학생활\학연생\Approach_Departure\자료\결과물\Polygon\12.5\안전지대\2\Polygon_2.shp,6
2,273,162,15,"[1,4,5,11,13,16,18,19,20,22,23,29,31,34,36]",C:\Users\c\Desktop\대학생활\학연생\Approach_Departure\자료\결과물\Polygon\12.5\안전지대\2\Polygon_2.shp,7
2,274,160,15,"[1,4,5,11,13,16,18,19,20,22,23,29,31,34,36]",C:\Users\c\Desktop\대학생활\학연생\Approach_Departure\자료\결과물\Polygon\12.5\안전지대\2\Polygon_2.shp,8
2,275,158,15,"[1,4,5,11,13,16,18,19,20,22,23,29,31,34,36]",C:\Users\c\Desktop\대학생활\학연생\Approach_Departure\자료\결과물\Polygon\12.5\안전지대\2\Polygon_2.shp,9
4,215,130,15,"[1,5,10,11,13,16,18,19,22,23,28,29,31,34,36]",C:\Users\c\Desktop\대학생활\학연생\Approach_Departure\자료\결과물\Polygon\12.5\안전지대\4\Polygon_4.shp,1
4,216,130,15,"[1,5,10,11,13,16,18,19,22,23,28,29,31,34,36]",C:\Users\c\Desktop\대학생활\학연생\Approach_Departure\자료\결과물\Polygon\12.5\안전지대\4\Polygon_4.shp,2
4,217,130,15,"[1,5,10,11,13,16,18,19,22,23,28,29,31,34,36]",C:\Users\c\Desktop\대학생활\학연생\Approach_Departure\자료\결과물\Polygon\12.5\안전지대\4\Polygon_4.shp,3
4,218,130,15,"[1,5,10,11,13,16,18,19,22,23,28,29,31,34,36]",C:\Users\c\Desktop\대학생활\학연생\Approach_Departure\자료\결과물\Polygon\12.5\안전지대\4\Polygon_4.shp,4
4,219,130,15,"[1,5,10,11,13,16,18,19,22,23,28,29,31,34,36]",C:\Users\c\Desktop\대학생활\학연생\Approach_Departure\자료\결과물\Polygon\12.5\안전지대\4\Polygon_4.shp,5
4,220,130,15,"[1,5,10,11,13,16,18,19,22,23,28,29,31,34,36]",C:\Users\c\Desktop\대학생활\학연생\Approach_Departure\자료\결과물\Polygon\12.5\안전지대\4\Polygon_4.shp,6
4,221,130,15,"[1,5,10,11,13,16,18,19,22,23,28,29,31,34,36]",C:\Users\c\Desktop\대학생활\학연생\Approach_Departure\자료\결과물\Polygon\12.5\안전지대\4\Polygon_4.shp,7
4,222,130,15,"[1,5,10,11,13,16,18,19,22,23,28,29,31,34,36]",C:\Users\c\Desktop\대학생활\학연생\Approach_Departure\자료\결과물\Polygon\12.5\안전지대\4\Polygon_4.shp,8
4,223,130,15,"[1,5,10,11,13,16,18,19,22,23,28,29,31,34,36]",C:\Users\c\Desktop\대학생활\학연생\Approach_Departure\자료\결과물\Polygon\12.5\안전지대\4\Polygon_4.shp,9
4,224,130,15,"[1,5,10,11,13,16,18,19,22,23,28,29,31,34,36]",C:\Users\c\Desktop\대학생활\학연생\Approach_Departure\자료\결과물\Polygon\12.5\안전지대\4\Polygon_4.shp,10
5,259,150,15,"[1,2,4,10,11,13,16,19,20,22,23,28,29,31,34]",C:\Users\c\Desktop\대학생활\학연생\Approach_Departure\자료\결과물\Polygon\12.5\안전지대\5\Polygon_5.shp,1
5,260,151,15,"[1,2,4,10,11,13,16,19,20,22,23,28,29,31,34]",C:\Users\c\Desktop\대학생활\학연생\Approach_Departure\자료\결과물\Polygon\12.5\안전지대\5\Polygon_5.shp,2
5,261,152,15,"[1,2,4,10,11,13,16,19,20,22,23,28,29,31,34]",C:\Users\c\Desktop\대학생활\학연생\Approach_Departure\자료\결과물\Polygon\12.5\안전지대\5\Polygon_5.shp,3
5,220,155,15,"[1,4,10,11,13,16,18,19,22,23,28,29,31,34,36]",C:\Users\c\Desktop\대학생활\학연생\Approach_Departure\자료\결과물\Polygon\12.5\안전지대\5\Polygon_5.shp,4
5,221,155,15,"[1,4,10,11,13,16,18,19,22,23,28,29,31,34,36]",C:\Users\c\Desktop\대학생활\학연생\Approach_Departure\자료\결과물\Polygon\12.5\안전지대\5\Polygon_5.shp,5
5,222,155,15,"[1,4,10,11,13,16,18,19,22,23,28,29,31,34,36]",C:\Users\c\Desktop\대학생활\학연생\Approach_Departure\자료\결과물\Polygon\12.5\안전지대\5\Polygon_5.shp,6
5,223,155,15,"[1,4,10,11,13,16,18,19,22,23,28,29,31,34,36]",C:\Users\c\Desktop\대학생활\학연생\Approach_Departure\자료\결과물\Polygon\12.5\안전지대\5\Polygon_5.shp,7
5,224,175,15,"[1,4,10,11,13,16,18,19,22,23,28,29,31,34,36]",C:\Users\c\Desktop\대학생활\학연생\Approach_Departure\자료\결과물\Polygon\12.5\안전지대\5\Polygon_5.shp,8
5,225,175,15,"[1,4,10,11,13,16,18,19,22,23,28,29,31,34,36]",C:\Users\c\Desktop\대학생활\학연생\Approach_Departure\자료\결과물\Polygon\12.5\안전지대\5\Polygon_5.shp,9
5,226,175,15,"[1,4,10,11,13,16,18,19,22,23,28,29,31,34,36]",C:\Users\c\Desktop\대학생활\학연생\Approach_Departure\자료\결과물\Polygon\12.5\안전지대\5\Polygon_5.shp,10
5,290,158,15,"[1,2,4,11,13,16,18,19,20,22,23,29,31,34,36]",C:\Users\c\Desktop\대학생활\학연생\Approach_Departure\자료\결과물\Polygon\12.5\안전지대\5\Polygon_5.shp,12
10,220,110,15,"[1,4,5,11,13,16,18,19,22,23,28,29,31,34,36]",C:\Users\c\Desktop\대학생활\학연생\Approach_Departure\자료\결과물\Polygon\12.5\안전지대\10\Polygon_10.shp,1
10,221,110,15,"[1,4,5,11,13,16,18,19,22,23,28,29,31,34,36]",C:\Users\c\Desktop\대학생활\학연생\Approach_Departure\자료\결과물\Polygon\12.5\안전지대\10\Polygon_10.shp,2
10,222,110,15,"[1,4,5,11,13,16,18,19,22,23,28,29,31,34,36]",C:\Users\c\Desktop\대학생활\학연생\Approach_Departure\자료\결과물\Polygon\12.5\안전지대\10\Polygon_10.shp,3
10,223,110,15,"[1,4,5,11,13,16,18,19,22,23,28,29,31,34,36]",C:\Users\c\Desktop\대학생활\학연생\Approach_Departure\자료\결과물\Polygon\12.5\안전지대\10\Polygon_10.shp,4
10,224,110,15,"[1,4,5,11,13,16,18,19,22,23,28,29,31,34,36]",C:\Users\c\Desktop\대학생활\학연생\Approach_Departure\자료\결과물\Polygon\12.5\안전지대\10\Polygon_10.shp,5
10,225,110,15,"[1,4,5,11,13,16,18,19,22,23,28,29,31,34,36]",C:\Users\c\Desktop\대학생활\학연생\Approach_Departure\자료\결과물\Polygon\12.5\안전지대\10\Polygon_10.shp,6
10,226,110,15,"[1,4,5,11,13,16,18,19,22,23,28,29,31,34,36]",C:\Users\c\Desktop\대학생활\학연생\Approach_Departure\자료\결과물\Polygon\12.5\안전지대\10\Polygon_10.shp,7
10,227,110,15,"[1,4,5,11,13,16,18,19,22,23,28,29,31,34,36]",C:\Users\c\Desktop\대학생활\학연생\Approach_Departure\자료\결과물\Polygon\12.5\안전지대\10\Polygon_10.shp,8
10,228,110,15,"[1,4,5,11,13,16,18,19,22,23,28,29,31,34,36]",C:\Users\c\Desktop\대학생활\학연생\Approach_Departure\자료\결과물\Polygon\12.5\안전지대\10\Polygon_10.shp,9
10,229,110,15,"[1,4,5,11,13,16,18,19,22,23,28,29,31,34,36]",C:\Users\c\Desktop\대학생활\학연생\Approach_Departure\자료\결과물\Polygon\12.5\안전지대\10\Polygon_10.shp,10
10,290,152,15,"[1,4,5,11,13,16,18,19,22,23,28,29,31,34,36]",C:\Users\c\Desktop\대학생활\학연생\Approach_Departure\자료\결과물\Polygon\12.5\안전지대\10\Polygon_10.shp,11
10,291,154,15,"[1,4,5,11,13,16,18,19,22,23,28,29,31,34,36]",C:\Users\c\Desktop\대학생활\학연생\Approach_Departure\자료\결과물\Polygon\12.5\안전지대\10\Polygon_10.shp,12
10,292,156,15,"[1,4,5,11,13,16,18,19,22,23,28,29,31,34,36]",C:\Users\c\Desktop\대학생활\학연생\Approach_Departure\자료\결과물\Polygon\12.5\안전지대\10\Polygon_10.shp,13
11,331,183,15,"[1,2,4,5,13,16,18,19,20,22,23,29,31,34,36]",C:\Users\c\Desktop\대학생활\학연생\Approach_Departure\자료\결과물\Polygon\12.5\안전지대\11\Polygon_11.shp,11
11,332,183,15,"[1,2,4,5,13,16,18,19,20,22,23,29,31,34,36]",C:\Users\c\Desktop\대학생활\학연생\Approach_Departure\자료\결과물\Polygon\12.5\안전지대\11\Polygon_11.shp,12
11,333,183,15,"[1,2,4,5,13,16,18,19,20,22,23,29,31,34,36]",C:\Users\c\Desktop\대학생활\학연생\Approach_Departure\자료\결과물\Polygon\12.5\안전지대\11\Polygon_11.shp,13
11,194,139,15,"[1,4,5,10,13,16,18,19,22,23,28,29,31,34,36]",C:\Users\c\Desktop\대학생활\학연생\Approach_Departure\자료\결과물\Polygon\12.5\안전지대\11\Polygon_11.shp,14
13,298,102,15,"[1,2,5,11,12,16,18,19,20,23,29,30,31,34,36]",C:\Users\c\Desktop\대학생활\학연생\Approach_Departure\자료\결과물\Polygon\12.5\안전지대\13\Polygon_13.shp,19
13,299,100,15,"[1,2,5,11,12,16,18,19,20,23,29,30,31,34,36]",C:\Users\c\Desktop\대학생활\학연생\Approach_Departure\자료\결과물\Polygon\12.5\안전지대\13\Polygon_13.shp,20
18,229,181,15,"[1,4,5,10,11,13,16,19,22,23,28,29,31,34,36]",C:\Users\c\Desktop\대학생활\학연생\Approach_Departure\자료\결과물\Polygon\12.5\안전지대\18\Polygon_18.shp,1
18,230,181,15,"[1,4,5,10,11,13,16,19,22,23,28,29,31,34,36]",C:\Users\c\Desktop\대학생활\학연생\Approach_Departure\자료\결과물\Polygon\12.5\안전지대\18\Polygon_18.shp,2
19,222,112,15,"[1,4,5,10,11,13,16,18,22,23,28,29,31,34,36]",C:\Users\c\Desktop\대학생활\학연생\Approach_Departure\자료\결과물\Polygon\12.5\안전지대\19\Polygon_19.shp,1
19,223,112,15,"[1,4,5,10,11,13,16,18,22,23,28,29,31,34,36]",C:\Users\c\Desktop\대학생활\학연생\Approach_Departure\자료\결과물\Polygon\12.5\안전지대\19\Polygon_19.shp,2
19,224,112,15,"[1,4,5,10,11,13,16,18,22,23,28,29,31,34,36]",C:\Users\c\Desktop\대학생활\학연생\Approach_Departure\자료\결과물\Polygon\12.5\안전지대\19\Polygon_19.shp,3
19,225,112,15,"[1,4,5,10,11,13,16,18,22,23,28,29,31,34,36]",C:\Users\c\Desktop\대학생활\학연생\Approach_Departure\자료\결과물\Polygon\12.5\안전지대\19\Polygon_19.shp,4
19,226,112,15,"[1,4,5,10,11,13,16,18,22,23,28,29,31,34,36]",C:\Users\c\Desktop\대학생활\학연생\Approach_Departure\자료\결과물\Polygon\12.5\안전지대\19\Polygon_19.shp,5
19,227,112,15,"[1,4,5,10,11,13,16,18,22,23,28,29,31,34,36]",C:\Users\c\Desktop\대학생활\학연생\Approach_Departure\자료\결과물\Polygon\12.5\안전지대\19\Polygon_19.shp,6
19,228,112,15,"[1,4,5,10,11,13,16,18,22,23,28,29,31,34,36]",C:\Users\c\Desktop\대학생활\학연생\Approach_Departure\자료\결과물\Polygon\12.5\안전지대\19\Polygon_19.shp,7
19,229,112,15,"[1,4,5,10,11,13,16,18,22,23,28,29,31,34,36]",C:\Users\c\Desktop\대학생활\학연생\Approach_Departure\자료\결과물\Polygon\12.5\안전지대\19\Polygon_19.shp,8
19,230,112,15,"[1,4,5,10,11,13,16,18,22,23,28,29,31,34,36]",C:\Users\c\Desktop\대학생활\학연생\Approach_Departure\자료\결과물\Polygon\12.5\안전지대\19\Polygon_19.shp,9
19,231,112,15,"[1,4,5,10,11,13,16,18,22,23,28,29,31,34,36]",C:\Users\c\Desktop\대학생활\학연생\Approach_Departure\자료\결과물\Polygon\12.5\안전지대\19\Polygon_19.shp,10
20,271,166,15,"[1,2,4,5,11,13,16,18,19,22,23,29,31,34,36]",C:\Users\c\Desktop\대학생활\학연생\Approach_Departure\자료\결과물\Polygon\12.5\안전지대\20\Polygon_20.shp,5
20,272,164,15,"[1,2,4,5,11,13,16,18,19,22,23,29,31,34,36]",C:\Users\c\Desktop\대학생활\학연생\Approach_Departure\자료\결과물\Polygon\12.5\안전지대\20\Polygon_20.shp,6
20,273,162,15,"[1,2,4,5,11,13,16,18,19,22,23,29,31,34,36]",C:\Users\c\Desktop\대학생활\학연생\Approach_Departure\자료\결과물\Polygon\12.5\안전지대\20\Polygon_20.shp,7
20,274,160,15,"[1,2,4,5,11,13,16,18,19,22,23,29,31,34,36]",C:\Users\c\Desktop\대학생활\학연생\Approach_Departure\자료\결과물\Polygon\12.5\안전지대\20\Polygon_20.shp,8
20,275,158,15,"[1,2,4,5,11,13,16,18,19,22,23,29,31,34,36]",C:\Users\c\Desktop\대학생활\학연생\Approach_Departure\자료\결과물\Polygon\12.5\안전지대\20\Polygon_20.shp,9
22,215,130,15,"[1,4,5,10,11,13,16,18,19,23,28,29,31,34,36]",C:\Users\c\Desktop\대학생활\학연생\Approach_Departure\자료\결과물\Polygon\12.5\안전지대\22\Polygon_22.shp,1
22,216,130,15,"[1,4,5,10,11,13,16,18,19,23,28,29,31,34,36]",C:\Users\c\Desktop\대학생활\학연생\Approach_Departure\자료\결과물\Polygon\12.5\안전지대\22\Polygon_22.shp,2
22,217,130,15,"[1,4,5,10,11,13,16,18,19,23,28,29,31,34,36]",C:\Users\c\Desktop\대학생활\학연생\Approach_Departure\자료\결과물\Polygon\12.5\안전지대\22\Polygon_22.shp,3
22,218,130,15,"[1,4,5,10,11,13,16,18,19,23,28,29,31,34,36]",C:\Users\c\Desktop\대학생활\학연생\Approach_Departure\자료\결과물\Polygon\12.5\안전지대\22\Polygon_22.shp,4
22,219,130,15,"[1,4,5,10,11,13,16,18,19,23,28,29,31,34,36]",C:\Users\c\Desktop\대학생활\학연생\Approach_Departure\자료\결과물\Polygon\12.5\안전지대\22\Polygon_22.shp,5
22,220,130,15,"[1,4,5,10,11,13,16,18,19,23,28,29,31,34,36]",C:\Users\c\Desktop\대학생활\학연생\Approach_Departure\자료\결과물\Polygon\12.5\안전지대\22\Polygon_22.shp,6
22,221,130,15,"[1,4,5,10,11,13,16,18,19,23,28,29,31,34,36]",C:\Users\c\Desktop\대학생활\학연생\Approach_Departure\자료\결과물\Polygon\12.5\안전지대\22\Polygon_22.shp,7
22,222,130,15,"[1,4,5,10,11,13,16,18,19,23,28,29,31,34,36]",C:\Users\c\Desktop\대학생활\학연생\Approach_Departure\자료\결과물\Polygon\12.5\안전지대\22\Polygon_22.shp,8
22,223,130,15,"[1,4,5,10,11,13,16,18,19,23,28,29,31,34,36]",C:\Users\c\Desktop\대학생활\학연생\Approach_Departure\자료\결과물\Polygon\12.5\안전지대\22\Polygon_22.shp,9
22,224,130,15,"[1,4,5,10,11,13,16,18,19,23,28,29,31,34,36]",C:\Users\c\Desktop\대학생활\학연생\Approach_Departure\자료\결과물\Polygon\12.5\안전지대\22\Polygon_22.shp,10
23,259,150,15,"[1,2,4,5,10,11,13,16,19,20,22,28,29,31,34]",C:\Users\c\Desktop\대학생활\학연생\Approach_Departure\자료\결과물\Polygon\12.5\안전지대\23\Polygon_23.shp,1
23,260,151,15,"[1,2,4,5,10,11,13,16,19,20,22,28,29,31,34]",C:\Users\c\Desktop\대학생활\학연생\Approach_Departure\자료\결과물\Polygon\12.5\안전지대\23\Polygon_23.shp,2
23,261,152,15,"[1,2,4,5,10,11,13,16,19,20,22,28,29,31,34]",C:\Users\c\Desktop\대학생활\학연생\Approach_Departure\자료\결과물\Polygon\12.5\안전지대\23\Polygon_23.shp,3
23,220,155,15,"[1,4,5,10,11,13,16,18,19,22,28,29,31,34,36]",C:\Users\c\Desktop\대학생활\학연생\Approach_Departure\자료\결과물\Polygon\12.5\안전지대\23\Polygon_23.shp,4
23,221,155,15,"[1,4,5,10,11,13,16,18,19,22,28,29,31,34,36]",C:\Users\c\Desktop\대학생활\학연생\Approach_Departure\자료\결과물\Polygon\12.5\안전지대\23\Polygon_23.shp,5
23,222,155,15,"[1,4,5,10,11,13,16,18,19,22,28,29,31,34,36]",C:\Users\c\Desktop\대학생활\학연생\Approach_Departure\자료\결과물\Polygon\12.5\안전지대\23\Polygon_23.shp,6
23,223,155,15,"[1,4,5,10,11,13,16,18,19,22,28,29,31,34,36]",C:\Users\c\Desktop\대학생활\학연생\Approach_Departure\자료\결과물\Polygon\12.5\안전지대\23\Polygon_23.shp,7
23,224,175,15,"[1,4,5,10,11,13,16,18,19,22,28,29,31,34,36]",C:\Users\c\Desktop\대학생활\학연생\Approach_Departure\자료\결과물\Polygon\12.5\안전지대\23\Polygon_23.shp,8
23,225,175,15,"[1,4,5,10,11,13,16,18,19,22,28,29,31,34,36]",C:\Users\c\Desktop\대학생활\학연생\Approach_Departure\자료\결과물\Polygon\12.5\안전지대\23\Polygon_23.shp,9
23,226,175,15,"[1,4,5,10,11,13,16,18,19,22,28,29,31,34,36]",C:\Users\c\Desktop\대학생활\학연생\Approach_Departure\자료\결과물\Polygon\12.5\안전지대\23\Polygon_23.shp,10
23,290,158,15,"[1,2,4,5,11,13,16,18,19,20,22,29,31,34,36]",C:\Users\c\Desktop\대학생활\학연생\Approach_Departure\자료\결과물\Polygon\12.5\안전지대\23\Polygon_23.shp,12
28,220,110,15,"[1,4,5,10,11,13,16,18,19,22,23,29,31,34,36]",C:\Users\c\Desktop\대학생활\학연생\Approach_Departure\자료\결과물\Polygon\12.5\안전지대\28\Polygon_28.shp,1
28,221,110,15,"[1,4,5,10,11,13,16,18,19,22,23,29,31,34,36]",C:\Users\c\Desktop\대학생활\학연생\Approach_Departure\자료\결과물\Polygon\12.5\안전지대\28\Polygon_28.shp,2
28,222,110,15,"[1,4,5,10,11,13,16,18,19,22,23,29,31,34,36]",C:\Users\c\Desktop\대학생활\학연생\Approach_Departure\자료\결과물\Polygon\12.5\안전지대\28\Polygon_28.shp,3
28,223,110,15,"[1,4,5,10,11,13,16,18,19,22,23,29,31,34,36]",C:\Users\c\Desktop\대학생활\학연생\Approach_Departure\자료\결과물\Polygon\12.5\안전지대\28\Polygon_28.shp,4
28,224,110,15,"[1,4,5,10,11,13,16,18,19,22,23,29,31,34,36]",C:\Users\c\Desktop\대학생활\학연생\Approach_Departure\자료\결과물\Polygon\12.5\안전지대\28\Polygon_28.shp,5
28,225,110,15,"[1,4,5,10,11,13,16,18,19,22,23,29,31,34,36]",C:\Users\c\Desktop\대학생활\학연생\Approach_Departure\자료\결과물\Polygon\12.5\안전지대\28\Polygon_28.shp,6
28,226,110,15,"[1,4,5,10,11,13,16,18,19,22,23,29,31,34,36]",C:\Users\c\Desktop\대학생활\학연생\Approach_Departure\자료\결과물\Polygon\12.5\안전지대\28\Polygon_28.shp,7
28,227,110,15,"[1,4,5,10,11,13,16,18,19,22,23,29,31,34,36]",C:\Users\c\Desktop\대학생활\학연생\Approach_Departure\자료\결과물\Polygon\12.5\안전지대\28\Polygon_28.shp,8
28,228,110,15,"[1,4,5,10,11,13,16,18,19,22,23,29,31,34,36]",C:\Users\c\Desktop\대학생활\학연생\Approach_Departure\자료\결과물\Polygon\12.5\안전지대\28\Polygon_28.shp,9
28,229,110,15,"[1,4,5,10,11,13,16,18,19,22,23,29,31,34,36]",C:\Users\c\Desktop\대학생활\학연생\Approach_Departure\자료\결과물\Polygon\12.5\안전지대\28\Polygon_28.shp,10
28,290,152,15,"[1,4,5,10,11,13,16,18,19,22,23,29,31,34,36]",C:\Users\c\Desktop\대학생활\학연생\Approach_Departure\자료\결과물\Polygon\12.5\안전지대\28\Polygon_28.shp,11
28,291,154,15,"[1,4,5,10,11,13,16,18,19,22,23,29,31,34,36]",C:\Users\c\Desktop\대학생활\학연생\Approach_Departure\자료\결과물\Polygon\12.5\안전지대\28\Polygon_28.shp,12
28,292,156,15,"[1,4,5,10,11,13,16,18,19,22,23,29,31,34,36]",C:\Users\c\Desktop\대학생활\학연생\Approach_Departure\자료\결과물\Polygon\12.5\안전지대\28\Polygon_28.shp,13
29,331,183,15,"[1,2,4,5,11,13,16,18,19,20,22,23,31,34,36]",C:\Users\c\Desktop\대학생활\학연생\Approach_Departure\자료\결과물\Polygon\12.5\안전지대\29\Polygon_29.shp,11
29,332,183,15,"[1,2,4,5,11,13,16,18,19,20,22,23,31,34,36]",C:\Users\c\Desktop\대학생활\학연생\Approach_Departure\자료\결과물\Polygon\12.5\안전지대\29\Polygon_29.shp,12
29,333,183,15,"[1,2,4,5,11,13,16,18,19,20,22,23,31,34,36]",C:\Users\c\Desktop\대학생활\학연생\Approach_Departure\자료\결과물\Polygon\12.5\안전지대\29\Polygon_29.shp,13
29,194,139,15,"[1,4,5,10,11,13,16,18,19,22,23,28,31,34,36]",C:\Users\c\Desktop\대학생활\학연생\Approach_Departure\자료\결과물\Polygon\12.5\안전지대\29\Polygon_29.shp,14
31,298,102,15,"[1,2,5,11,12,13,16,18,19,20,23,29,30,34,36]",C:\Users\c\Desktop\대학생활\학연생\Approach_Departure\자료\결과물\Polygon\12.5\안전지대\31\Polygon_31.shp,19
31,299,100,15,"[1,2,5,11,12,13,16,18,19,20,23,29,30,34,36]",C:\Users\c\Desktop\대학생활\학연생\Approach_Departure\자료\결과물\Polygon\12.5\안전지대\31\Polygon_31.shp,20
36,229,181,15,"[1,4,5,10,11,13,16,18,19,22,23,28,29,31,34]",C:\Users\c\Desktop\대학생활\학연생\Approach_Departure\자료\결과물\Polygon\12.5\안전지대\36\Polygon_36.shp,1
36,230,181,15,"[1,4,5,10,11,13,16,18,19,22,23,28,29,31,34]",C:\Users\c\Desktop\대학생활\학연생\Approach_Departure\자료\결과물\Polygon\12.5\안전지대\36\Polygon_36.shp,2
2,276,156,13,"[1,5,11,13,16,18,19,20,23,29,31,34,36]",C:\Users\c\Desktop\대학생활\학연생\Approach_Departure\자료\결과물\Polygon\12.5\안전지대\2\Polygon_2.shp,10
5,291,155,13,"[1,2,11,13,16,18,19,20,23,29,31,34,36]",C:\Users\c\Desktop\대학생활\학연생\Approach_Departure\자료\결과물\Polygon\12.5\안전지대\5\Polygon_5.shp,13
5,292,154,13,"[1,2,11,13,16,18,19,20,23,29,31,34,36]",C:\Users\c\Desktop\대학생활\학연생\Approach_Departure\자료\결과물\Polygon\12.5\안전지대\5\Polygon_5.shp,14
5,293,153,13,"[1,2,11,13,16,18,19,20,23,29,31,34,36]",C:\Users\c\Desktop\대학생활\학연생\Approach_Departure\자료\결과물\Polygon\12.5\안전지대\5\Polygon_5.shp,15
5,294,153,13,"[1,2,11,13,16,18,19,20,23,29,31,34,36]",C:\Users\c\Desktop\대학생활\학연생\Approach_Departure\자료\결과물\Polygon\12.5\안전지대\5\Polygon_5.shp,16
5,295,153,13,"[1,2,11,13,16,18,19,20,23,29,31,34,36]",C:\Users\c\Desktop\대학생활\학연생\Approach_Departure\자료\결과물\Polygon\12.5\안전지대\5\Polygon_5.shp,17
5,296,153,13,"[1,2,11,13,16,18,19,20,23,29,31,34,36]",C:\Users\c\Desktop\대학생활\학연생\Approach_Departure\자료\결과물\Polygon\12.5\안전지대\5\Polygon_5.shp,18
13,290,128,13,"[1,2,5,11,16,18,19,20,23,29,31,34,36]",C:\Users\c\Desktop\대학생활\학연생\Approach_Departure\자료\결과물\Polygon\12.5\안전지대\13\Polygon_13.shp,11
13,291,124,13,"[1,2,5,11,16,18,19,20,23,29,31,34,36]",C:\Users\c\Desktop\대학생활\학연생\Approach_Departure\자료\결과물\Polygon\12.5\안전지대\13\Polygon_13.shp,12
13,292,122,13,"[1,2,5,11,16,18,19,20,23,29,31,34,36]",C:\Users\c\Desktop\대학생활\학연생\Approach_Departure\자료\결과물\Polygon\12.5\안전지대\13\Polygon_13.shp,13
13,293,118,13,"[1,2,5,11,16,18,19,20,23,29,31,34,36]",C:\Users\c\Desktop\대학생활\학연생\Approach_Departure\자료\결과물\Polygon\12.5\안전지대\13\Polygon_13.shp,14
13,294,116,13,"[1,2,5,11,16,18,19,20,23,29,31,34,36]",C:\Users\c\Desktop\대학생활\학연생\Approach_Departure\자료\결과물\Polygon\12.5\안전지대\13\Polygon_13.shp,15
13,295,112,13,"[1,2,5,11,16,18,19,20,23,29,31,34,36]",C:\Users\c\Desktop\대학생활\학연생\Approach_Departure\자료\결과물\Polygon\12.5\안전지대\13\Polygon_13.shp,16
13,296,108,13,"[1,2,5,11,16,18,19,20,23,29,31,34,36]",C:\Users\c\Desktop\대학생활\학연생\Approach_Departure\자료\결과물\Polygon\12.5\안전지대\13\Polygon_13.shp,17
13,297,104,13,"[1,2,5,11,16,18,19,20,23,29,31,34,36]",C:\Users\c\Desktop\대학생활\학연생\Approach_Departure\자료\결과물\Polygon\12.5\안전지대\13\Polygon_13.shp,18
16,284,110,13,"[1,2,5,11,13,18,19,20,23,29,31,34,36]",C:\Users\c\Desktop\대학생활\학연생\Approach_Departure\자료\결과물\Polygon\12.5\안전지대\16\Polygon_16.shp,11
16,285,110,13,"[1,2,5,11,13,18,19,20,23,29,31,34,36]",C:\Users\c\Desktop\대학생활\학연생\Approach_Departure\자료\결과물\Polygon\12.5\안전지대\16\Polygon_16.shp,12
16,286,110,13,"[1,2,5,11,13,18,19,20,23,29,31,34,36]",C:\Users\c\Desktop\대학생활\학연생\Approach_Departure\자료\결과물\Polygon\12.5\안전지대\16\Polygon_16.shp,13
16,287,110,13,"[1,2,5,11,13,18,19,20,23,29,31,34,36]",C:\Users\c\Desktop\대학생활\학연생\Approach_Departure\자료\결과물\Polygon\12.5\안전지대\16\Polygon_16.shp,14
16,288,110,13,"[1,2,5,11,13,18,19,20,23,29,31,34,36]",C:\Users\c\Desktop\대학생활\학연생\Approach_Departure\자료\결과물\Polygon\12.5\안전지대\16\Polygon_16.shp,15
16,289,110,13,"[1,2,5,11,13,18,19,20,23,29,31,34,36]",C:\Users\c\Desktop\대학생활\학연생\Approach_Departure\자료\결과물\Polygon\12.5\안전지대\16\Polygon_16.shp,16
16,290,110,13,"[1,2,5,11,13,18,19,20,23,29,31,34,36]",C:\Users\c\Desktop\대학생활\학연생\Approach_Departure\자료\결과물\Polygon\12.5\안전지대\16\Polygon_16.shp,17
16,291,110,13,"[1,2,5,11,13,18,19,20,23,29,31,34,36]",C:\Users\c\Desktop\대학생활\학연생\Approach_Departure\자료\결과물\Polygon\12.5\안전지대\16\Polygon_16.shp,18
16,292,110,13,"[1,2,5,11,13,18,19,20,23,29,31,34,36]",C:\Users\c\Desktop\대학생활\학연생\Approach_Departure\자료\결과물\Polygon\12.5\안전지대\16\Polygon_16.shp,19
16,293,110,13,"[1,2,5,11,13,18,19,20,23,29,31,34,36]",C:\Users\c\Desktop\대학생활\학연생\Approach_Departure\자료\결과물\Polygon\12.5\안전지대\16\Polygon_16.shp,20
18,291,150,13,"[1,2,5,11,13,16,19,20,23,29,31,34,36]",C:\Users\c\Desktop\대학생활\학연생\Approach_Departure\자료\결과물\Polygon\12.5\안전지대\18\Polygon_18.shp,3
18,292,150,13,"[1,2,5,11,13,16,19,20,23,29,31,34,36]",C:\Users\c\Desktop\대학생활\학연생\Approach_Departure\자료\결과물\Polygon\12.5\안전지대\18\Polygon_18.shp,4
18,293,150,13,"[1,2,5,11,13,16,19,20,23,29,31,34,36]",C:\Users\c\Desktop\대학생활\학연생\Approach_Departure\자료\결과물\Polygon\12.5\안전지대\18\Polygon_18.shp,5
18,294,150,13,"[1,2,5,11,13,16,19,20,23,29,31,34,36]",C:\Users\c\Desktop\대학생활\학연생\Approach_Departure\자료\결과물\Polygon\12.5\안전지대\18\Polygon_18.shp,6
18,295,150,13,"[1,2,5,11,13,16,19,20,23,29,31,34,36]",C:\Users\c\Desktop\대학생활\학연생\Approach_Departure\자료\결과물\Polygon\12.5\안전지대\18\Polygon_18.shp,7
18,296,150,13,"[1,2,5,11,13,16,19,20,23,29,31,34,36]",C:\Users\c\Desktop\대학생활\학연생\Approach_Departure\자료\결과물\Polygon\12.5\안전지대\18\Polygon_18.shp,8
18,297,150,13,"[1,2,5,11,13,16,19,20,23,29,31,34,36]",C:\Users\c\Desktop\대학생활\학연생\Approach_Departure\자료\결과물\Polygon\12.5\안전지대\18\Polygon_18.shp,9
18,298,150,13,"[1,2,5,11,13,16,19,20,23,29,31,34,36]",C:\Users\c\Desktop\대학생활\학연생\Approach_Departure\자료\결과물\Polygon\12.5\안전지대\18\Polygon_18.shp,10
18,299,150,13,"[1,2,5,11,13,16,19,20,23,29,31,34,36]",C:\Users\c\Desktop\대학생활\학연생\Approach_Departure\자료\결과물\Polygon\12.5\안전지대\18\Polygon_18.shp,11
18,300,150,13,"[1,2,5,11,13,16,19,20,23,29,31,34,36]",C:\Users\c\Desktop\대학생활\학연생\Approach_Departure\자료\결과물\Polygon\12.5\안전지대\18\Polygon_18.shp,12
20,276,156,13,"[1,2,5,11,13,16,18,19,23,29,31,34,36]",C:\Users\c\Desktop\대학생활\학연생\Approach_Departure\자료\결과물\Polygon\12.5\안전지대\20\Polygon_20.shp,10
23,291,155,13,"[1,2,5,11,13,16,18,19,20,29,31,34,36]",C:\Users\c\Desktop\대학생활\학연생\Approach_Departure\자료\결과물\Polygon\12.5\안전지대\23\Polygon_23.shp,13
23,292,154,13,"[1,2,5,11,13,16,18,19,20,29,31,34,36]",C:\Users\c\Desktop\대학생활\학연생\Approach_Departure\자료\결과물\Polygon\12.5\안전지대\23\Polygon_23.shp,14
23,293,153,13,"[1,2,5,11,13,16,18,19,20,29,31,34,36]",C:\Users\c\Desktop\대학생활\학연생\Approach_Departure\자료\결과물\Polygon\12.5\안전지대\23\Polygon_23.shp,15
23,294,153,13,"[1,2,5,11,13,16,18,19,20,29,31,34,36]",C:\Users\c\Desktop\대학생활\학연생\Approach_Departure\자료\결과물\Polygon\12.5\안전지대\23\Polygon_23.shp,16
23,295,153,13,"[1,2,5,11,13,16,18,19,20,29,31,34,36]",C:\Users\c\Desktop\대학생활\학연생\Approach_Departure\자료\결과물\Polygon\12.5\안전지대\23\Polygon_23.shp,17
23,296,153,13,"[1,2,5,11,13,16,18,19,20,29,31,34,36]",C:\Users\c\Desktop\대학생활\학연생\Approach_Departure\자료\결과물\Polygon\12.5\안전지대\23\Polygon_23.shp,18
31,290,128,13,"[1,2,5,11,13,16,18,19,20,23,29,34,36]",C:\Users\c\Desktop\대학생활\학연생\Approach_Departure\자료\결과물\Polygon\12.5\안전지대\31\Polygon_31.shp,11
31,291,124,13,"[1,2,5,11,13,16,18,19,20,23,29,34,36]",C:\Users\c\Desktop\대학생활\학연생\Approach_Departure\자료\결과물\Polygon\12.5\안전지대\31\Polygon_31.shp,12
31,292,122,13,"[1,2,5,11,13,16,18,19,20,23,29,34,36]",C:\Users\c\Desktop\대학생활\학연생\Approach_Departure\자료\결과물\Polygon\12.5\안전지대\31\Polygon_31.shp,13
31,293,118,13,"[1,2,5,11,13,16,18,19,20,23,29,34,36]",C:\Users\c\Desktop\대학생활\학연생\Approach_Departure\자료\결과물\Polygon\12.5\안전지대\31\Polygon_31.shp,14
31,294,116,13,"[1,2,5,11,13,16,18,19,20,23,29,34,36]",C:\Users\c\Desktop\대학생활\학연생\Approach_Departure\자료\결과물\Polygon\12.5\안전지대\31\Polygon_31.shp,15
31,295,112,13,"[1,2,5,11,13,16,18,19,20,23,29,34,36]",C:\Users\c\Desktop\대학생활\학연생\Approach_Departure\자료\결과물\Polygon\12.5\안전지대\31\Polygon_31.shp,16
31,296,108,13,"[1,2,5,11,13,16,18,19,20,23,29,34,36]",C:\Users\c\Desktop\대학생활\학연생\Approach_Departure\자료\결과물\Polygon\12.5\안전지대\31\Polygon_31.shp,17
31,297,104,13,"[1,2,5,11,13,16,18,19,20,23,29,34,36]",C:\Users\c\Desktop\대학생활\학연생\Approach_Departure\자료\결과물\Polygon\12.5\안전지대\31\Polygon_31.shp,18
34,284,110,13,"[1,2,5,11,13,16,18,19,20,23,29,31,36]",C:\Users\c\Desktop\대학생활\학연생\Approach_Departure\자료\결과물\Polygon\12.5\안전지대\34\Polygon_34.shp,11
34,285,110,13,"[1,2,5,11,13,16,18,19,20,23,29,31,36]",C:\Users\c\Desktop\대학생활\학연생\Approach_Departure\자료\결과물\Polygon\12.5\안전지대\34\Polygon_34.shp,12
34,286,110,13,"[1,2,5,11,13,16,18,19,20,23,29,31,36]",C:\Users\c\Desktop\대학생활\학연생\Approach_Departure\자료\결과물\Polygon\12.5\안전지대\34\Polygon_34.shp,13
34,287,110,13,"[1,2,5,11,13,16,18,19,20,23,29,31,36]",C:\Users\c\Desktop\대학생활\학연생\Approach_Departure\자료\결과물\Polygon\12.5\안전지대\34\Polygon_34.shp,14
34,288,110,13,"[1,2,5,11,13,16,18,19,20,23,29,31,36]",C:\Users\c\Desktop\대학생활\학연생\Approach_Departure\자료\결과물\Polygon\12.5\안전지대\34\Polygon_34.shp,15
34,289,110,13,"[1,2,5,11,13,16,18,19,20,23,29,31,36]",C:\Users\c\Desktop\대학생활\학연생\Approach_Departure\자료\결과물\Polygon\12.5\안전지대\34\Polygon_34.shp,16
34,290,110,13,"[1,2,5,11,13,16,18,19,20,23,29,31,36]",C:\Users\c\Desktop\대학생활\학연생\Approach_Departure\자료\결과물\Polygon\12.5\안전지대\34\Polygon_34.shp,17
34,291,110,13,"[1,2,5,11,13,16,18,19,20,23,29,31,36]",C:\Users\c\Desktop\대학생활\학연생\Approach_Departure\자료\결과물\Polygon\12.5\안전지대\34\Polygon_34.shp,18
34,292,110,13,"[1,2,5,11,13,16,18,19,20,23,29,31,36]",C:\Users\c\Desktop\대학생활\학연생\Approach_Departure\자료\결과물\Polygon\12.5\안전지대\34\Polygon_34.shp,19
34,293,110,13,"[1,2,5,11,13,16,18,19,20,23,29,31,36]",C:\Users\c\Desktop\대학생활\학연생\Approach_Departure\자료\결과물\Polygon\12.5\안전지대\34\Polygon_34.shp,20
36,291,150,13,"[1,2,5,11,13,16,18,19,20,23,29,31,34]",C:\Users\c\Desktop\대학생활\학연생\Approach_Departure\자료\결과물\Polygon\12.5\안전지대\36\Polygon_36.shp,3
36,292,150,13,"[1,2,5,11,13,16,18,19,20,23,29,31,34]",C:\Users\c\Desktop\대학생활\학연생\Approach_Departure\자료\결과물\Polygon\12.5\안전지대\36\Polygon_36.shp,4
36,293,150,13,"[1,2,5,11,13,16,18,19,20,23,29,31,34]",C:\Users\c\Desktop\대학생활\학연생\Approach_Departure\자료\결과물\Polygon\12.5\안전지대\36\Polygon_36.shp,5
36,294,150,13,"[1,2,5,11,13,16,18,19,20,23,29,31,34]",C:\Users\c\Desktop\대학생활\학연생\Approach_Departure\자료\결과물\Polygon\12.5\안전지대\36\Polygon_36.shp,6
36,295,150,13,"[1,2,5,11,13,16,18,19,20,23,29,31,34]",C:\Users\c\Desktop\대학생활\학연생\Approach_Departure\자료\결과물\Polygon\12.5\안전지대\36\Polygon_36.shp,7
36,296,150,13,"[1,2,5,11,13,16,18,19,20,23,29,31,34]",C:\Users\c\Desktop\대학생활\학연생\Approach_Departure\자료\결과물\Polygon\12.5\안전지대\36\Polygon_36.shp,8
36,297,150,13,"[1,2,5,11,13,16,18,19,20,23,29,31,34]",C:\Users\c\Desktop\대학생활\학연생\Approach_Departure\자료\결과물\Polygon\12.5\안전지대\36\Polygon_36.shp,9
36,298,150,13,"[1,2,5,11,13,16,18,19,20,23,29,31,34]",C:\Users\c\Desktop\대학생활\학연생\Approach_Departure\자료\결과물\Polygon\12.5\안전지대\36\Polygon_36.shp,10
36,299,150,13,"[1,2,5,11,13,16,18,19,20,23,29,31,34]",C:\Users\c\Desktop\대학생활\학연생\Approach_Departure\자료\결과물\Polygon\12.5\안전지대\36\Polygon_36.shp,11
36,300,150,13,"[1,2,5,11,13,16,18,19,20,23,29,31,34]",C:\Users\c\Desktop\대학생활\학연생\Approach_Departure\자료\결과물\Polygon\12.5\안전지대\36\Polygon_36.shp,12
8,88,94,11,"[3,6,9,12,14,21,24,26,27,30,32]",C:\Users\c\Desktop\대학생활\학연생\Approach_Departure\자료\결과물\Polygon\12.5\안전지대\8\Polygon_8.shp,1
8,89,94,11,"[3,6,9,12,14,21,24,26,27,30,32]",C:\Users\c\Desktop\대학생활\학연생\Approach_Departure\자료\결과물\Polygon\12.5\안전지대\8\Polygon_8.shp,2
8,90,94,11,"[3,6,9,12,14,21,24,26,27,30,32]",C:\Users\c\Desktop\대학생활\학연생\Approach_Departure\자료\결과물\Polygon\12.5\안전지대\8\Polygon_8.shp,3
8,91,94,11,"[3,6,9,12,14,21,24,26,27,30,32]",C:\Users\c\Desktop\대학생활\학연생\Approach_Departure\자료\결과물\Polygon\12.5\안전지대\8\Polygon_8.shp,4
8,92,94,11,"[3,6,9,12,14,21,24,26,27,30,32]",C:\Users\c\Desktop\대학생활\학연생\Approach_Departure\자료\결과물\Polygon\12.5\안전지대\8\Polygon_8.shp,5
8,93,94,11,"[3,6,9,12,14,21,24,26,27,30,32]",C:\Users\c\Desktop\대학생활\학연생\Approach_Departure\자료\결과물\Polygon\12.5\안전지대\8\Polygon_8.shp,6
8,94,94,11,"[3,6,9,12,14,21,24,26,27,30,32]",C:\Users\c\Desktop\대학생활\학연생\Approach_Departure\자료\결과물\Polygon\12.5\안전지대\8\Polygon_8.shp,7
8,95,94,11,"[3,6,9,12,14,21,24,26,27,30,32]",C:\Users\c\Desktop\대학생활\학연생\Approach_Departure\자료\결과물\Polygon\12.5\안전지대\8\Polygon_8.shp,8
8,96,94,11,"[3,6,9,12,14,21,24,26,27,30,32]",C:\Users\c\Desktop\대학생활\학연생\Approach_Departure\자료\결과물\Polygon\12.5\안전지대\8\Polygon_8.shp,9
8,97,94,11,"[3,6,9,12,14,21,24,26,27,30,32]",C:\Users\c\Desktop\대학생활\학연생\Approach_Departure\자료\결과물\Polygon\12.5\안전지대\8\Polygon_8.shp,10
9,88,81,11,"[3,5,8,14,18,21,23,26,27,32,36]",C:\Users\c\Desktop\대학생활\학연생\Approach_Departure\자료\결과물\Polygon\12.5\안전지대\9\Polygon_9.shp,11
11,261,90,11,"[4,5,10,13,16,22,23,28,29,31,34]",C:\Users\c\Desktop\대학생활\학연생\Approach_Departure\자료\결과물\Polygon\12.5\안전지대\11\Polygon_11.shp,1
11,262,92,11,"[4,5,10,13,16,22,23,28,29,31,34]",C:\Users\c\Desktop\대학생활\학연생\Approach_Departure\자료\결과물\Polygon\12.5\안전지대\11\Polygon_11.shp,2
11,263,94,11,"[4,5,10,13,16,22,23,28,29,31,34]",C:\Users\c\Desktop\대학생활\학연생\Approach_Departure\자료\결과물\Polygon\12.5\안전지대\11\Polygon_11.shp,3
11,264,96,11,"[4,5,10,13,16,22,23,28,29,31,34]",C:\Users\c\Desktop\대학생활\학연생\Approach_Departure\자료\결과물\Polygon\12.5\안전지대\11\Polygon_11.shp,4
11,265,96,11,"[4,5,10,13,16,22,23,28,29,31,34]",C:\Users\c\Desktop\대학생활\학연생\Approach_Departure\자료\결과물\Polygon\12.5\안전지대\11\Polygon_11.shp,5
11,266,96,11,"[4,5,10,13,16,22,23,28,29,31,34]",C:\Users\c\Desktop\대학생활\학연생\Approach_Departure\자료\결과물\Polygon\12.5\안전지대\11\Polygon_11.shp,6
11,267,96,11,"[4,5,10,13,16,22,23,28,29,31,34]",C:\Users\c\Desktop\대학생활\학연생\Approach_Departure\자료\결과물\Polygon\12.5\안전지대\11\Polygon_11.shp,7
11,268,96,11,"[4,5,10,13,16,22,23,28,29,31,34]",C:\Users\c\Desktop\대학생활\학연생\Approach_Departure\자료\결과물\Polygon\12.5\안전지대\11\Polygon_11.shp,8
11,269,96,11,"[4,5,10,13,16,22,23,28,29,31,34]",C:\Users\c\Desktop\대학생활\학연생\Approach_Departure\자료\결과물\Polygon\12.5\안전지대\11\Polygon_11.shp,9
11,270,96,11,"[4,5,10,13,16,22,23,28,29,31,34]",C:\Users\c\Desktop\대학생활\학연생\Approach_Departure\자료\결과물\Polygon\12.5\안전지대\11\Polygon_11.shp,10
18,205,95,11,"[1,5,9,13,16,19,23,27,31,34,36]",C:\Users\c\Desktop\대학생활\학연생\Approach_Departure\자료\결과물\Polygon\12.5\안전지대\18\Polygon_18.shp,13
26,88,94,11,"[3,6,8,9,12,14,21,24,27,30,32]",C:\Users\c\Desktop\대학생활\학연생\Approach_Departure\자료\결과물\Polygon\12.5\안전지대\26\Polygon_26.shp,1
26,89,94,11,"[3,6,8,9,12,14,21,24,27,30,32]",C:\Users\c\Desktop\대학생활\학연생\Approach_Departure\자료\결과물\Polygon\12.5\안전지대\26\Polygon_26.shp,2
26,90,94,11,"[3,6,8,9,12,14,21,24,27,30,32]",C:\Users\c\Desktop\대학생활\학연생\Approach_Departure\자료\결과물\Polygon\12.5\안전지대\26\Polygon_26.shp,3
26,91,94,11,"[3,6,8,9,12,14,21,24,27,30,32]",C:\Users\c\Desktop\대학생활\학연생\Approach_Departure\자료\결과물\Polygon\12.5\안전지대\26\Polygon_26.shp,4
26,92,94,11,"[3,6,8,9,12,14,21,24,27,30,32]",C:\Users\c\Desktop\대학생활\학연생\Approach_Departure\자료\결과물\Polygon\12.5\안전지대\26\Polygon_26.shp,5
26,93,94,11,"[3,6,8,9,12,14,21,24,27,30,32]",C:\Users\c\Desktop\대학생활\학연생\Approach_Departure\자료\결과물\Polygon\12.5\안전지대\26\Polygon_26.shp,6
26,94,94,11,"[3,6,8,9,12,14,21,24,27,30,32]",C:\Users\c\Desktop\대학생활\학연생\Approach_Departure\자료\결과물\Polygon\12.5\안전지대\26\Polygon_26.shp,7
26,95,94,11,"[3,6,8,9,12,14,21,24,27,30,32]",C:\Users\c\Desktop\대학생활\학연생\Approach_Departure\자료\결과물\Polygon\12.5\안전지대\26\Polygon_26.shp,8
26,96,94,11,"[3,6,8,9,12,14,21,24,27,30,32]",C:\Users\c\Desktop\대학생활\학연생\Approach_Departure\자료\결과물\Polygon\12.5\안전지대\26\Polygon_26.shp,9
26,97,94,11,"[3,6,8,9,12,14,21,24,27,30,32]",C:\Users\c\Desktop\대학생활\학연생\Approach_Departure\자료\결과물\Polygon\12.5\안전지대\26\Polygon_26.shp,10
27,88,81,11,"[3,5,8,9,14,18,21,23,26,32,36]",C:\Users\c\Desktop\대학생활\학연생\Approach_Departure\자료\결과물\Polygon\12.5\안전지대\27\Polygon_27.shp,11
29,261,90,11,"[4,5,10,11,13,16,22,23,28,31,34]",C:\Users\c\Desktop\대학생활\학연생\Approach_Departure\자료\결과물\Polygon\12.5\안전지대\29\Polygon_29.shp,1
29,262,92,11,"[4,5,10,11,13,16,22,23,28,31,34]",C:\Users\c\Desktop\대학생활\학연생\Approach_Departure\자료\결과물\Polygon\12.5\안전지대\29\Polygon_29.shp,2
29,263,94,11,"[4,5,10,11,13,16,22,23,28,31,34]",C:\Users\c\Desktop\대학생활\학연생\Approach_Departure\자료\결과물\Polygon\12.5\안전지대\29\Polygon_29.shp,3
29,264,96,11,"[4,5,10,11,13,16,22,23,28,31,34]",C:\Users\c\Desktop\대학생활\학연생\Approach_Departure\자료\결과물\Polygon\12.5\안전지대\29\Polygon_29.shp,4
29,265,96,11,"[4,5,10,11,13,16,22,23,28,31,34]",C:\Users\c\Desktop\대학생활\학연생\Approach_Departure\자료\결과물\Polygon\12.5\안전지대\29\Polygon_29.shp,5
29,266,96,11,"[4,5,10,11,13,16,22,23,28,31,34]",C:\Users\c\Desktop\대학생활\학연생\Approach_Departure\자료\결과물\Polygon\12.5\안전지대\29\Polygon_29.shp,6
29,267,96,11,"[4,5,10,11,13,16,22,23,28,31,34]",C:\Users\c\Desktop\대학생활\학연생\Approach_Departure\자료\결과물\Polygon\12.5\안전지대\29\Polygon_29.shp,7
29,268,96,11,"[4,5,10,11,13,16,22,23,28,31,34]",C:\Users\c\Desktop\대학생활\학연생\Approach_Departure\자료\결과물\Polygon\12.5\안전지대\29\Polygon_29.shp,8
29,269,96,11,"[4,5,10,11,13,16,22,23,28,31,34]",C:\Users\c\Desktop\대학생활\학연생\Approach_Departure\자료\결과물\Polygon\12.5\안전지대\29\Polygon_29.shp,9
29,270,96,11,"[4,5,10,11,13,16,22,23,28,31,34]",C:\Users\c\Desktop\대학생활\학연생\Approach_Departure\자료\결과물\Polygon\12.5\안전지대\29\Polygon_29.shp,10
36,205,95,11,"[1,5,9,13,16,18,19,23,27,31,34]",C:\Users\c\Desktop\대학생활\학연생\Approach_Departure\자료\결과물\Polygon\12.5\안전지대\36\Polygon_36.shp,13
5,188,45,9,"[9,13,16,18,23,27,31,34,36]",C:\Users\c\Desktop\대학생활\학연생\Approach_Departure\자료\결과물\Polygon\12.5\안전지대\5\Polygon_5.shp,11
6,351,41,9,"[2,3,8,12,20,21,24,26,30]",C:\Users\c\Desktop\대학생활\학연생\Approach_Departure\자료\결과물\Polygon\12.5\안전지대\6\Polygon_6.shp,11
12,0,47,9,"[2,6,7,8,20,24,25,26,30]",C:\Users\c\Desktop\대학생활\학연생\Approach_Departure\자료\결과물\Polygon\12.5\안전지대\12\Polygon_12.shp,4
12,1,65,9,"[2,6,7,8,20,24,25,26,30]",C:\Users\c\Desktop\대학생활\학연생\Approach_Departure\자료\결과물\Polygon\12.5\안전지대\12\Polygon_12.shp,5
12,2,63,9,"[2,6,7,8,20,24,25,26,30]",C:\Users\c\Desktop\대학생활\학연생\Approach_Departure\자료\결과물\Polygon\12.5\안전지대\12\Polygon_12.shp,6
12,3,63,9,"[2,6,7,8,20,24,25,26,30]",C:\Users\c\Desktop\대학생활\학연생\Approach_Departure\자료\결과물\Polygon\12.5\안전지대\12\Polygon_12.shp,7
12,4,61,9,"[2,6,7,8,20,24,25,26,30]",C:\Users\c\Desktop\대학생활\학연생\Approach_Departure\자료\결과물\Polygon\12.5\안전지대\12\Polygon_12.shp,8
12,5,59,9,"[2,6,7,8,20,24,25,26,30]",C:\Users\c\Desktop\대학생활\학연생\Approach_Departure\자료\결과물\Polygon\12.5\안전지대\12\Polygon_12.shp,9
12,6,57,9,"[2,6,7,8,20,24,25,26,30]",C:\Users\c\Desktop\대학생활\학연생\Approach_Departure\자료\결과물\Polygon\12.5\안전지대\12\Polygon_12.shp,10
12,99,67,9,"[3,6,8,14,21,24,26,30,32]",C:\Users\c\Desktop\대학생활\학연생\Approach_Departure\자료\결과물\Polygon\12.5\안전지대\12\Polygon_12.shp,11
14,73,68,9,"[3,6,8,12,21,24,26,30,32]",C:\Users\c\Desktop\대학생활\학연생\Approach_Departure\자료\결과물\Polygon\12.5\안전지대\14\Polygon_14.shp,1
14,74,68,9,"[3,6,8,12,21,24,26,30,32]",C:\Users\c\Desktop\대학생활\학연생\Approach_Departure\자료\결과물\Polygon\12.5\안전지대\14\Polygon_14.shp,2
14,75,68,9,"[3,6,8,12,21,24,26,30,32]",C:\Users\c\Desktop\대학생활\학연생\Approach_Departure\자료\결과물\Polygon\12.5\안전지대\14\Polygon_14.shp,3
14,76,68,9,"[3,6,8,12,21,24,26,30,32]",C:\Users\c\Desktop\대학생활\학연생\Approach_Departure\자료\결과물\Polygon\12.5\안전지대\14\Polygon_14.shp,4
14,77,68,9,"[3,6,8,12,21,24,26,30,32]",C:\Users\c\Desktop\대학생활\학연생\Approach_Departure\자료\결과물\Polygon\12.5\안전지대\14\Polygon_14.shp,5
14,78,68,9,"[3,6,8,12,21,24,26,30,32]",C:\Users\c\Desktop\대학생활\학연생\Approach_Departure\자료\결과물\Polygon\12.5\안전지대\14\Polygon_14.shp,6
14,79,68,9,"[3,6,8,12,21,24,26,30,32]",C:\Users\c\Desktop\대학생활\학연생\Approach_Departure\자료\결과물\Polygon\12.5\안전지대\14\Polygon_14.shp,7
14,70,68,9,"[3,6,8,12,21,24,26,30,32]",C:\Users\c\Desktop\대학생활\학연생\Approach_Departure\자료\결과물\Polygon\12.5\안전지대\14\Polygon_14.shp,8
14,71,68,9,"[3,6,8,12,21,24,26,30,32]",C:\Users\c\Desktop\대학생활\학연생\Approach_Departure\자료\결과물\Polygon\12.5\안전지대\14\Polygon_14.shp,9
14,72,68,9,"[3,6,8,12,21,24,26,30,32]",C:\Users\c\Desktop\대학생활\학연생\Approach_Departure\자료\결과물\Polygon\12.5\안전지대\14\Polygon_14.shp,10
23,188,45,9,"[5,9,13,16,18,27,31,34,36]",C:\Users\c\Desktop\대학생활\학연생\Approach_Departure\자료\결과물\Polygon\12.5\안전지대\23\Polygon_23.shp,11
24,351,41,9,"[2,3,6,8,12,20,21,26,30]",C:\Users\c\Desktop\대학생활\학연생\Approach_Departure\자료\결과물\Polygon\12.5\안전지대\24\Polygon_24.shp,11
30,0,47,9,"[2,6,7,8,12,20,24,25,26]",C:\Users\c\Desktop\대학생활\학연생\Approach_Departure\자료\결과물\Polygon\12.5\안전지대\30\Polygon_30.shp,4
30,1,65,9,"[2,6,7,8,12,20,24,25,26]",C:\Users\c\Desktop\대학생활\학연생\Approach_Departure\자료\결과물\Polygon\12.5\안전지대\30\Polygon_30.shp,5
30,2,63,9,"[2,6,7,8,12,20,24,25,26]",C:\Users\c\Desktop\대학생활\학연생\Approach_Departure\자료\결과물\Polygon\12.5\안전지대\30\Polygon_30.shp,6
30,3,63,9,"[2,6,7,8,12,20,24,25,26]",C:\Users\c\Desktop\대학생활\학연생\Approach_Departure\자료\결과물\Polygon\12.5\안전지대\30\Polygon_30.shp,7
30,4,61,9,"[2,6,7,8,12,20,24,25,26]",C:\Users\c\Desktop\대학생활\학연생\Approach_Departure\자료\결과물\Polygon\12.5\안전지대\30\Polygon_30.shp,8
30,5,59,9,"[2,6,7,8,12,20,24,25,26]",C:\Users\c\Desktop\대학생활\학연생\Approach_Departure\자료\결과물\Polygon\12.5\안전지대\30\Polygon_30.shp,9
30,6,57,9,"[2,6,7,8,12,20,24,25,26]",C:\Users\c\Desktop\대학생활\학연생\Approach_Departure\자료\결과물\Polygon\12.5\안전지대\30\Polygon_30.shp,10
30,99,67,9,"[3,6,8,12,14,21,24,26,32]",C:\Users\c\Desktop\대학생활\학연생\Approach_Departure\자료\결과물\Polygon\12.5\안전지대\30\Polygon_30.shp,11
32,73,68,9,"[3,6,8,12,14,21,24,26,30]",C:\Users\c\Desktop\대학생활\학연생\Approach_Departure\자료\결과물\Polygon\12.5\안전지대\32\Polygon_32.shp,1
32,74,68,9,"[3,6,8,12,14,21,24,26,30]",C:\Users\c\Desktop\대학생활\학연생\Approach_Departure\자료\결과물\Polygon\12.5\안전지대\32\Polygon_32.shp,2
32,75,68,9,"[3,6,8,12,14,21,24,26,30]",C:\Users\c\Desktop\대학생활\학연생\Approach_Departure\자료\결과물\Polygon\12.5\안전지대\32\Polygon_32.shp,3
32,76,68,9,"[3,6,8,12,14,21,24,26,30]",C:\Users\c\Desktop\대학생활\학연생\Approach_Departure\자료\결과물\Polygon\12.5\안전지대\32\Polygon_32.shp,4
32,77,68,9,"[3,6,8,12,14,21,24,26,30]",C:\Users\c\Desktop\대학생활\학연생\Approach_Departure\자료\결과물\Polygon\12.5\안전지대\32\Polygon_32.shp,5
32,78,68,9,"[3,6,8,12,14,21,24,26,30]",C:\Users\c\Desktop\대학생활\학연생\Approach_Departure\자료\결과물\Polygon\12.5\안전지대\32\Polygon_32.shp,6
32,79,68,9,"[3,6,8,12,14,21,24,26,30]",C:\Users\c\Desktop\대학생활\학연생\Approach_Departure\자료\결과물\Polygon\12.5\안전지대\32\Polygon_32.shp,7
32,70,68,9,"[3,6,8,12,14,21,24,26,30]",C:\Users\c\Desktop\대학생활\학연생\Approach_Departure\자료\결과물\Polygon\12.5\안전지대\32\Polygon_32.shp,8
32,71,68,9,"[3,6,8,12,14,21,24,26,30]",C:\Users\c\Desktop\대학생활\학연생\Approach_Departure\자료\결과물\Polygon\12.5\안전지대\32\Polygon_32.shp,9
32,72,68,9,"[3,6,8,12,14,21,24,26,30]",C:\Users\c\Desktop\대학생활\학연생\Approach_Departure\자료\결과물\Polygon\12.5\안전지대\32\Polygon_32.shp,10
2,337,58,7,"[6,12,13,20,24,30,31]",C:\Users\c\Desktop\대학생활\학연생\Approach_Departure\자료\결과물\Polygon\12.5\안전지대\2\Polygon_2.shp,11
2,338,58,7,"[6,12,13,20,24,30,31]",C:\Users\c\Desktop\대학생활\학연생\Approach_Departure\자료\결과물\Polygon\12.5\안전지대\2\Polygon_2.shp,12
2,339,60,7,"[6,12,13,20,24,30,31]",C:\Users\c\Desktop\대학생활\학연생\Approach_Departure\자료\결과물\Polygon\12.5\안전지대\2\Polygon_2.shp,13
2,340,62,7,"[6,12,13,20,24,30,31]",C:\Users\c\Desktop\대학생활\학연생\Approach_Departure\자료\결과물\Polygon\12.5\안전지대\2\Polygon_2.shp,14
2,341,66,7,"[6,12,13,20,24,30,31]",C:\Users\c\Desktop\대학생활\학연생\Approach_Departure\자료\결과물\Polygon\12.5\안전지대\2\Polygon_2.shp,15
2,342,68,7,"[6,12,13,20,24,30,31]",C:\Users\c\Desktop\대학생활\학연생\Approach_Departure\자료\결과물\Polygon\12.5\안전지대\2\Polygon_2.shp,16
2,343,70,7,"[6,12,13,20,24,30,31]",C:\Users\c\Desktop\대학생활\학연생\Approach_Departure\자료\결과물\Polygon\12.5\안전지대\2\Polygon_2.shp,17
2,344,72,7,"[6,12,13,20,24,30,31]",C:\Users\c\Desktop\대학생활\학연생\Approach_Departure\자료\결과물\Polygon\12.5\안전지대\2\Polygon_2.shp,18
2,345,72,7,"[6,12,13,20,24,30,31]",C:\Users\c\Desktop\대학생활\학연생\Approach_Departure\자료\결과물\Polygon\12.5\안전지대\2\Polygon_2.shp,19
2,346,72,7,"[6,12,13,20,24,30,31]",C:\Users\c\Desktop\대학생활\학연생\Approach_Departure\자료\결과물\Polygon\12.5\안전지대\2\Polygon_2.shp,20
3,135,74,7,"[8,9,14,21,26,27,32]",C:\Users\c\Desktop\대학생활\학연생\Approach_Departure\자료\결과물\Polygon\12.5\안전지대\3\Polygon_3.shp,1
3,136,74,7,"[8,9,14,21,26,27,32]",C:\Users\c\Desktop\대학생활\학연생\Approach_Departure\자료\결과물\Polygon\12.5\안전지대\3\Polygon_3.shp,2
3,137,78,7,"[8,9,14,21,26,27,32]",C:\Users\c\Desktop\대학생활\학연생\Approach_Departure\자료\결과물\Polygon\12.5\안전지대\3\Polygon_3.shp,3
3,138,80,7,"[8,9,14,21,26,27,32]",C:\Users\c\Desktop\대학생활\학연생\Approach_Departure\자료\결과물\Polygon\12.5\안전지대\3\Polygon_3.shp,4
3,139,82,7,"[8,9,14,21,26,27,32]",C:\Users\c\Desktop\대학생활\학연생\Approach_Departure\자료\결과물\Polygon\12.5\안전지대\3\Polygon_3.shp,5
3,140,84,7,"[8,9,14,21,26,27,32]",C:\Users\c\Desktop\대학생활\학연생\Approach_Departure\자료\결과물\Polygon\12.5\안전지대\3\Polygon_3.shp,6
3,141,86,7,"[8,9,14,21,26,27,32]",C:\Users\c\Desktop\대학생활\학연생\Approach_Departure\자료\결과물\Polygon\12.5\안전지대\3\Polygon_3.shp,7
3,142,88,7,"[8,9,14,21,26,27,32]",C:\Users\c\Desktop\대학생활\학연생\Approach_Departure\자료\결과물\Polygon\12.5\안전지대\3\Polygon_3.shp,8
3,143,70,7,"[8,9,14,21,26,27,32]",C:\Users\c\Desktop\대학생활\학연생\Approach_Departure\자료\결과물\Polygon\12.5\안전지대\3\Polygon_3.shp,9
3,144,70,7,"[8,9,14,21,26,27,32]",C:\Users\c\Desktop\대학생활\학연생\Approach_Departure\자료\결과물\Polygon\12.5\안전지대\3\Polygon_3.shp,10
3,42,7,7,"[6,8,12,21,24,26,30]",C:\Users\c\Desktop\대학생활\학연생\Approach_Departure\자료\결과물\Polygon\12.5\안전지대\3\Polygon_3.shp,11
6,96,52,7,"[8,12,14,24,26,30,32]",C:\Users\c\Desktop\대학생활\학연생\Approach_Departure\자료\결과물\Polygon\12.5\안전지대\6\Polygon_6.shp,1
6,97,52,7,"[8,12,14,24,26,30,32]",C:\Users\c\Desktop\대학생활\학연생\Approach_Departure\자료\결과물\Polygon\12.5\안전지대\6\Polygon_6.shp,2
6,98,52,7,"[8,12,14,24,26,30,32]",C:\Users\c\Desktop\대학생활\학연생\Approach_Departure\자료\결과물\Polygon\12.5\안전지대\6\Polygon_6.shp,3
6,99,52,7,"[8,12,14,24,26,30,32]",C:\Users\c\Desktop\대학생활\학연생\Approach_Departure\자료\결과물\Polygon\12.5\안전지대\6\Polygon_6.shp,4
6,100,52,7,"[8,12,14,24,26,30,32]",C:\Users\c\Desktop\대학생활\학연생\Approach_Departure\자료\결과물\Polygon\12.5\안전지대\6\Polygon_6.shp,5
6,101,52,7,"[8,12,14,24,26,30,32]",C:\Users\c\Desktop\대학생활\학연생\Approach_Departure\자료\결과물\Polygon\12.5\안전지대\6\Polygon_6.shp,6
6,89,52,7,"[8,12,14,24,26,30,32]",C:\Users\c\Desktop\대학생활\학연생\Approach_Departure\자료\결과물\Polygon\12.5\안전지대\6\Polygon_6.shp,7
6,90,52,7,"[8,12,14,24,26,30,32]",C:\Users\c\Desktop\대학생활\학연생\Approach_Departure\자료\결과물\Polygon\12.5\안전지대\6\Polygon_6.shp,8
6,91,52,7,"[8,12,14,24,26,30,32]",C:\Users\c\Desktop\대학생활\학연생\Approach_Departure\자료\결과물\Polygon\12.5\안전지대\6\Polygon_6.shp,9
6,92,52,7,"[8,12,14,24,26,30,32]",C:\Users\c\Desktop\대학생활\학연생\Approach_Departure\자료\결과물\Polygon\12.5\안전지대\6\Polygon_6.shp,10
7,0,384,7,"[12,15,17,25,30,33,35]",C:\Users\c\Desktop\대학생활\학연생\Approach_Departure\자료\결과물\Polygon\12.5\안전지대\7\Polygon_7.shp,1
7,1,386,7,"[12,15,17,25,30,33,35]",C:\Users\c\Desktop\대학생활\학연생\Approach_Departure\자료\결과물\Polygon\12.5\안전지대\7\Polygon_7.shp,2
7,2,390,7,"[12,15,17,25,30,33,35]",C:\Users\c\Desktop\대학생활\학연생\Approach_Departure\자료\결과물\Polygon\12.5\안전지대\7\Polygon_7.shp,3
7,3,392,7,"[12,15,17,25,30,33,35]",C:\Users\c\Desktop\대학생활\학연생\Approach_Departure\자료\결과물\Polygon\12.5\안전지대\7\Polygon_7.shp,4
7,4,394,7,"[12,15,17,25,30,33,35]",C:\Users\c\Desktop\대학생활\학연생\Approach_Departure\자료\결과물\Polygon\12.5\안전지대\7\Polygon_7.shp,5
7,5,396,7,"[12,15,17,25,30,33,35]",C:\Users\c\Desktop\대학생활\학연생\Approach_Departure\자료\결과물\Polygon\12.5\안전지대\7\Polygon_7.shp,6
7,6,398,7,"[12,15,17,25,30,33,35]",C:\Users\c\Desktop\대학생활\학연생\Approach_Departure\자료\결과물\Polygon\12.5\안전지대\7\Polygon_7.shp,7
7,7,402,7,"[12,15,17,25,30,33,35]",C:\Users\c\Desktop\대학생활\학연생\Approach_Departure\자료\결과물\Polygon\12.5\안전지대\7\Polygon_7.shp,8
7,8,404,7,"[12,15,17,25,30,33,35]",C:\Users\c\Desktop\대학생활\학연생\Approach_Departure\자료\결과물\Polygon\12.5\안전지대\7\Polygon_7.shp,9
7,9,406,7,"[12,15,17,25,30,33,35]",C:\Users\c\Desktop\대학생활\학연생\Approach_Departure\자료\결과물\Polygon\12.5\안전지대\7\Polygon_7.shp,10
7,70,252,7,"[12,15,17,25,30,33,35]",C:\Users\c\Desktop\대학생활\학연생\Approach_Departure\자료\결과물\Polygon\12.5\안전지대\7\Polygon_7.shp,11
7,71,250,7,"[12,15,17,25,30,33,35]",C:\Users\c\Desktop\대학생활\학연생\Approach_Departure\자료\결과물\Polygon\12.5\안전지대\7\Polygon_7.shp,12
7,72,246,7,"[12,15,17,25,30,33,35]",C:\Users\c\Desktop\대학생활\학연생\Approach_Departure\자료\결과물\Polygon\12.5\안전지대\7\Polygon_7.shp,13
7,73,244,7,"[12,15,17,25,30,33,35]",C:\Users\c\Desktop\대학생활\학연생\Approach_Departure\자료\결과물\Polygon\12.5\안전지대\7\Polygon_7.shp,14
7,74,242,7,"[12,15,17,25,30,33,35]",C:\Users\c\Desktop\대학생활\학연생\Approach_Departure\자료\결과물\Polygon\12.5\안전지대\7\Polygon_7.shp,15
7,75,240,7,"[12,15,17,25,30,33,35]",C:\Users\c\Desktop\대학생활\학연생\Approach_Departure\자료\결과물\Polygon\12.5\안전지대\7\Polygon_7.shp,16
7,76,236,7,"[12,15,17,25,30,33,35]",C:\Users\c\Desktop\대학생활\학연생\Approach_Departure\자료\결과물\Polygon\12.5\안전지대\7\Polygon_7.shp,17
7,77,234,7,"[12,15,17,25,30,33,35]",C:\Users\c\Desktop\대학생활\학연생\Approach_Departure\자료\결과물\Polygon\12.5\안전지대\7\Polygon_7.shp,18
7,78,232,7,"[12,15,17,25,30,33,35]",C:\Users\c\Desktop\대학생활\학연생\Approach_Departure\자료\결과물\Polygon\12.5\안전지대\7\Polygon_7.shp,19
7,79,230,7,"[12,15,17,25,30,33,35]",C:\Users\c\Desktop\대학생활\학연생\Approach_Departure\자료\결과물\Polygon\12.5\안전지대\7\Polygon_7.shp,20
8,158,34,7,"[3,9,14,21,26,27,32]",C:\Users\c\Desktop\대학생활\학연생\Approach_Departure\자료\결과물\Polygon\12.5\안전지대\8\Polygon_8.shp,11
8,159,32,7,"[3,9,14,21,26,27,32]",C:\Users\c\Desktop\대학생활\학연생\Approach_Departure\자료\결과물\Polygon\12.5\안전지대\8\Polygon_8.shp,12
8,160,28,7,"[3,9,14,21,26,27,32]",C:\Users\c\Desktop\대학생활\학연생\Approach_Departure\자료\결과물\Polygon\12.5\안전지대\8\Polygon_8.shp,13
8,161,24,7,"[3,9,14,21,26,27,32]",C:\Users\c\Desktop\대학생활\학연생\Approach_Departure\자료\결과물\Polygon\12.5\안전지대\8\Polygon_8.shp,14
8,24,47,7,"[3,6,12,21,24,26,30]",C:\Users\c\Desktop\대학생활\학연생\Approach_Departure\자료\결과물\Polygon\12.5\안전지대\8\Polygon_8.shp,19
12,319,29,7,"[2,8,13,20,26,30,31]",C:\Users\c\Desktop\대학생활\학연생\Approach_Departure\자료\결과물\Polygon\12.5\안전지대\12\Polygon_12.shp,1
12,320,27,7,"[2,8,13,20,26,30,31]",C:\Users\c\Desktop\대학생활\학연생\Approach_Departure\자료\결과물\Polygon\12.5\안전지대\12\Polygon_12.shp,2
14,143,52,7,"[3,8,9,21,26,27,32]",C:\Users\c\Desktop\대학생활\학연생\Approach_Departure\자료\결과물\Polygon\12.5\안전지대\14\Polygon_14.shp,11
14,144,52,7,"[3,8,9,21,26,27,32]",C:\Users\c\Desktop\대학생활\학연생\Approach_Departure\자료\결과물\Polygon\12.5\안전지대\14\Polygon_14.shp,12
14,145,52,7,"[3,8,9,21,26,27,32]",C:\Users\c\Desktop\대학생활\학연생\Approach_Departure\자료\결과물\Polygon\12.5\안전지대\14\Polygon_14.shp,13
14,146,54,7,"[3,8,9,21,26,27,32]",C:\Users\c\Desktop\대학생활\학연생\Approach_Departure\자료\결과물\Polygon\12.5\안전지대\14\Polygon_14.shp,14
14,147,56,7,"[3,8,9,21,26,27,32]",C:\Users\c\Desktop\대학생활\학연생\Approach_Departure\자료\결과물\Polygon\12.5\안전지대\14\Polygon_14.shp,15
14,148,58,7,"[3,8,9,21,26,27,32]",C:\Users\c\Desktop\대학생활\학연생\Approach_Departure\자료\결과물\Polygon\12.5\안전지대\14\Polygon_14.shp,16
14,149,60,7,"[3,8,9,21,26,27,32]",C:\Users\c\Desktop\대학생활\학연생\Approach_Departure\자료\결과물\Polygon\12.5\안전지대\14\Polygon_14.shp,17
14,140,52,7,"[3,8,9,21,26,27,32]",C:\Users\c\Desktop\대학생활\학연생\Approach_Departure\자료\결과물\Polygon\12.5\안전지대\14\Polygon_14.shp,18
14,141,52,7,"[3,8,9,21,26,27,32]",C:\Users\c\Desktop\대학생활\학연생\Approach_Departure\자료\결과물\Polygon\12.5\안전지대\14\Polygon_14.shp,19
14,142,52,7,"[3,8,9,21,26,27,32]",C:\Users\c\Desktop\대학생활\학연생\Approach_Departure\자료\결과물\Polygon\12.5\안전지대\14\Polygon_14.shp,20
20,337,58,7,"[2,6,12,13,24,30,31]",C:\Users\c\Desktop\대학생활\학연생\Approach_Departure\자료\결과물\Polygon\12.5\안전지대\20\Polygon_20.shp,11
20,338,58,7,"[2,6,12,13,24,30,31]",C:\Users\c\Desktop\대학생활\학연생\Approach_Departure\자료\결과물\Polygon\12.5\안전지대\20\Polygon_20.shp,12
20,339,60,7,"[2,6,12,13,24,30,31]",C:\Users\c\Desktop\대학생활\학연생\Approach_Departure\자료\결과물\Polygon\12.5\안전지대\20\Polygon_20.shp,13
20,340,62,7,"[2,6,12,13,24,30,31]",C:\Users\c\Desktop\대학생활\학연생\Approach_Departure\자료\결과물\Polygon\12.5\안전지대\20\Polygon_20.shp,14
20,341,66,7,"[2,6,12,13,24,30,31]",C:\Users\c\Desktop\대학생활\학연생\Approach_Departure\자료\결과물\Polygon\12.5\안전지대\20\Polygon_20.shp,15
20,342,68,7,"[2,6,12,13,24,30,31]",C:\Users\c\Desktop\대학생활\학연생\Approach_Departure\자료\결과물\Polygon\12.5\안전지대\20\Polygon_20.shp,16
20,343,70,7,"[2,6,12,13,24,30,31]",C:\Users\c\Desktop\대학생활\학연생\Approach_Departure\자료\결과물\Polygon\12.5\안전지대\20\Polygon_20.shp,17
20,344,72,7,"[2,6,12,13,24,30,31]",C:\Users\c\Desktop\대학생활\학연생\Approach_Departure\자료\결과물\Polygon\12.5\안전지대\20\Polygon_20.shp,18
20,345,72,7,"[2,6,12,13,24,30,31]",C:\Users\c\Desktop\대학생활\학연생\Approach_Departure\자료\결과물\Polygon\12.5\안전지대\20\Polygon_20.shp,19
20,346,72,7,"[2,6,12,13,24,30,31]",C:\Users\c\Desktop\대학생활\학연생\Approach_Departure\자료\결과물\Polygon\12.5\안전지대\20\Polygon_20.shp,20
21,135,74,7,"[3,8,9,14,26,27,32]",C:\Users\c\Desktop\대학생활\학연생\Approach_Departure\자료\결과물\Polygon\12.5\안전지대\21\Polygon_21.shp,1
21,136,74,7,"[3,8,9,14,26,27,32]",C:\Users\c\Desktop\대학생활\학연생\Approach_Departure\자료\결과물\Polygon\12.5\안전지대\21\Polygon_21.shp,2
21,137,78,7,"[3,8,9,14,26,27,32]",C:\Users\c\Desktop\대학생활\학연생\Approach_Departure\자료\결과물\Polygon\12.5\안전지대\21\Polygon_21.shp,3
21,138,80,7,"[3,8,9,14,26,27,32]",C:\Users\c\Desktop\대학생활\학연생\Approach_Departure\자료\결과물\Polygon\12.5\안전지대\21\Polygon_21.shp,4
21,139,82,7,"[3,8,9,14,26,27,32]",C:\Users\c\Desktop\대학생활\학연생\Approach_Departure\자료\결과물\Polygon\12.5\안전지대\21\Polygon_21.shp,5
21,140,84,7,"[3,8,9,14,26,27,32]",C:\Users\c\Desktop\대학생활\학연생\Approach_Departure\자료\결과물\Polygon\12.5\안전지대\21\Polygon_21.shp,6
21,141,86,7,"[3,8,9,14,26,27,32]",C:\Users\c\Desktop\대학생활\학연생\Approach_Departure\자료\결과물\Polygon\12.5\안전지대\21\Polygon_21.shp,7
21,142,88,7,"[3,8,9,14,26,27,32]",C:\Users\c\Desktop\대학생활\학연생\Approach_Departure\자료\결과물\Polygon\12.5\안전지대\21\Polygon_21.shp,8
21,143,70,7,"[3,8,9,14,26,27,32]",C:\Users\c\Desktop\대학생활\학연생\Approach_Departure\자료\결과물\Polygon\12.5\안전지대\21\Polygon_21.shp,9
21,144,70,7,"[3,8,9,14,26,27,32]",C:\Users\c\Desktop\대학생활\학연생\Approach_Departure\자료\결과물\Polygon\12.5\안전지대\21\Polygon_21.shp,10
21,42,7,7,"[3,6,8,12,24,26,30]",C:\Users\c\Desktop\대학생활\학연생\Approach_Departure\자료\결과물\Polygon\12.5\안전지대\21\Polygon_21.shp,11
24,96,52,7,"[6,8,12,14,26,30,32]",C:\Users\c\Desktop\대학생활\학연생\Approach_Departure\자료\결과물\Polygon\12.5\안전지대\24\Polygon_24.shp,1
24,97,52,7,"[6,8,12,14,26,30,32]",C:\Users\c\Desktop\대학생활\학연생\Approach_Departure\자료\결과물\Polygon\12.5\안전지대\24\Polygon_24.shp,2
24,98,52,7,"[6,8,12,14,26,30,32]",C:\Users\c\Desktop\대학생활\학연생\Approach_Departure\자료\결과물\Polygon\12.5\안전지대\24\Polygon_24.shp,3
24,99,52,7,"[6,8,12,14,26,30,32]",C:\Users\c\Desktop\대학생활\학연생\Approach_Departure\자료\결과물\Polygon\12.5\안전지대\24\Polygon_24.shp,4
24,100,52,7,"[6,8,12,14,26,30,32]",C:\Users\c\Desktop\대학생활\학연생\Approach_Departure\자료\결과물\Polygon\12.5\안전지대\24\Polygon_24.shp,5
24,101,52,7,"[6,8,12,14,26,30,32]",C:\Users\c\Desktop\대학생활\학연생\Approach_Departure\자료\결과물\Polygon\12.5\안전지대\24\Polygon_24.shp,6
24,89,52,7,"[6,8,12,14,26,30,32]",C:\Users\c\Desktop\대학생활\학연생\Approach_Departure\자료\결과물\Polygon\12.5\안전지대\24\Polygon_24.shp,7
24,90,52,7,"[6,8,12,14,26,30,32]",C:\Users\c\Desktop\대학생활\학연생\Approach_Departure\자료\결과물\Polygon\12.5\안전지대\24\Polygon_24.shp,8
24,91,52,7,"[6,8,12,14,26,30,32]",C:\Users\c\Desktop\대학생활\학연생\Approach_Departure\자료\결과물\Polygon\12.5\안전지대\24\Polygon_24.shp,9
24,92,52,7,"[6,8,12,14,26,30,32]",C:\Users\c\Desktop\대학생활\학연생\Approach_Departure\자료\결과물\Polygon\12.5\안전지대\24\Polygon_24.shp,10
25,0,384,7,"[7,12,15,17,30,33,35]",C:\Users\c\Desktop\대학생활\학연생\Approach_Departure\자료\결과물\Polygon\12.5\안전지대\25\Polygon_25.shp,1
25,1,386,7,"[7,12,15,17,30,33,35]",C:\Users\c\Desktop\대학생활\학연생\Approach_Departure\자료\결과물\Polygon\12.5\안전지대\25\Polygon_25.shp,2
25,2,390,7,"[7,12,15,17,30,33,35]",C:\Users\c\Desktop\대학생활\학연생\Approach_Departure\자료\결과물\Polygon\12.5\안전지대\25\Polygon_25.shp,3
25,3,392,7,"[7,12,15,17,30,33,35]",C:\Users\c\Desktop\대학생활\학연생\Approach_Departure\자료\결과물\Polygon\12.5\안전지대\25\Polygon_25.shp,4
25,4,394,7,"[7,12,15,17,30,33,35]",C:\Users\c\Desktop\대학생활\학연생\Approach_Departure\자료\결과물\Polygon\12.5\안전지대\25\Polygon_25.shp,5
25,5,396,7,"[7,12,15,17,30,33,35]",C:\Users\c\Desktop\대학생활\학연생\Approach_Departure\자료\결과물\Polygon\12.5\안전지대\25\Polygon_25.shp,6
25,6,398,7,"[7,12,15,17,30,33,35]",C:\Users\c\Desktop\대학생활\학연생\Approach_Departure\자료\결과물\Polygon\12.5\안전지대\25\Polygon_25.shp,7
25,7,402,7,"[7,12,15,17,30,33,35]",C:\Users\c\Desktop\대학생활\학연생\Approach_Departure\자료\결과물\Polygon\12.5\안전지대\25\Polygon_25.shp,8
25,8,404,7,"[7,12,15,17,30,33,35]",C:\Users\c\Desktop\대학생활\학연생\Approach_Departure\자료\결과물\Polygon\12.5\안전지대\25\Polygon_25.shp,9
25,9,406,7,"[7,12,15,17,30,33,35]",C:\Users\c\Desktop\대학생활\학연생\Approach_Departure\자료\결과물\Polygon\12.5\안전지대\25\Polygon_25.shp,10
25,70,252,7,"[7,12,15,17,30,33,35]",C:\Users\c\Desktop\대학생활\학연생\Approach_Departure\자료\결과물\Polygon\12.5\안전지대\25\Polygon_25.shp,11
25,71,250,7,"[7,12,15,17,30,33,35]",C:\Users\c\Desktop\대학생활\학연생\Approach_Departure\자료\결과물\Polygon\12.5\안전지대\25\Polygon_25.shp,12
25,72,246,7,"[7,12,15,17,30,33,35]",C:\Users\c\Desktop\대학생활\학연생\Approach_Departure\자료\결과물\Polygon\12.5\안전지대\25\Polygon_25.shp,13
25,73,244,7,"[7,12,15,17,30,33,35]",C:\Users\c\Desktop\대학생활\학연생\Approach_Departure\자료\결과물\Polygon\12.5\안전지대\25\Polygon_25.shp,14
25,74,242,7,"[7,12,15,17,30,33,35]",C:\Users\c\Desktop\대학생활\학연생\Approach_Departure\자료\결과물\Polygon\12.5\안전지대\25\Polygon_25.shp,15
25,75,240,7,"[7,12,15,17,30,33,35]",C:\Users\c\Desktop\대학생활\학연생\Approach_Departure\자료\결과물\Polygon\12.5\안전지대\25\Polygon_25.shp,16
25,76,236,7,"[7,12,15,17,30,33,35]",C:\Users\c\Desktop\대학생활\학연생\Approach_Departure\자료\결과물\Polygon\12.5\안전지대\25\Polygon_25.shp,17
25,77,234,7,"[7,12,15,17,30,33,35]",C:\Users\c\Desktop\대학생활\학연생\Approach_Departure\자료\결과물\Polygon\12.5\안전지대\25\Polygon_25.shp,18
25,78,232,7,"[7,12,15,17,30,33,35]",C:\Users\c\Desktop\대학생활\학연생\Approach_Departure\자료\결과물\Polygon\12.5\안전지대\25\Polygon_25.shp,19
25,79,230,7,"[7,12,15,17,30,33,35]",C:\Users\c\Desktop\대학생활\학연생\Approach_Departure\자료\결과물\Polygon\12.5\안전지대\25\Polygon_25.shp,20
26,158,34,7,"[3,8,9,14,21,27,32]",C:\Users\c\Desktop\대학생활\학연생\Approach_Departure\자료\결과물\Polygon\12.5\안전지대\26\Polygon_26.shp,11
26,159,32,7,"[3,8,9,14,21,27,32]",C:\Users\c\Desktop\대학생활\학연생\Approach_Departure\자료\결과물\Polygon\12.5\안전지대\26\Polygon_26.shp,12
26,160,28,7,"[3,8,9,14,21,27,32]",C:\Users\c\Desktop\대학생활\학연생\Approach_Departure\자료\결과물\Polygon\12.5\안전지대\26\Polygon_26.shp,13
26,161,24,7,"[3,8,9,14,21,27,32]",C:\Users\c\Desktop\대학생활\학연생\Approach_Departure\자료\결과물\Polygon\12.5\안전지대\26\Polygon_26.shp,14
26,24,47,7,"[3,6,8,12,21,24,30]",C:\Users\c\Desktop\대학생활\학연생\Approach_Departure\자료\결과물\Polygon\12.5\안전지대\26\Polygon_26.shp,19
30,319,29,7,"[2,8,12,13,20,26,31]",C:\Users\c\Desktop\대학생활\학연생\Approach_Departure\자료\결과물\Polygon\12.5\안전지대\30\Polygon_30.shp,1
30,320,27,7,"[2,8,12,13,20,26,31]",C:\Users\c\Desktop\대학생활\학연생\Approach_Departure\자료\결과물\Polygon\12.5\안전지대\30\Polygon_30.shp,2
32,143,52,7,"[3,8,9,14,21,26,27]",C:\Users\c\Desktop\대학생활\학연생\Approach_Departure\자료\결과물\Polygon\12.5\안전지대\32\Polygon_32.shp,11
32,144,52,7,"[3,8,9,14,21,26,27]",C:\Users\c\Desktop\대학생활\학연생\Approach_Departure\자료\결과물\Polygon\12.5\안전지대\32\Polygon_32.shp,12
32,145,52,7,"[3,8,9,14,21,26,27]",C:\Users\c\Desktop\대학생활\학연생\Approach_Departure\자료\결과물\Polygon\12.5\안전지대\32\Polygon_32.shp,13
32,146,54,7,"[3,8,9,14,21,26,27]",C:\Users\c\Desktop\대학생활\학연생\Approach_Departure\자료\결과물\Polygon\12.5\안전지대\32\Polygon_32.shp,14
32,147,56,7,"[3,8,9,14,21,26,27]",C:\Users\c\Desktop\대학생활\학연생\Approach_Departure\자료\결과물\Polygon\12.5\안전지대\32\Polygon_32.shp,15
32,148,58,7,"[3,8,9,14,21,26,27]",C:\Users\c\Desktop\대학생활\학연생\Approach_Departure\자료\결과물\Polygon\12.5\안전지대\32\Polygon_32.shp,16
32,149,60,7,"[3,8,9,14,21,26,27]",C:\Users\c\Desktop\대학생활\학연생\Approach_Departure\자료\결과물\Polygon\12.5\안전지대\32\Polygon_32.shp,17
32,140,52,7,"[3,8,9,14,21,26,27]",C:\Users\c\Desktop\대학생활\학연생\Approach_Departure\자료\결과물\Polygon\12.5\안전지대\32\Polygon_32.shp,18
32,141,52,7,"[3,8,9,14,21,26,27]",C:\Users\c\Desktop\대학생활\학연생\Approach_Departure\자료\결과물\Polygon\12.5\안전지대\32\Polygon_32.shp,19
32,142,52,7,"[3,8,9,14,21,26,27]",C:\Users\c\Desktop\대학생활\학연생\Approach_Departure\자료\결과물\Polygon\12.5\안전지대\32\Polygon_32.shp,20
8,162,20,5,"[3,9,21,26,27]",C:\Users\c\Desktop\대학생활\학연생\Approach_Departure\자료\결과물\Polygon\12.5\안전지대\8\Polygon_8.shp,15
8,163,18,5,"[3,9,21,26,27]",C:\Users\c\Desktop\대학생활\학연생\Approach_Departure\자료\결과물\Polygon\12.5\안전지대\8\Polygon_8.shp,16
8,164,16,5,"[3,9,21,26,27]",C:\Users\c\Desktop\대학생활\학연생\Approach_Departure\자료\결과물\Polygon\12.5\안전지대\8\Polygon_8.shp,17
8,165,14,5,"[3,9,21,26,27]",C:\Users\c\Desktop\대학생활\학연생\Approach_Departure\자료\결과물\Polygon\12.5\안전지대\8\Polygon_8.shp,18
9,176,14,5,"[5,18,23,27,36]",C:\Users\c\Desktop\대학생활\학연생\Approach_Departure\자료\결과물\Polygon\12.5\안전지대\9\Polygon_9.shp,1
9,177,14,5,"[5,18,23,27,36]",C:\Users\c\Desktop\대학생활\학연생\Approach_Departure\자료\결과물\Polygon\12.5\안전지대\9\Polygon_9.shp,2
9,178,14,5,"[5,18,23,27,36]",C:\Users\c\Desktop\대학생활\학연생\Approach_Departure\자료\결과물\Polygon\12.5\안전지대\9\Polygon_9.shp,3
9,179,14,5,"[5,18,23,27,36]",C:\Users\c\Desktop\대학생활\학연생\Approach_Departure\자료\결과물\Polygon\12.5\안전지대\9\Polygon_9.shp,4
9,180,14,5,"[5,18,23,27,36]",C:\Users\c\Desktop\대학생활\학연생\Approach_Departure\자료\결과물\Polygon\12.5\안전지대\9\Polygon_9.shp,5
9,181,14,5,"[5,18,23,27,36]",C:\Users\c\Desktop\대학생활\학연생\Approach_Departure\자료\결과물\Polygon\12.5\안전지대\9\Polygon_9.shp,6
9,182,14,5,"[5,18,23,27,36]",C:\Users\c\Desktop\대학생활\학연생\Approach_Departure\자료\결과물\Polygon\12.5\안전지대\9\Polygon_9.shp,7
9,183,14,5,"[5,18,23,27,36]",C:\Users\c\Desktop\대학생활\학연생\Approach_Departure\자료\결과물\Polygon\12.5\안전지대\9\Polygon_9.shp,8
9,184,14,5,"[5,18,23,27,36]",C:\Users\c\Desktop\대학생활\학연생\Approach_Departure\자료\결과물\Polygon\12.5\안전지대\9\Polygon_9.shp,9
9,185,14,5,"[5,18,23,27,36]",C:\Users\c\Desktop\대학생활\학연생\Approach_Departure\자료\결과물\Polygon\12.5\안전지대\9\Polygon_9.shp,10
12,321,25,5,"[2,8,20,26,30]",C:\Users\c\Desktop\대학생활\학연생\Approach_Departure\자료\결과물\Polygon\12.5\안전지대\12\Polygon_12.shp,3
15,0,274,5,"[7,17,25,33,35]",C:\Users\c\Desktop\대학생활\학연생\Approach_Departure\자료\결과물\Polygon\12.5\안전지대\15\Polygon_15.shp,1
15,1,277,5,"[7,17,25,33,35]",C:\Users\c\Desktop\대학생활\학연생\Approach_Departure\자료\결과물\Polygon\12.5\안전지대\15\Polygon_15.shp,2
15,2,278,5,"[7,17,25,33,35]",C:\Users\c\Desktop\대학생활\학연생\Approach_Departure\자료\결과물\Polygon\12.5\안전지대\15\Polygon_15.shp,3
15,75,208,5,"[7,17,25,33,35]",C:\Users\c\Desktop\대학생활\학연생\Approach_Departure\자료\결과물\Polygon\12.5\안전지대\15\Polygon_15.shp,4
15,76,205,5,"[7,17,25,33,35]",C:\Users\c\Desktop\대학생활\학연생\Approach_Departure\자료\결과물\Polygon\12.5\안전지대\15\Polygon_15.shp,5
15,77,204,5,"[7,17,25,33,35]",C:\Users\c\Desktop\대학생활\학연생\Approach_Departure\자료\결과물\Polygon\12.5\안전지대\15\Polygon_15.shp,6
15,78,202,5,"[7,17,25,33,35]",C:\Users\c\Desktop\대학생활\학연생\Approach_Departure\자료\결과물\Polygon\12.5\안전지대\15\Polygon_15.shp,7
15,79,200,5,"[7,17,25,33,35]",C:\Users\c\Desktop\대학생활\학연생\Approach_Departure\자료\결과물\Polygon\12.5\안전지대\15\Polygon_15.shp,8
15,80,198,5,"[7,17,25,33,35]",C:\Users\c\Desktop\대학생활\학연생\Approach_Departure\자료\결과물\Polygon\12.5\안전지대\15\Polygon_15.shp,9
15,81,196,5,"[7,17,25,33,35]",C:\Users\c\Desktop\대학생활\학연생\Approach_Departure\자료\결과물\Polygon\12.5\안전지대\15\Polygon_15.shp,10
15,82,194,5,"[7,17,25,33,35]",C:\Users\c\Desktop\대학생활\학연생\Approach_Departure\자료\결과물\Polygon\12.5\안전지대\15\Polygon_15.shp,11
15,83,192,5,"[7,17,25,33,35]",C:\Users\c\Desktop\대학생활\학연생\Approach_Departure\자료\결과물\Polygon\12.5\안전지대\15\Polygon_15.shp,12
15,84,190,5,"[7,17,25,33,35]",C:\Users\c\Desktop\대학생활\학연생\Approach_Departure\자료\결과물\Polygon\12.5\안전지대\15\Polygon_15.shp,13
15,85,186,5,"[7,17,25,33,35]",C:\Users\c\Desktop\대학생활\학연생\Approach_Departure\자료\결과물\Polygon\12.5\안전지대\15\Polygon_15.shp,14
15,86,184,5,"[7,17,25,33,35]",C:\Users\c\Desktop\대학생활\학연생\Approach_Departure\자료\결과물\Polygon\12.5\안전지대\15\Polygon_15.shp,15
15,87,182,5,"[7,17,25,33,35]",C:\Users\c\Desktop\대학생활\학연생\Approach_Departure\자료\결과물\Polygon\12.5\안전지대\15\Polygon_15.shp,16
15,88,180,5,"[7,17,25,33,35]",C:\Users\c\Desktop\대학생활\학연생\Approach_Departure\자료\결과물\Polygon\12.5\안전지대\15\Polygon_15.shp,17
15,89,178,5,"[7,17,25,33,35]",C:\Users\c\Desktop\대학생활\학연생\Approach_Departure\자료\결과물\Polygon\12.5\안전지대\15\Polygon_15.shp,18
15,90,176,5,"[7,17,25,33,35]",C:\Users\c\Desktop\대학생활\학연생\Approach_Departure\자료\결과물\Polygon\12.5\안전지대\15\Polygon_15.shp,19
15,91,174,5,"[7,17,25,33,35]",C:\Users\c\Desktop\대학생활\학연생\Approach_Departure\자료\결과물\Polygon\12.5\안전지대\15\Polygon_15.shp,20
15,92,172,5,"[7,17,25,33,35]",C:\Users\c\Desktop\대학생활\학연생\Approach_Departure\자료\결과물\Polygon\12.5\안전지대\15\Polygon_15.shp,21
15,93,170,5,"[7,17,25,33,35]",C:\Users\c\Desktop\대학생활\학연생\Approach_Departure\자료\결과물\Polygon\12.5\안전지대\15\Polygon_15.shp,22
15,94,168,5,"[7,17,25,33,35]",C:\Users\c\Desktop\대학생활\학연생\Approach_Departure\자료\결과물\Polygon\12.5\안전지대\15\Polygon_15.shp,23
15,95,164,5,"[7,17,25,33,35]",C:\Users\c\Desktop\대학생활\학연생\Approach_Departure\자료\결과물\Polygon\12.5\안전지대\15\Polygon_15.shp,24
15,96,162,5,"[7,17,25,33,35]",C:\Users\c\Desktop\대학생활\학연생\Approach_Departure\자료\결과물\Polygon\12.5\안전지대\15\Polygon_15.shp,25
15,97,160,5,"[7,17,25,33,35]",C:\Users\c\Desktop\대학생활\학연생\Approach_Departure\자료\결과물\Polygon\12.5\안전지대\15\Polygon_15.shp,26
15,98,158,5,"[7,17,25,33,35]",C:\Users\c\Desktop\대학생활\학연생\Approach_Departure\자료\결과물\Polygon\12.5\안전지대\15\Polygon_15.shp,27
15,99,156,5,"[7,17,25,33,35]",C:\Users\c\Desktop\대학생활\학연생\Approach_Departure\자료\결과물\Polygon\12.5\안전지대\15\Polygon_15.shp,28
15,100,154,5,"[7,17,25,33,35]",C:\Users\c\Desktop\대학생활\학연생\Approach_Departure\자료\결과물\Polygon\12.5\안전지대\15\Polygon_15.shp,29
15,101,152,5,"[7,17,25,33,35]",C:\Users\c\Desktop\대학생활\학연생\Approach_Departure\자료\결과물\Polygon\12.5\안전지대\15\Polygon_15.shp,30
15,102,150,5,"[7,17,25,33,35]",C:\Users\c\Desktop\대학생활\학연생\Approach_Departure\자료\결과물\Polygon\12.5\안전지대\15\Polygon_15.shp,31
15,103,148,5,"[7,17,25,33,35]",C:\Users\c\Desktop\대학생활\학연생\Approach_Departure\자료\결과물\Polygon\12.5\안전지대\15\Polygon_15.shp,32
15,104,146,5,"[7,17,25,33,35]",C:\Users\c\Desktop\대학생활\학연생\Approach_Departure\자료\결과물\Polygon\12.5\안전지대\15\Polygon_15.shp,33
15,105,144,5,"[7,17,25,33,35]",C:\Users\c\Desktop\대학생활\학연생\Approach_Departure\자료\결과물\Polygon\12.5\안전지대\15\Polygon_15.shp,34
15,106,142,5,"[7,17,25,33,35]",C:\Users\c\Desktop\대학생활\학연생\Approach_Departure\자료\결과물\Polygon\12.5\안전지대\15\Polygon_15.shp,35
15,107,139,5,"[7,17,25,33,35]",C:\Users\c\Desktop\대학생활\학연생\Approach_Departure\자료\결과물\Polygon\12.5\안전지대\15\Polygon_15.shp,36
15,108,134,5,"[7,17,25,33,35]",C:\Users\c\Desktop\대학생활\학연생\Approach_Departure\자료\결과물\Polygon\12.5\안전지대\15\Polygon_15.shp,37
15,290,126,5,"[7,17,25,33,35]",C:\Users\c\Desktop\대학생활\학연생\Approach_Departure\자료\결과물\Polygon\12.5\안전지대\15\Polygon_15.shp,38
15,291,129,5,"[7,17,25,33,35]",C:\Users\c\Desktop\대학생활\학연생\Approach_Departure\자료\결과물\Polygon\12.5\안전지대\15\Polygon_15.shp,39
15,292,132,5,"[7,17,25,33,35]",C:\Users\c\Desktop\대학생활\학연생\Approach_Departure\자료\결과물\Polygon\12.5\안전지대\15\Polygon_15.shp,40
15,293,135,5,"[7,17,25,33,35]",C:\Users\c\Desktop\대학생활\학연생\Approach_Departure\자료\결과물\Polygon\12.5\안전지대\15\Polygon_15.shp,41
15,294,138,5,"[7,17,25,33,35]",C:\Users\c\Desktop\대학생활\학연생\Approach_Departure\자료\결과물\Polygon\12.5\안전지대\15\Polygon_15.shp,42
15,295,141,5,"[7,17,25,33,35]",C:\Users\c\Desktop\대학생활\학연생\Approach_Departure\자료\결과물\Polygon\12.5\안전지대\15\Polygon_15.shp,43
15,296,144,5,"[7,17,25,33,35]",C:\Users\c\Desktop\대학생활\학연생\Approach_Departure\자료\결과물\Polygon\12.5\안전지대\15\Polygon_15.shp,44
15,297,147,5,"[7,17,25,33,35]",C:\Users\c\Desktop\대학생활\학연생\Approach_Departure\자료\결과물\Polygon\12.5\안전지대\15\Polygon_15.shp,45
15,298,150,5,"[7,17,25,33,35]",C:\Users\c\Desktop\대학생활\학연생\Approach_Departure\자료\결과물\Polygon\12.5\안전지대\15\Polygon_15.shp,46
15,299,153,5,"[7,17,25,33,35]",C:\Users\c\Desktop\대학생활\학연생\Approach_Departure\자료\결과물\Polygon\12.5\안전지대\15\Polygon_15.shp,47
15,300,156,5,"[7,17,25,33,35]",C:\Users\c\Desktop\대학생활\학연생\Approach_Departure\자료\결과물\Polygon\12.5\안전지대\15\Polygon_15.shp,48
15,301,159,5,"[7,17,25,33,35]",C:\Users\c\Desktop\대학생활\학연생\Approach_Departure\자료\결과물\Polygon\12.5\안전지대\15\Polygon_15.shp,49
15,302,162,5,"[7,17,25,33,35]",C:\Users\c\Desktop\대학생활\학연생\Approach_Departure\자료\결과물\Polygon\12.5\안전지대\15\Polygon_15.shp,50
15,303,165,5,"[7,17,25,33,35]",C:\Users\c\Desktop\대학생활\학연생\Approach_Departure\자료\결과물\Polygon\12.5\안전지대\15\Polygon_15.shp,51
15,304,168,5,"[7,17,25,33,35]",C:\Users\c\Desktop\대학생활\학연생\Approach_Departure\자료\결과물\Polygon\12.5\안전지대\15\Polygon_15.shp,52
15,305,171,5,"[7,17,25,33,35]",C:\Users\c\Desktop\대학생활\학연생\Approach_Departure\자료\결과물\Polygon\12.5\안전지대\15\Polygon_15.shp,53
15,306,174,5,"[7,17,25,33,35]",C:\Users\c\Desktop\대학생활\학연생\Approach_Departure\자료\결과물\Polygon\12.5\안전지대\15\Polygon_15.shp,54
15,307,177,5,"[7,17,25,33,35]",C:\Users\c\Desktop\대학생활\학연생\Approach_Departure\자료\결과물\Polygon\12.5\안전지대\15\Polygon_15.shp,55
15,308,180,5,"[7,17,25,33,35]",C:\Users\c\Desktop\대학생활\학연생\Approach_Departure\자료\결과물\Polygon\12.5\안전지대\15\Polygon_15.shp,56
15,309,183,5,"[7,17,25,33,35]",C:\Users\c\Desktop\대학생활\학연생\Approach_Departure\자료\결과물\Polygon\12.5\안전지대\15\Polygon_15.shp,57
15,310,186,5,"[7,17,25,33,35]",C:\Users\c\Desktop\대학생활\학연생\Approach_Departure\자료\결과물\Polygon\12.5\안전지대\15\Polygon_15.shp,58
15,311,189,5,"[7,17,25,33,35]",C:\Users\c\Desktop\대학생활\학연생\Approach_Departure\자료\결과물\Polygon\12.5\안전지대\15\Polygon_15.shp,59
15,312,192,5,"[7,17,25,33,35]",C:\Users\c\Desktop\대학생활\학연생\Approach_Departure\자료\결과물\Polygon\12.5\안전지대\15\Polygon_15.shp,60
15,313,195,5,"[7,17,25,33,35]",C:\Users\c\Desktop\대학생활\학연생\Approach_Departure\자료\결과물\Polygon\12.5\안전지대\15\Polygon_15.shp,61
15,314,198,5,"[7,17,25,33,35]",C:\Users\c\Desktop\대학생활\학연생\Approach_Departure\자료\결과물\Polygon\12.5\안전지대\15\Polygon_15.shp,62
15,315,201,5,"[7,17,25,33,35]",C:\Users\c\Desktop\대학생활\학연생\Approach_Departure\자료\결과물\Polygon\12.5\안전지대\15\Polygon_15.shp,63
15,316,204,5,"[7,17,25,33,35]",C:\Users\c\Desktop\대학생활\학연생\Approach_Departure\자료\결과물\Polygon\12.5\안전지대\15\Polygon_15.shp,64
15,317,207,5,"[7,17,25,33,35]",C:\Users\c\Desktop\대학생활\학연생\Approach_Departure\자료\결과물\Polygon\12.5\안전지대\15\Polygon_15.shp,65
15,318,212,5,"[7,17,25,33,35]",C:\Users\c\Desktop\대학생활\학연생\Approach_Departure\자료\결과물\Polygon\12.5\안전지대\15\Polygon_15.shp,66
15,319,215,5,"[7,17,25,33,35]",C:\Users\c\Desktop\대학생활\학연생\Approach_Departure\자료\결과물\Polygon\12.5\안전지대\15\Polygon_15.shp,67
15,320,218,5,"[7,17,25,33,35]",C:\Users\c\Desktop\대학생활\학연생\Approach_Departure\자료\결과물\Polygon\12.5\안전지대\15\Polygon_15.shp,68
15,321,221,5,"[7,17,25,33,35]",C:\Users\c\Desktop\대학생활\학연생\Approach_Departure\자료\결과물\Polygon\12.5\안전지대\15\Polygon_15.shp,69
15,322,223,5,"[7,17,25,33,35]",C:\Users\c\Desktop\대학생활\학연생\Approach_Departure\자료\결과물\Polygon\12.5\안전지대\15\Polygon_15.shp,70
15,323,225,5,"[7,17,25,33,35]",C:\Users\c\Desktop\대학생활\학연생\Approach_Departure\자료\결과물\Polygon\12.5\안전지대\15\Polygon_15.shp,71
15,324,227,5,"[7,17,25,33,35]",C:\Users\c\Desktop\대학생활\학연생\Approach_Departure\자료\결과물\Polygon\12.5\안전지대\15\Polygon_15.shp,72
15,325,229,5,"[7,17,25,33,35]",C:\Users\c\Desktop\대학생활\학연생\Approach_Departure\자료\결과물\Polygon\12.5\안전지대\15\Polygon_15.shp,73
15,326,231,5,"[7,17,25,33,35]",C:\Users\c\Desktop\대학생활\학연생\Approach_Departure\자료\결과물\Polygon\12.5\안전지대\15\Polygon_15.shp,74
15,327,233,5,"[7,17,25,33,35]",C:\Users\c\Desktop\대학생활\학연생\Approach_Departure\자료\결과물\Polygon\12.5\안전지대\15\Polygon_15.shp,75
15,328,235,5,"[7,17,25,33,35]",C:\Users\c\Desktop\대학생활\학연생\Approach_Departure\자료\결과물\Polygon\12.5\안전지대\15\Polygon_15.shp,76
15,329,237,5,"[7,17,25,33,35]",C:\Users\c\Desktop\대학생활\학연생\Approach_Departure\자료\결과물\Polygon\12.5\안전지대\15\Polygon_15.shp,77
15,330,239,5,"[7,17,25,33,35]",C:\Users\c\Desktop\대학생활\학연생\Approach_Departure\자료\결과물\Polygon\12.5\안전지대\15\Polygon_15.shp,78
15,331,241,5,"[7,17,25,33,35]",C:\Users\c\Desktop\대학생활\학연생\Approach_Departure\자료\결과물\Polygon\12.5\안전지대\15\Polygon_15.shp,79
15,332,242,5,"[7,17,25,33,35]",C:\Users\c\Desktop\대학생활\학연생\Approach_Departure\자료\결과물\Polygon\12.5\안전지대\15\Polygon_15.shp,80
15,333,243,5,"[7,17,25,33,35]",C:\Users\c\Desktop\대학생활\학연생\Approach_Departure\자료\결과물\Polygon\12.5\안전지대\15\Polygon_15.shp,81
15,334,244,5,"[7,17,25,33,35]",C:\Users\c\Desktop\대학생활\학연생\Approach_Departure\자료\결과물\Polygon\12.5\안전지대\15\Polygon_15.shp,82
15,335,245,5,"[7,17,25,33,35]",C:\Users\c\Desktop\대학생활\학연생\Approach_Departure\자료\결과물\Polygon\12.5\안전지대\15\Polygon_15.shp,83
15,336,246,5,"[7,17,25,33,35]",C:\Users\c\Desktop\대학생활\학연생\Approach_Departure\자료\결과물\Polygon\12.5\안전지대\15\Polygon_15.shp,84
15,337,247,5,"[7,17,25,33,35]",C:\Users\c\Desktop\대학생활\학연생\Approach_Departure\자료\결과물\Polygon\12.5\안전지대\15\Polygon_15.shp,85
15,338,250,5,"[7,17,25,33,35]",C:\Users\c\Desktop\대학생활\학연생\Approach_Departure\자료\결과물\Polygon\12.5\안전지대\15\Polygon_15.shp,86
15,339,251,5,"[7,17,25,33,35]",C:\Users\c\Desktop\대학생활\학연생\Approach_Departure\자료\결과물\Polygon\12.5\안전지대\15\Polygon_15.shp,87
15,340,252,5,"[7,17,25,33,35]",C:\Users\c\Desktop\대학생활\학연생\Approach_Departure\자료\결과물\Polygon\12.5\안전지대\15\Polygon_15.shp,88
15,341,253,5,"[7,17,25,33,35]",C:\Users\c\Desktop\대학생활\학연생\Approach_Departure\자료\결과물\Polygon\12.5\안전지대\15\Polygon_15.shp,89
15,342,254,5,"[7,17,25,33,35]",C:\Users\c\Desktop\대학생활\학연생\Approach_Departure\자료\결과물\Polygon\12.5\안전지대\15\Polygon_15.shp,90
15,343,255,5,"[7,17,25,33,35]",C:\Users\c\Desktop\대학생활\학연생\Approach_Departure\자료\결과물\Polygon\12.5\안전지대\15\Polygon_15.shp,91
15,344,256,5,"[7,17,25,33,35]",C:\Users\c\Desktop\대학생활\학연생\Approach_Departure\자료\결과물\Polygon\12.5\안전지대\15\Polygon_15.shp,92
15,345,257,5,"[7,17,25,33,35]",C:\Users\c\Desktop\대학생활\학연생\Approach_Departure\자료\결과물\Polygon\12.5\안전지대\15\Polygon_15.shp,93
15,346,258,5,"[7,17,25,33,35]",C:\Users\c\Desktop\대학생활\학연생\Approach_Departure\자료\결과물\Polygon\12.5\안전지대\15\Polygon_15.shp,94
15,347,259,5,"[7,17,25,33,35]",C:\Users\c\Desktop\대학생활\학연생\Approach_Departure\자료\결과물\Polygon\12.5\안전지대\15\Polygon_15.shp,95
15,348,260,5,"[7,17,25,33,35]",C:\Users\c\Desktop\대학생활\학연생\Approach_Departure\자료\결과물\Polygon\12.5\안전지대\15\Polygon_15.shp,96
15,349,261,5,"[7,17,25,33,35]",C:\Users\c\Desktop\대학생활\학연생\Approach_Departure\자료\결과물\Polygon\12.5\안전지대\15\Polygon_15.shp,97
15,350,262,5,"[7,17,25,33,35]",C:\Users\c\Desktop\대학생활\학연생\Approach_Departure\자료\결과물\Polygon\12.5\안전지대\15\Polygon_15.shp,98
15,351,265,5,"[7,17,25,33,35]",C:\Users\c\Desktop\대학생활\학연생\Approach_Departure\자료\결과물\Polygon\12.5\안전지대\15\Polygon_15.shp,99
15,352,266,5,"[7,17,25,33,35]",C:\Users\c\Desktop\대학생활\학연생\Approach_Departure\자료\결과물\Polygon\12.5\안전지대\15\Polygon_15.shp,100
15,353,267,5,"[7,17,25,33,35]",C:\Users\c\Desktop\대학생활\학연생\Approach_Departure\자료\결과물\Polygon\12.5\안전지대\15\Polygon_15.shp,101
15,354,268,5,"[7,17,25,33,35]",C:\Users\c\Desktop\대학생활\학연생\Approach_Departure\자료\결과물\Polygon\12.5\안전지대\15\Polygon_15.shp,102
15,355,269,5,"[7,17,25,33,35]",C:\Users\c\Desktop\대학생활\학연생\Approach_Departure\자료\결과물\Polygon\12.5\안전지대\15\Polygon_15.shp,103
15,356,270,5,"[7,17,25,33,35]",C:\Users\c\Desktop\대학생활\학연생\Approach_Departure\자료\결과물\Polygon\12.5\안전지대\15\Polygon_15.shp,104
15,357,271,5,"[7,17,25,33,35]",C:\Users\c\Desktop\대학생활\학연생\Approach_Departure\자료\결과물\Polygon\12.5\안전지대\15\Polygon_15.shp,105
15,358,272,5,"[7,17,25,33,35]",C:\Users\c\Desktop\대학생활\학연생\Approach_Departure\자료\결과물\Polygon\12.5\안전지대\15\Polygon_15.shp,106
15,359,273,5,"[7,17,25,33,35]",C:\Users\c\Desktop\대학생활\학연생\Approach_Departure\자료\결과물\Polygon\12.5\안전지대\15\Polygon_15.shp,107
17,0,141,5,"[7,15,25,33,35]",C:\Users\c\Desktop\대학생활\학연생\Approach_Departure\자료\결과물\Polygon\12.5\안전지대\17\Polygon_17.shp,14
17,1,139,5,"[7,15,25,33,35]",C:\Users\c\Desktop\대학생활\학연생\Approach_Departure\자료\결과물\Polygon\12.5\안전지대\17\Polygon_17.shp,15
17,2,137,5,"[7,15,25,33,35]",C:\Users\c\Desktop\대학생활\학연생\Approach_Departure\자료\결과물\Polygon\12.5\안전지대\17\Polygon_17.shp,16
17,3,135,5,"[7,15,25,33,35]",C:\Users\c\Desktop\대학생활\학연생\Approach_Departure\자료\결과물\Polygon\12.5\안전지대\17\Polygon_17.shp,17
17,4,133,5,"[7,15,25,33,35]",C:\Users\c\Desktop\대학생활\학연생\Approach_Departure\자료\결과물\Polygon\12.5\안전지대\17\Polygon_17.shp,18
17,5,133,5,"[7,15,25,33,35]",C:\Users\c\Desktop\대학생활\학연생\Approach_Departure\자료\결과물\Polygon\12.5\안전지대\17\Polygon_17.shp,19
17,6,131,5,"[7,15,25,33,35]",C:\Users\c\Desktop\대학생활\학연생\Approach_Departure\자료\결과물\Polygon\12.5\안전지대\17\Polygon_17.shp,20
17,7,129,5,"[7,15,25,33,35]",C:\Users\c\Desktop\대학생활\학연생\Approach_Departure\자료\결과물\Polygon\12.5\안전지대\17\Polygon_17.shp,21
17,8,127,5,"[7,15,25,33,35]",C:\Users\c\Desktop\대학생활\학연생\Approach_Departure\자료\결과물\Polygon\12.5\안전지대\17\Polygon_17.shp,22
17,9,125,5,"[7,15,25,33,35]",C:\Users\c\Desktop\대학생활\학연생\Approach_Departure\자료\결과물\Polygon\12.5\안전지대\17\Polygon_17.shp,23
17,10,123,5,"[7,15,25,33,35]",C:\Users\c\Desktop\대학생활\학연생\Approach_Departure\자료\결과물\Polygon\12.5\안전지대\17\Polygon_17.shp,24
17,11,121,5,"[7,15,25,33,35]",C:\Users\c\Desktop\대학생활\학연생\Approach_Departure\자료\결과물\Polygon\12.5\안전지대\17\Polygon_17.shp,25
17,12,119,5,"[7,15,25,33,35]",C:\Users\c\Desktop\대학생활\학연생\Approach_Departure\자료\결과물\Polygon\12.5\안전지대\17\Polygon_17.shp,26
17,13,117,5,"[7,15,25,33,35]",C:\Users\c\Desktop\대학생활\학연생\Approach_Departure\자료\결과물\Polygon\12.5\안전지대\17\Polygon_17.shp,27
17,14,115,5,"[7,15,25,33,35]",C:\Users\c\Desktop\대학생활\학연생\Approach_Departure\자료\결과물\Polygon\12.5\안전지대\17\Polygon_17.shp,28
17,15,113,5,"[7,15,25,33,35]",C:\Users\c\Desktop\대학생활\학연생\Approach_Departure\자료\결과물\Polygon\12.5\안전지대\17\Polygon_17.shp,29
17,16,111,5,"[7,15,25,33,35]",C:\Users\c\Desktop\대학생활\학연생\Approach_Departure\자료\결과물\Polygon\12.5\안전지대\17\Polygon_17.shp,30
17,17,109,5,"[7,15,25,33,35]",C:\Users\c\Desktop\대학생활\학연생\Approach_Departure\자료\결과물\Polygon\12.5\안전지대\17\Polygon_17.shp,31
17,18,107,5,"[7,15,25,33,35]",C:\Users\c\Desktop\대학생활\학연생\Approach_Departure\자료\결과물\Polygon\12.5\안전지대\17\Polygon_17.shp,32
17,19,107,5,"[7,15,25,33,35]",C:\Users\c\Desktop\대학생활\학연생\Approach_Departure\자료\결과물\Polygon\12.5\안전지대\17\Polygon_17.shp,33
17,20,105,5,"[7,15,25,33,35]",C:\Users\c\Desktop\대학생활\학연생\Approach_Departure\자료\결과물\Polygon\12.5\안전지대\17\Polygon_17.shp,34
17,21,103,5,"[7,15,25,33,35]",C:\Users\c\Desktop\대학생활\학연생\Approach_Departure\자료\결과물\Polygon\12.5\안전지대\17\Polygon_17.shp,35
17,22,101,5,"[7,15,25,33,35]",C:\Users\c\Desktop\대학생활\학연생\Approach_Departure\자료\결과물\Polygon\12.5\안전지대\17\Polygon_17.shp,36
17,23,99,5,"[7,15,25,33,35]",C:\Users\c\Desktop\대학생활\학연생\Approach_Departure\자료\결과물\Polygon\12.5\안전지대\17\Polygon_17.shp,37
17,24,97,5,"[7,15,25,33,35]",C:\Users\c\Desktop\대학생활\학연생\Approach_Departure\자료\결과물\Polygon\12.5\안전지대\17\Polygon_17.shp,38
17,25,95,5,"[7,15,25,33,35]",C:\Users\c\Desktop\대학생활\학연생\Approach_Departure\자료\결과물\Polygon\12.5\안전지대\17\Polygon_17.shp,39
17,26,91,5,"[7,15,25,33,35]",C:\Users\c\Desktop\대학생활\학연생\Approach_Departure\자료\결과물\Polygon\12.5\안전지대\17\Polygon_17.shp,40
17,27,87,5,"[7,15,25,33,35]",C:\Users\c\Desktop\대학생활\학연생\Approach_Departure\자료\결과물\Polygon\12.5\안전지대\17\Polygon_17.shp,41
17,28,85,5,"[7,15,25,33,35]",C:\Users\c\Desktop\대학생활\학연생\Approach_Departure\자료\결과물\Polygon\12.5\안전지대\17\Polygon_17.shp,42
17,29,81,5,"[7,15,25,33,35]",C:\Users\c\Desktop\대학생활\학연생\Approach_Departure\자료\결과물\Polygon\12.5\안전지대\17\Polygon_17.shp,43
17,30,79,5,"[7,15,25,33,35]",C:\Users\c\Desktop\대학생활\학연생\Approach_Departure\자료\결과물\Polygon\12.5\안전지대\17\Polygon_17.shp,44
17,31,75,5,"[7,15,25,33,35]",C:\Users\c\Desktop\대학생활\학연생\Approach_Departure\자료\결과물\Polygon\12.5\안전지대\17\Polygon_17.shp,45
17,45,71,5,"[7,15,25,33,35]",C:\Users\c\Desktop\대학생활\학연생\Approach_Departure\자료\결과물\Polygon\12.5\안전지대\17\Polygon_17.shp,46
17,46,73,5,"[7,15,25,33,35]",C:\Users\c\Desktop\대학생활\학연생\Approach_Departure\자료\결과물\Polygon\12.5\안전지대\17\Polygon_17.shp,47
17,47,77,5,"[7,15,25,33,35]",C:\Users\c\Desktop\대학생활\학연생\Approach_Departure\자료\결과물\Polygon\12.5\안전지대\17\Polygon_17.shp,48
17,48,81,5,"[7,15,25,33,35]",C:\Users\c\Desktop\대학생활\학연생\Approach_Departure\자료\결과물\Polygon\12.5\안전지대\17\Polygon_17.shp,49
17,49,83,5,"[7,15,25,33,35]",C:\Users\c\Desktop\대학생활\학연생\Approach_Departure\자료\결과물\Polygon\12.5\안전지대\17\Polygon_17.shp,50
17,50,87,5,"[7,15,25,33,35]",C:\Users\c\Desktop\대학생활\학연생\Approach_Departure\자료\결과물\Polygon\12.5\안전지대\17\Polygon_17.shp,51
17,51,91,5,"[7,15,25,33,35]",C:\Users\c\Desktop\대학생활\학연생\Approach_Departure\자료\결과물\Polygon\12.5\안전지대\17\Polygon_17.shp,52
17,52,95,5,"[7,15,25,33,35]",C:\Users\c\Desktop\대학생활\학연생\Approach_Departure\자료\결과물\Polygon\12.5\안전지대\17\Polygon_17.shp,53
17,53,99,5,"[7,15,25,33,35]",C:\Users\c\Desktop\대학생활\학연생\Approach_Departure\자료\결과물\Polygon\12.5\안전지대\17\Polygon_17.shp,54
17,54,101,5,"[7,15,25,33,35]",C:\Users\c\Desktop\대학생활\학연생\Approach_Departure\자료\결과물\Polygon\12.5\안전지대\17\Polygon_17.shp,55
17,55,103,5,"[7,15,25,33,35]",C:\Users\c\Desktop\대학생활\학연생\Approach_Departure\자료\결과물\Polygon\12.5\안전지대\17\Polygon_17.shp,56
17,56,103,5,"[7,15,25,33,35]",C:\Users\c\Desktop\대학생활\학연생\Approach_Departure\자료\결과물\Polygon\12.5\안전지대\17\Polygon_17.shp,57
17,57,105,5,"[7,15,25,33,35]",C:\Users\c\Desktop\대학생활\학연생\Approach_Departure\자료\결과물\Polygon\12.5\안전지대\17\Polygon_17.shp,58
17,58,107,5,"[7,15,25,33,35]",C:\Users\c\Desktop\대학생활\학연생\Approach_Departure\자료\결과물\Polygon\12.5\안전지대\17\Polygon_17.shp,59
17,59,109,5,"[7,15,25,33,35]",C:\Users\c\Desktop\대학생활\학연생\Approach_Departure\자료\결과물\Polygon\12.5\안전지대\17\Polygon_17.shp,60
17,60,111,5,"[7,15,25,33,35]",C:\Users\c\Desktop\대학생활\학연생\Approach_Departure\자료\결과물\Polygon\12.5\안전지대\17\Polygon_17.shp,61
17,61,113,5,"[7,15,25,33,35]",C:\Users\c\Desktop\대학생활\학연생\Approach_Departure\자료\결과물\Polygon\12.5\안전지대\17\Polygon_17.shp,62
17,62,115,5,"[7,15,25,33,35]",C:\Users\c\Desktop\대학생활\학연생\Approach_Departure\자료\결과물\Polygon\12.5\안전지대\17\Polygon_17.shp,63
17,63,117,5,"[7,15,25,33,35]",C:\Users\c\Desktop\대학생활\학연생\Approach_Departure\자료\결과물\Polygon\12.5\안전지대\17\Polygon_17.shp,64
17,64,119,5,"[7,15,25,33,35]",C:\Users\c\Desktop\대학생활\학연생\Approach_Departure\자료\결과물\Polygon\12.5\안전지대\17\Polygon_17.shp,65
17,65,121,5,"[7,15,25,33,35]",C:\Users\c\Desktop\대학생활\학연생\Approach_Departure\자료\결과물\Polygon\12.5\안전지대\17\Polygon_17.shp,66
17,66,123,5,"[7,15,25,33,35]",C:\Users\c\Desktop\대학생활\학연생\Approach_Departure\자료\결과물\Polygon\12.5\안전지대\17\Polygon_17.shp,67
17,67,123,5,"[7,15,25,33,35]",C:\Users\c\Desktop\대학생활\학연생\Approach_Departure\자료\결과물\Polygon\12.5\안전지대\17\Polygon_17.shp,68
17,68,125,5,"[7,15,25,33,35]",C:\Users\c\Desktop\대학생활\학연생\Approach_Departure\자료\결과물\Polygon\12.5\안전지대\17\Polygon_17.shp,69
17,69,127,5,"[7,15,25,33,35]",C:\Users\c\Desktop\대학생활\학연생\Approach_Departure\자료\결과물\Polygon\12.5\안전지대\17\Polygon_17.shp,70
17,70,129,5,"[7,15,25,33,35]",C:\Users\c\Desktop\대학생활\학연생\Approach_Departure\자료\결과물\Polygon\12.5\안전지대\17\Polygon_17.shp,71
17,71,131,5,"[7,15,25,33,35]",C:\Users\c\Desktop\대학생활\학연생\Approach_Departure\자료\결과물\Polygon\12.5\안전지대\17\Polygon_17.shp,72
17,72,133,5,"[7,15,25,33,35]",C:\Users\c\Desktop\대학생활\학연생\Approach_Departure\자료\결과물\Polygon\12.5\안전지대\17\Polygon_17.shp,73
17,73,135,5,"[7,15,25,33,35]",C:\Users\c\Desktop\대학생활\학연생\Approach_Departure\자료\결과물\Polygon\12.5\안전지대\17\Polygon_17.shp,74
17,74,137,5,"[7,15,25,33,35]",C:\Users\c\Desktop\대학생활\학연생\Approach_Departure\자료\결과물\Polygon\12.5\안전지대\17\Polygon_17.shp,75
17,75,139,5,"[7,15,25,33,35]",C:\Users\c\Desktop\대학생활\학연생\Approach_Departure\자료\결과물\Polygon\12.5\안전지대\17\Polygon_17.shp,76
17,76,141,5,"[7,15,25,33,35]",C:\Users\c\Desktop\대학생활\학연생\Approach_Departure\자료\결과물\Polygon\12.5\안전지대\17\Polygon_17.shp,77
17,77,143,5,"[7,15,25,33,35]",C:\Users\c\Desktop\대학생활\학연생\Approach_Departure\자료\결과물\Polygon\12.5\안전지대\17\Polygon_17.shp,78
17,78,145,5,"[7,15,25,33,35]",C:\Users\c\Desktop\대학생활\학연생\Approach_Departure\자료\결과물\Polygon\12.5\안전지대\17\Polygon_17.shp,79
17,79,147,5,"[7,15,25,33,35]",C:\Users\c\Desktop\대학생활\학연생\Approach_Departure\자료\결과물\Polygon\12.5\안전지대\17\Polygon_17.shp,80
17,80,149,5,"[7,15,25,33,35]",C:\Users\c\Desktop\대학생활\학연생\Approach_Departure\자료\결과물\Polygon\12.5\안전지대\17\Polygon_17.shp,81
17,81,149,5,"[7,15,25,33,35]",C:\Users\c\Desktop\대학생활\학연생\Approach_Departure\자료\결과물\Polygon\12.5\안전지대\17\Polygon_17.shp,82
17,82,151,5,"[7,15,25,33,35]",C:\Users\c\Desktop\대학생활\학연생\Approach_Departure\자료\결과물\Polygon\12.5\안전지대\17\Polygon_17.shp,83
17,83,151,5,"[7,15,25,33,35]",C:\Users\c\Desktop\대학생활\학연생\Approach_Departure\자료\결과물\Polygon\12.5\안전지대\17\Polygon_17.shp,84
17,84,151,5,"[7,15,25,33,35]",C:\Users\c\Desktop\대학생활\학연생\Approach_Departure\자료\결과물\Polygon\12.5\안전지대\17\Polygon_17.shp,85
17,85,151,5,"[7,15,25,33,35]",C:\Users\c\Desktop\대학생활\학연생\Approach_Departure\자료\결과물\Polygon\12.5\안전지대\17\Polygon_17.shp,86
17,86,151,5,"[7,15,25,33,35]",C:\Users\c\Desktop\대학생활\학연생\Approach_Departure\자료\결과물\Polygon\12.5\안전지대\17\Polygon_17.shp,87
17,87,151,5,"[7,15,25,33,35]",C:\Users\c\Desktop\대학생활\학연생\Approach_Departure\자료\결과물\Polygon\12.5\안전지대\17\Polygon_17.shp,88
17,88,151,5,"[7,15,25,33,35]",C:\Users\c\Desktop\대학생활\학연생\Approach_Departure\자료\결과물\Polygon\12.5\안전지대\17\Polygon_17.shp,89
17,89,151,5,"[7,15,25,33,35]",C:\Users\c\Desktop\대학생활\학연생\Approach_Departure\자료\결과물\Polygon\12.5\안전지대\17\Polygon_17.shp,90
17,90,151,5,"[7,15,25,33,35]",C:\Users\c\Desktop\대학생활\학연생\Approach_Departure\자료\결과물\Polygon\12.5\안전지대\17\Polygon_17.shp,91
17,91,151,5,"[7,15,25,33,35]",C:\Users\c\Desktop\대학생활\학연생\Approach_Departure\자료\결과물\Polygon\12.5\안전지대\17\Polygon_17.shp,92
17,92,150,5,"[7,15,25,33,35]",C:\Users\c\Desktop\대학생활\학연생\Approach_Departure\자료\결과물\Polygon\12.5\안전지대\17\Polygon_17.shp,93
17,93,149,5,"[7,15,25,33,35]",C:\Users\c\Desktop\대학생활\학연생\Approach_Departure\자료\결과물\Polygon\12.5\안전지대\17\Polygon_17.shp,94
17,94,148,5,"[7,15,25,33,35]",C:\Users\c\Desktop\대학생활\학연생\Approach_Departure\자료\결과물\Polygon\12.5\안전지대\17\Polygon_17.shp,95
17,95,147,5,"[7,15,25,33,35]",C:\Users\c\Desktop\대학생활\학연생\Approach_Departure\자료\결과물\Polygon\12.5\안전지대\17\Polygon_17.shp,96
17,96,146,5,"[7,15,25,33,35]",C:\Users\c\Desktop\대학생활\학연생\Approach_Departure\자료\결과물\Polygon\12.5\안전지대\17\Polygon_17.shp,97
17,97,145,5,"[7,15,25,33,35]",C:\Users\c\Desktop\대학생활\학연생\Approach_Departure\자료\결과물\Polygon\12.5\안전지대\17\Polygon_17.shp,98
17,98,144,5,"[7,15,25,33,35]",C:\Users\c\Desktop\대학생활\학연생\Approach_Departure\자료\결과물\Polygon\12.5\안전지대\17\Polygon_17.shp,99
17,99,143,5,"[7,15,25,33,35]",C:\Users\c\Desktop\대학생활\학연생\Approach_Departure\자료\결과물\Polygon\12.5\안전지대\17\Polygon_17.shp,100
17,100,142,5,"[7,15,25,33,35]",C:\Users\c\Desktop\대학생활\학연생\Approach_Departure\자료\결과물\Polygon\12.5\안전지대\17\Polygon_17.shp,101
17,101,141,5,"[7,15,25,33,35]",C:\Users\c\Desktop\대학생활\학연생\Approach_Departure\자료\결과물\Polygon\12.5\안전지대\17\Polygon_17.shp,102
17,102,140,5,"[7,15,25,33,35]",C:\Users\c\Desktop\대학생활\학연생\Approach_Departure\자료\결과물\Polygon\12.5\안전지대\17\Polygon_17.shp,103
17,103,139,5,"[7,15,25,33,35]",C:\Users\c\Desktop\대학생활\학연생\Approach_Departure\자료\결과물\Polygon\12.5\안전지대\17\Polygon_17.shp,104
17,104,138,5,"[7,15,25,33,35]",C:\Users\c\Desktop\대학생활\학연생\Approach_Departure\자료\결과물\Polygon\12.5\안전지대\17\Polygon_17.shp,105
17,105,137,5,"[7,15,25,33,35]",C:\Users\c\Desktop\대학생활\학연생\Approach_Departure\자료\결과물\Polygon\12.5\안전지대\17\Polygon_17.shp,106
17,106,136,5,"[7,15,25,33,35]",C:\Users\c\Desktop\대학생활\학연생\Approach_Departure\자료\결과물\Polygon\12.5\안전지대\17\Polygon_17.shp,107
17,107,135,5,"[7,15,25,33,35]",C:\Users\c\Desktop\대학생활\학연생\Approach_Departure\자료\결과물\Polygon\12.5\안전지대\17\Polygon_17.shp,108
17,108,134,5,"[7,15,25,33,35]",C:\Users\c\Desktop\대학생활\학연생\Approach_Departure\자료\결과물\Polygon\12.5\안전지대\17\Polygon_17.shp,109
17,109,133,5,"[7,15,25,33,35]",C:\Users\c\Desktop\대학생활\학연생\Approach_Departure\자료\결과물\Polygon\12.5\안전지대\17\Polygon_17.shp,110
17,110,132,5,"[7,15,25,33,35]",C:\Users\c\Desktop\대학생활\학연생\Approach_Departure\자료\결과물\Polygon\12.5\안전지대\17\Polygon_17.shp,111
17,111,131,5,"[7,15,25,33,35]",C:\Users\c\Desktop\대학생활\학연생\Approach_Departure\자료\결과물\Polygon\12.5\안전지대\17\Polygon_17.shp,112
17,112,130,5,"[7,15,25,33,35]",C:\Users\c\Desktop\대학생활\학연생\Approach_Departure\자료\결과물\Polygon\12.5\안전지대\17\Polygon_17.shp,113
17,113,129,5,"[7,15,25,33,35]",C:\Users\c\Desktop\대학생활\학연생\Approach_Departure\자료\결과물\Polygon\12.5\안전지대\17\Polygon_17.shp,114
17,114,128,5,"[7,15,25,33,35]",C:\Users\c\Desktop\대학생활\학연생\Approach_Departure\자료\결과물\Polygon\12.5\안전지대\17\Polygon_17.shp,115
17,115,127,5,"[7,15,25,33,35]",C:\Users\c\Desktop\대학생활\학연생\Approach_Departure\자료\결과물\Polygon\12.5\안전지대\17\Polygon_17.shp,116
17,116,126,5,"[7,15,25,33,35]",C:\Users\c\Desktop\대학생활\학연생\Approach_Departure\자료\결과물\Polygon\12.5\안전지대\17\Polygon_17.shp,117
17,117,125,5,"[7,15,25,33,35]",C:\Users\c\Desktop\대학생활\학연생\Approach_Departure\자료\결과물\Polygon\12.5\안전지대\17\Polygon_17.shp,118
17,118,124,5,"[7,15,25,33,35]",C:\Users\c\Desktop\대학생활\학연생\Approach_Departure\자료\결과물\Polygon\12.5\안전지대\17\Polygon_17.shp,119
17,119,123,5,"[7,15,25,33,35]",C:\Users\c\Desktop\대학생활\학연생\Approach_Departure\자료\결과물\Polygon\12.5\안전지대\17\Polygon_17.shp,120
17,120,122,5,"[7,15,25,33,35]",C:\Users\c\Desktop\대학생활\학연생\Approach_Departure\자료\결과물\Polygon\12.5\안전지대\17\Polygon_17.shp,121
17,121,121,5,"[7,15,25,33,35]",C:\Users\c\Desktop\대학생활\학연생\Approach_Departure\자료\결과물\Polygon\12.5\안전지대\17\Polygon_17.shp,122
17,122,120,5,"[7,15,25,33,35]",C:\Users\c\Desktop\대학생활\학연생\Approach_Departure\자료\결과물\Polygon\12.5\안전지대\17\Polygon_17.shp,123
17,279,198,5,"[7,15,25,33,35]",C:\Users\c\Desktop\대학생활\학연생\Approach_Departure\자료\결과물\Polygon\12.5\안전지대\17\Polygon_17.shp,124
17,280,199,5,"[7,15,25,33,35]",C:\Users\c\Desktop\대학생활\학연생\Approach_Departure\자료\결과물\Polygon\12.5\안전지대\17\Polygon_17.shp,125
17,281,200,5,"[7,15,25,33,35]",C:\Users\c\Desktop\대학생활\학연생\Approach_Departure\자료\결과물\Polygon\12.5\안전지대\17\Polygon_17.shp,126
17,282,201,5,"[7,15,25,33,35]",C:\Users\c\Desktop\대학생활\학연생\Approach_Departure\자료\결과물\Polygon\12.5\안전지대\17\Polygon_17.shp,127
17,283,202,5,"[7,15,25,33,35]",C:\Users\c\Desktop\대학생활\학연생\Approach_Departure\자료\결과물\Polygon\12.5\안전지대\17\Polygon_17.shp,128
17,284,203,5,"[7,15,25,33,35]",C:\Users\c\Desktop\대학생활\학연생\Approach_Departure\자료\결과물\Polygon\12.5\안전지대\17\Polygon_17.shp,129
17,285,204,5,"[7,15,25,33,35]",C:\Users\c\Desktop\대학생활\학연생\Approach_Departure\자료\결과물\Polygon\12.5\안전지대\17\Polygon_17.shp,130
17,286,205,5,"[7,15,25,33,35]",C:\Users\c\Desktop\대학생활\학연생\Approach_Departure\자료\결과물\Polygon\12.5\안전지대\17\Polygon_17.shp,131
17,287,206,5,"[7,15,25,33,35]",C:\Users\c\Desktop\대학생활\학연생\Approach_Departure\자료\결과물\Polygon\12.5\안전지대\17\Polygon_17.shp,132
17,288,207,5,"[7,15,25,33,35]",C:\Users\c\Desktop\대학생활\학연생\Approach_Departure\자료\결과물\Polygon\12.5\안전지대\17\Polygon_17.shp,133
17,289,208,5,"[7,15,25,33,35]",C:\Users\c\Desktop\대학생활\학연생\Approach_Departure\자료\결과물\Polygon\12.5\안전지대\17\Polygon_17.shp,134
17,290,209,5,"[7,15,25,33,35]",C:\Users\c\Desktop\대학생활\학연생\Approach_Departure\자료\결과물\Polygon\12.5\안전지대\17\Polygon_17.shp,135
17,291,210,5,"[7,15,25,33,35]",C:\Users\c\Desktop\대학생활\학연생\Approach_Departure\자료\결과물\Polygon\12.5\안전지대\17\Polygon_17.shp,136
17,292,211,5,"[7,15,25,33,35]",C:\Users\c\Desktop\대학생활\학연생\Approach_Departure\자료\결과물\Polygon\12.5\안전지대\17\Polygon_17.shp,137
17,293,212,5,"[7,15,25,33,35]",C:\Users\c\Desktop\대학생활\학연생\Approach_Departure\자료\결과물\Polygon\12.5\안전지대\17\Polygon_17.shp,138
17,294,213,5,"[7,15,25,33,35]",C:\Users\c\Desktop\대학생활\학연생\Approach_Departure\자료\결과물\Polygon\12.5\안전지대\17\Polygon_17.shp,139
17,295,214,5,"[7,15,25,33,35]",C:\Users\c\Desktop\대학생활\학연생\Approach_Departure\자료\결과물\Polygon\12.5\안전지대\17\Polygon_17.shp,140
17,296,215,5,"[7,15,25,33,35]",C:\Users\c\Desktop\대학생활\학연생\Approach_Departure\자료\결과물\Polygon\12.5\안전지대\17\Polygon_17.shp,141
17,297,216,5,"[7,15,25,33,35]",C:\Users\c\Desktop\대학생활\학연생\Approach_Departure\자료\결과물\Polygon\12.5\안전지대\17\Polygon_17.shp,142
17,298,217,5,"[7,15,25,33,35]",C:\Users\c\Desktop\대학생활\학연생\Approach_Departure\자료\결과물\Polygon\12.5\안전지대\17\Polygon_17.shp,143
17,299,218,5,"[7,15,25,33,35]",C:\Users\c\Desktop\대학생활\학연생\Approach_Departure\자료\결과물\Polygon\12.5\안전지대\17\Polygon_17.shp,144
17,300,219,5,"[7,15,25,33,35]",C:\Users\c\Desktop\대학생활\학연생\Approach_Departure\자료\결과물\Polygon\12.5\안전지대\17\Polygon_17.shp,145
17,301,220,5,"[7,15,25,33,35]",C:\Users\c\Desktop\대학생활\학연생\Approach_Departure\자료\결과물\Polygon\12.5\안전지대\17\Polygon_17.shp,146
17,302,221,5,"[7,15,25,33,35]",C:\Users\c\Desktop\대학생활\학연생\Approach_Departure\자료\결과물\Polygon\12.5\안전지대\17\Polygon_17.shp,147
17,303,222,5,"[7,15,25,33,35]",C:\Users\c\Desktop\대학생활\학연생\Approach_Departure\자료\결과물\Polygon\12.5\안전지대\17\Polygon_17.shp,148
17,304,223,5,"[7,15,25,33,35]",C:\Users\c\Desktop\대학생활\학연생\Approach_Departure\자료\결과물\Polygon\12.5\안전지대\17\Polygon_17.shp,149
17,305,224,5,"[7,15,25,33,35]",C:\Users\c\Desktop\대학생활\학연생\Approach_Departure\자료\결과물\Polygon\12.5\안전지대\17\Polygon_17.shp,150
17,306,225,5,"[7,15,25,33,35]",C:\Users\c\Desktop\대학생활\학연생\Approach_Departure\자료\결과물\Polygon\12.5\안전지대\17\Polygon_17.shp,151
17,307,226,5,"[7,15,25,33,35]",C:\Users\c\Desktop\대학생활\학연생\Approach_Departure\자료\결과물\Polygon\12.5\안전지대\17\Polygon_17.shp,152
17,308,227,5,"[7,15,25,33,35]",C:\Users\c\Desktop\대학생활\학연생\Approach_Departure\자료\결과물\Polygon\12.5\안전지대\17\Polygon_17.shp,153
17,309,228,5,"[7,15,25,33,35]",C:\Users\c\Desktop\대학생활\학연생\Approach_Departure\자료\결과물\Polygon\12.5\안전지대\17\Polygon_17.shp,154
17,310,229,5,"[7,15,25,33,35]",C:\Users\c\Desktop\대학생활\학연생\Approach_Departure\자료\결과물\Polygon\12.5\안전지대\17\Polygon_17.shp,155
17,311,229,5,"[7,15,25,33,35]",C:\Users\c\Desktop\대학생활\학연생\Approach_Departure\자료\결과물\Polygon\12.5\안전지대\17\Polygon_17.shp,156
17,312,229,5,"[7,15,25,33,35]",C:\Users\c\Desktop\대학생활\학연생\Approach_Departure\자료\결과물\Polygon\12.5\안전지대\17\Polygon_17.shp,157
17,313,229,5,"[7,15,25,33,35]",C:\Users\c\Desktop\대학생활\학연생\Approach_Departure\자료\결과물\Polygon\12.5\안전지대\17\Polygon_17.shp,158
17,314,229,5,"[7,15,25,33,35]",C:\Users\c\Desktop\대학생활\학연생\Approach_Departure\자료\결과물\Polygon\12.5\안전지대\17\Polygon_17.shp,159
17,315,229,5,"[7,15,25,33,35]",C:\Users\c\Desktop\대학생활\학연생\Approach_Departure\자료\결과물\Polygon\12.5\안전지대\17\Polygon_17.shp,160
17,316,227,5,"[7,15,25,33,35]",C:\Users\c\Desktop\대학생활\학연생\Approach_Departure\자료\결과물\Polygon\12.5\안전지대\17\Polygon_17.shp,161
17,317,225,5,"[7,15,25,33,35]",C:\Users\c\Desktop\대학생활\학연생\Approach_Departure\자료\결과물\Polygon\12.5\안전지대\17\Polygon_17.shp,162
17,318,223,5,"[7,15,25,33,35]",C:\Users\c\Desktop\대학생활\학연생\Approach_Departure\자료\결과물\Polygon\12.5\안전지대\17\Polygon_17.shp,163
17,319,221,5,"[7,15,25,33,35]",C:\Users\c\Desktop\대학생활\학연생\Approach_Departure\자료\결과물\Polygon\12.5\안전지대\17\Polygon_17.shp,164
17,320,219,5,"[7,15,25,33,35]",C:\Users\c\Desktop\대학생활\학연생\Approach_Departure\자료\결과물\Polygon\12.5\안전지대\17\Polygon_17.shp,165
17,321,217,5,"[7,15,25,33,35]",C:\Users\c\Desktop\대학생활\학연생\Approach_Departure\자료\결과물\Polygon\12.5\안전지대\17\Polygon_17.shp,166
17,322,215,5,"[7,15,25,33,35]",C:\Users\c\Desktop\대학생활\학연생\Approach_Departure\자료\결과물\Polygon\12.5\안전지대\17\Polygon_17.shp,167
17,323,213,5,"[7,15,25,33,35]",C:\Users\c\Desktop\대학생활\학연생\Approach_Departure\자료\결과물\Polygon\12.5\안전지대\17\Polygon_17.shp,168
17,324,211,5,"[7,15,25,33,35]",C:\Users\c\Desktop\대학생활\학연생\Approach_Departure\자료\결과물\Polygon\12.5\안전지대\17\Polygon_17.shp,169
17,325,209,5,"[7,15,25,33,35]",C:\Users\c\Desktop\대학생활\학연생\Approach_Departure\자료\결과물\Polygon\12.5\안전지대\17\Polygon_17.shp,170
17,326,207,5,"[7,15,25,33,35]",C:\Users\c\Desktop\대학생활\학연생\Approach_Departure\자료\결과물\Polygon\12.5\안전지대\17\Polygon_17.shp,171
17,327,205,5,"[7,15,25,33,35]",C:\Users\c\Desktop\대학생활\학연생\Approach_Departure\자료\결과물\Polygon\12.5\안전지대\17\Polygon_17.shp,172
17,328,203,5,"[7,15,25,33,35]",C:\Users\c\Desktop\대학생활\학연생\Approach_Departure\자료\결과물\Polygon\12.5\안전지대\17\Polygon_17.shp,173
17,329,201,5,"[7,15,25,33,35]",C:\Users\c\Desktop\대학생활\학연생\Approach_Departure\자료\결과물\Polygon\12.5\안전지대\17\Polygon_17.shp,174
17,330,199,5,"[7,15,25,33,35]",C:\Users\c\Desktop\대학생활\학연생\Approach_Departure\자료\결과물\Polygon\12.5\안전지대\17\Polygon_17.shp,175
17,331,197,5,"[7,15,25,33,35]",C:\Users\c\Desktop\대학생활\학연생\Approach_Departure\자료\결과물\Polygon\12.5\안전지대\17\Polygon_17.shp,176
17,332,195,5,"[7,15,25,33,35]",C:\Users\c\Desktop\대학생활\학연생\Approach_Departure\자료\결과물\Polygon\12.5\안전지대\17\Polygon_17.shp,177
17,333,193,5,"[7,15,25,33,35]",C:\Users\c\Desktop\대학생활\학연생\Approach_Departure\자료\결과물\Polygon\12.5\안전지대\17\Polygon_17.shp,178
17,334,191,5,"[7,15,25,33,35]",C:\Users\c\Desktop\대학생활\학연생\Approach_Departure\자료\결과물\Polygon\12.5\안전지대\17\Polygon_17.shp,179
17,335,189,5,"[7,15,25,33,35]",C:\Users\c\Desktop\대학생활\학연생\Approach_Departure\자료\결과물\Polygon\12.5\안전지대\17\Polygon_17.shp,180
17,336,187,5,"[7,15,25,33,35]",C:\Users\c\Desktop\대학생활\학연생\Approach_Departure\자료\결과물\Polygon\12.5\안전지대\17\Polygon_17.shp,181
17,337,185,5,"[7,15,25,33,35]",C:\Users\c\Desktop\대학생활\학연생\Approach_Departure\자료\결과물\Polygon\12.5\안전지대\17\Polygon_17.shp,182
17,338,183,5,"[7,15,25,33,35]",C:\Users\c\Desktop\대학생활\학연생\Approach_Departure\자료\결과물\Polygon\12.5\안전지대\17\Polygon_17.shp,183
17,339,181,5,"[7,15,25,33,35]",C:\Users\c\Desktop\대학생활\학연생\Approach_Departure\자료\결과물\Polygon\12.5\안전지대\17\Polygon_17.shp,184
17,340,179,5,"[7,15,25,33,35]",C:\Users\c\Desktop\대학생활\학연생\Approach_Departure\자료\결과물\Polygon\12.5\안전지대\17\Polygon_17.shp,185
17,341,177,5,"[7,15,25,33,35]",C:\Users\c\Desktop\대학생활\학연생\Approach_Departure\자료\결과물\Polygon\12.5\안전지대\17\Polygon_17.shp,186
17,342,175,5,"[7,15,25,33,35]",C:\Users\c\Desktop\대학생활\학연생\Approach_Departure\자료\결과물\Polygon\12.5\안전지대\17\Polygon_17.shp,187
17,343,173,5,"[7,15,25,33,35]",C:\Users\c\Desktop\대학생활\학연생\Approach_Departure\자료\결과물\Polygon\12.5\안전지대\17\Polygon_17.shp,188
17,344,173,5,"[7,15,25,33,35]",C:\Users\c\Desktop\대학생활\학연생\Approach_Departure\자료\결과물\Polygon\12.5\안전지대\17\Polygon_17.shp,189
17,345,171,5,"[7,15,25,33,35]",C:\Users\c\Desktop\대학생활\학연생\Approach_Departure\자료\결과물\Polygon\12.5\안전지대\17\Polygon_17.shp,190
17,346,169,5,"[7,15,25,33,35]",C:\Users\c\Desktop\대학생활\학연생\Approach_Departure\자료\결과물\Polygon\12.5\안전지대\17\Polygon_17.shp,191
17,347,167,5,"[7,15,25,33,35]",C:\Users\c\Desktop\대학생활\학연생\Approach_Departure\자료\결과물\Polygon\12.5\안전지대\17\Polygon_17.shp,192
17,348,165,5,"[7,15,25,33,35]",C:\Users\c\Desktop\대학생활\학연생\Approach_Departure\자료\결과물\Polygon\12.5\안전지대\17\Polygon_17.shp,193
17,349,163,5,"[7,15,25,33,35]",C:\Users\c\Desktop\대학생활\학연생\Approach_Departure\자료\결과물\Polygon\12.5\안전지대\17\Polygon_17.shp,194
17,350,161,5,"[7,15,25,33,35]",C:\Users\c\Desktop\대학생활\학연생\Approach_Departure\자료\결과물\Polygon\12.5\안전지대\17\Polygon_17.shp,195
17,351,159,5,"[7,15,25,33,35]",C:\Users\c\Desktop\대학생활\학연생\Approach_Departure\자료\결과물\Polygon\12.5\안전지대\17\Polygon_17.shp,196
17,352,157,5,"[7,15,25,33,35]",C:\Users\c\Desktop\대학생활\학연생\Approach_Departure\자료\결과물\Polygon\12.5\안전지대\17\Polygon_17.shp,197
17,353,155,5,"[7,15,25,33,35]",C:\Users\c\Desktop\대학생활\학연생\Approach_Departure\자료\결과물\Polygon\12.5\안전지대\17\Polygon_17.shp,198
17,354,153,5,"[7,15,25,33,35]",C:\Users\c\Desktop\대학생활\학연생\Approach_Departure\자료\결과물\Polygon\12.5\안전지대\17\Polygon_17.shp,199
17,355,151,5,"[7,15,25,33,35]",C:\Users\c\Desktop\대학생활\학연생\Approach_Departure\자료\결과물\Polygon\12.5\안전지대\17\Polygon_17.shp,200
17,356,149,5,"[7,15,25,33,35]",C:\Users\c\Desktop\대학생활\학연생\Approach_Departure\자료\결과물\Polygon\12.5\안전지대\17\Polygon_17.shp,201
17,357,147,5,"[7,15,25,33,35]",C:\Users\c\Desktop\대학생활\학연생\Approach_Departure\자료\결과물\Polygon\12.5\안전지대\17\Polygon_17.shp,202
17,358,145,5,"[7,15,25,33,35]",C:\Users\c\Desktop\대학생활\학연생\Approach_Departure\자료\결과물\Polygon\12.5\안전지대\17\Polygon_17.shp,203
17,359,143,5,"[7,15,25,33,35]",C:\Users\c\Desktop\대학생활\학연생\Approach_Departure\자료\결과물\Polygon\12.5\안전지대\17\Polygon_17.shp,204
26,162,20,5,"[3,8,9,21,27]",C:\Users\c\Desktop\대학생활\학연생\Approach_Departure\자료\결과물\Polygon\12.5\안전지대\26\Polygon_26.shp,15
26,163,18,5,"[3,8,9,21,27]",C:\Users\c\Desktop\대학생활\학연생\Approach_Departure\자료\결과물\Polygon\12.5\안전지대\26\Polygon_26.shp,16
26,164,16,5,"[3,8,9,21,27]",C:\Users\c\Desktop\대학생활\학연생\Approach_Departure\자료\결과물\Polygon\12.5\안전지대\26\Polygon_26.shp,17
26,165,14,5,"[3,8,9,21,27]",C:\Users\c\Desktop\대학생활\학연생\Approach_Departure\자료\결과물\Polygon\12.5\안전지대\26\Polygon_26.shp,18
27,176,14,5,"[5,9,18,23,36]",C:\Users\c\Desktop\대학생활\학연생\Approach_Departure\자료\결과물\Polygon\12.5\안전지대\27\Polygon_27.shp,1
27,177,14,5,"[5,9,18,23,36]",C:\Users\c\Desktop\대학생활\학연생\Approach_Departure\자료\결과물\Polygon\12.5\안전지대\27\Polygon_27.shp,2
27,178,14,5,"[5,9,18,23,36]",C:\Users\c\Desktop\대학생활\학연생\Approach_Departure\자료\결과물\Polygon\12.5\안전지대\27\Polygon_27.shp,3
27,179,14,5,"[5,9,18,23,36]",C:\Users\c\Desktop\대학생활\학연생\Approach_Departure\자료\결과물\Polygon\12.5\안전지대\27\Polygon_27.shp,4
27,180,14,5,"[5,9,18,23,36]",C:\Users\c\Desktop\대학생활\학연생\Approach_Departure\자료\결과물\Polygon\12.5\안전지대\27\Polygon_27.shp,5
27,181,14,5,"[5,9,18,23,36]",C:\Users\c\Desktop\대학생활\학연생\Approach_Departure\자료\결과물\Polygon\12.5\안전지대\27\Polygon_27.shp,6
27,182,14,5,"[5,9,18,23,36]",C:\Users\c\Desktop\대학생활\학연생\Approach_Departure\자료\결과물\Polygon\12.5\안전지대\27\Polygon_27.shp,7
27,183,14,5,"[5,9,18,23,36]",C:\Users\c\Desktop\대학생활\학연생\Approach_Departure\자료\결과물\Polygon\12.5\안전지대\27\Polygon_27.shp,8
27,184,14,5,"[5,9,18,23,36]",C:\Users\c\Desktop\대학생활\학연생\Approach_Departure\자료\결과물\Polygon\12.5\안전지대\27\Polygon_27.shp,9
27,185,14,5,"[5,9,18,23,36]",C:\Users\c\Desktop\대학생활\학연생\Approach_Departure\자료\결과물\Polygon\12.5\안전지대\27\Polygon_27.shp,10
30,321,25,5,"[2,8,12,20,26]",C:\Users\c\Desktop\대학생활\학연생\Approach_Departure\자료\결과물\Polygon\12.5\안전지대\30\Polygon_30.shp,3
33,0,274,5,"[7,15,17,25,35]",C:\Users\c\Desktop\대학생활\학연생\Approach_Departure\자료\결과물\Polygon\12.5\안전지대\33\Polygon_33.shp,1
33,1,277,5,"[7,15,17,25,35]",C:\Users\c\Desktop\대학생활\학연생\Approach_Departure\자료\결과물\Polygon\12.5\안전지대\33\Polygon_33.shp,2
33,2,278,5,"[7,15,17,25,35]",C:\Users\c\Desktop\대학생활\학연생\Approach_Departure\자료\결과물\Polygon\12.5\안전지대\33\Polygon_33.shp,3
33,75,208,5,"[7,15,17,25,35]",C:\Users\c\Desktop\대학생활\학연생\Approach_Departure\자료\결과물\Polygon\12.5\안전지대\33\Polygon_33.shp,4
33,76,205,5,"[7,15,17,25,35]",C:\Users\c\Desktop\대학생활\학연생\Approach_Departure\자료\결과물\Polygon\12.5\안전지대\33\Polygon_33.shp,5
33,77,204,5,"[7,15,17,25,35]",C:\Users\c\Desktop\대학생활\학연생\Approach_Departure\자료\결과물\Polygon\12.5\안전지대\33\Polygon_33.shp,6
33,78,202,5,"[7,15,17,25,35]",C:\Users\c\Desktop\대학생활\학연생\Approach_Departure\자료\결과물\Polygon\12.5\안전지대\33\Polygon_33.shp,7
33,79,200,5,"[7,15,17,25,35]",C:\Users\c\Desktop\대학생활\학연생\Approach_Departure\자료\결과물\Polygon\12.5\안전지대\33\Polygon_33.shp,8
33,80,198,5,"[7,15,17,25,35]",C:\Users\c\Desktop\대학생활\학연생\Approach_Departure\자료\결과물\Polygon\12.5\안전지대\33\Polygon_33.shp,9
33,81,196,5,"[7,15,17,25,35]",C:\Users\c\Desktop\대학생활\학연생\Approach_Departure\자료\결과물\Polygon\12.5\안전지대\33\Polygon_33.shp,10
33,82,194,5,"[7,15,17,25,35]",C:\Users\c\Desktop\대학생활\학연생\Approach_Departure\자료\결과물\Polygon\12.5\안전지대\33\Polygon_33.shp,11
33,83,192,5,"[7,15,17,25,35]",C:\Users\c\Desktop\대학생활\학연생\Approach_Departure\자료\결과물\Polygon\12.5\안전지대\33\Polygon_33.shp,12
33,84,190,5,"[7,15,17,25,35]",C:\Users\c\Desktop\대학생활\학연생\Approach_Departure\자료\결과물\Polygon\12.5\안전지대\33\Polygon_33.shp,13
33,85,186,5,"[7,15,17,25,35]",C:\Users\c\Desktop\대학생활\학연생\Approach_Departure\자료\결과물\Polygon\12.5\안전지대\33\Polygon_33.shp,14
33,86,184,5,"[7,15,17,25,35]",C:\Users\c\Desktop\대학생활\학연생\Approach_Departure\자료\결과물\Polygon\12.5\안전지대\33\Polygon_33.shp,15
33,87,182,5,"[7,15,17,25,35]",C:\Users\c\Desktop\대학생활\학연생\Approach_Departure\자료\결과물\Polygon\12.5\안전지대\33\Polygon_33.shp,16
33,88,180,5,"[7,15,17,25,35]",C:\Users\c\Desktop\대학생활\학연생\Approach_Departure\자료\결과물\Polygon\12.5\안전지대\33\Polygon_33.shp,17
33,89,178,5,"[7,15,17,25,35]",C:\Users\c\Desktop\대학생활\학연생\Approach_Departure\자료\결과물\Polygon\12.5\안전지대\33\Polygon_33.shp,18
33,90,176,5,"[7,15,17,25,35]",C:\Users\c\Desktop\대학생활\학연생\Approach_Departure\자료\결과물\Polygon\12.5\안전지대\33\Polygon_33.shp,19
33,91,174,5,"[7,15,17,25,35]",C:\Users\c\Desktop\대학생활\학연생\Approach_Departure\자료\결과물\Polygon\12.5\안전지대\33\Polygon_33.shp,20
33,92,172,5,"[7,15,17,25,35]",C:\Users\c\Desktop\대학생활\학연생\Approach_Departure\자료\결과물\Polygon\12.5\안전지대\33\Polygon_33.shp,21
33,93,170,5,"[7,15,17,25,35]",C:\Users\c\Desktop\대학생활\학연생\Approach_Departure\자료\결과물\Polygon\12.5\안전지대\33\Polygon_33.shp,22
33,94,168,5,"[7,15,17,25,35]",C:\Users\c\Desktop\대학생활\학연생\Approach_Departure\자료\결과물\Polygon\12.5\안전지대\33\Polygon_33.shp,23
33,95,164,5,"[7,15,17,25,35]",C:\Users\c\Desktop\대학생활\학연생\Approach_Departure\자료\결과물\Polygon\12.5\안전지대\33\Polygon_33.shp,24
33,96,162,5,"[7,15,17,25,35]",C:\Users\c\Desktop\대학생활\학연생\Approach_Departure\자료\결과물\Polygon\12.5\안전지대\33\Polygon_33.shp,25
33,97,160,5,"[7,15,17,25,35]",C:\Users\c\Desktop\대학생활\학연생\Approach_Departure\자료\결과물\Polygon\12.5\안전지대\33\Polygon_33.shp,26
33,98,158,5,"[7,15,17,25,35]",C:\Users\c\Desktop\대학생활\학연생\Approach_Departure\자료\결과물\Polygon\12.5\안전지대\33\Polygon_33.shp,27
33,99,156,5,"[7,15,17,25,35]",C:\Users\c\Desktop\대학생활\학연생\Approach_Departure\자료\결과물\Polygon\12.5\안전지대\33\Polygon_33.shp,28
33,100,154,5,"[7,15,17,25,35]",C:\Users\c\Desktop\대학생활\학연생\Approach_Departure\자료\결과물\Polygon\12.5\안전지대\33\Polygon_33.shp,29
33,101,152,5,"[7,15,17,25,35]",C:\Users\c\Desktop\대학생활\학연생\Approach_Departure\자료\결과물\Polygon\12.5\안전지대\33\Polygon_33.shp,30
33,102,150,5,"[7,15,17,25,35]",C:\Users\c\Desktop\대학생활\학연생\Approach_Departure\자료\결과물\Polygon\12.5\안전지대\33\Polygon_33.shp,31
33,103,148,5,"[7,15,17,25,35]",C:\Users\c\Desktop\대학생활\학연생\Approach_Departure\자료\결과물\Polygon\12.5\안전지대\33\Polygon_33.shp,32
33,104,146,5,"[7,15,17,25,35]",C:\Users\c\Desktop\대학생활\학연생\Approach_Departure\자료\결과물\Polygon\12.5\안전지대\33\Polygon_33.shp,33
33,105,144,5,"[7,15,17,25,35]",C:\Users\c\Desktop\대학생활\학연생\Approach_Departure\자료\결과물\Polygon\12.5\안전지대\33\Polygon_33.shp,34
33,106,142,5,"[7,15,17,25,35]",C:\Users\c\Desktop\대학생활\학연생\Approach_Departure\자료\결과물\Polygon\12.5\안전지대\33\Polygon_33.shp,35
33,107,139,5,"[7,15,17,25,35]",C:\Users\c\Desktop\대학생활\학연생\Approach_Departure\자료\결과물\Polygon\12.5\안전지대\33\Polygon_33.shp,36
33,108,134,5,"[7,15,17,25,35]",C:\Users\c\Desktop\대학생활\학연생\Approach_Departure\자료\결과물\Polygon\12.5\안전지대\33\Polygon_33.shp,37
33,290,126,5,"[7,15,17,25,35]",C:\Users\c\Desktop\대학생활\학연생\Approach_Departure\자료\결과물\Polygon\12.5\안전지대\33\Polygon_33.shp,38
33,291,129,5,"[7,15,17,25,35]",C:\Users\c\Desktop\대학생활\학연생\Approach_Departure\자료\결과물\Polygon\12.5\안전지대\33\Polygon_33.shp,39
33,292,132,5,"[7,15,17,25,35]",C:\Users\c\Desktop\대학생활\학연생\Approach_Departure\자료\결과물\Polygon\12.5\안전지대\33\Polygon_33.shp,40
33,293,135,5,"[7,15,17,25,35]",C:\Users\c\Desktop\대학생활\학연생\Approach_Departure\자료\결과물\Polygon\12.5\안전지대\33\Polygon_33.shp,41
33,294,138,5,"[7,15,17,25,35]",C:\Users\c\Desktop\대학생활\학연생\Approach_Departure\자료\결과물\Polygon\12.5\안전지대\33\Polygon_33.shp,42
33,295,141,5,"[7,15,17,25,35]",C:\Users\c\Desktop\대학생활\학연생\Approach_Departure\자료\결과물\Polygon\12.5\안전지대\33\Polygon_33.shp,43
33,296,144,5,"[7,15,17,25,35]",C:\Users\c\Desktop\대학생활\학연생\Approach_Departure\자료\결과물\Polygon\12.5\안전지대\33\Polygon_33.shp,44
33,297,147,5,"[7,15,17,25,35]",C:\Users\c\Desktop\대학생활\학연생\Approach_Departure\자료\결과물\Polygon\12.5\안전지대\33\Polygon_33.shp,45
33,298,150,5,"[7,15,17,25,35]",C:\Users\c\Desktop\대학생활\학연생\Approach_Departure\자료\결과물\Polygon\12.5\안전지대\33\Polygon_33.shp,46
33,299,153,5,"[7,15,17,25,35]",C:\Users\c\Desktop\대학생활\학연생\Approach_Departure\자료\결과물\Polygon\12.5\안전지대\33\Polygon_33.shp,47
33,300,156,5,"[7,15,17,25,35]",C:\Users\c\Desktop\대학생활\학연생\Approach_Departure\자료\결과물\Polygon\12.5\안전지대\33\Polygon_33.shp,48
33,301,159,5,"[7,15,17,25,35]",C:\Users\c\Desktop\대학생활\학연생\Approach_Departure\자료\결과물\Polygon\12.5\안전지대\33\Polygon_33.shp,49
33,302,162,5,"[7,15,17,25,35]",C:\Users\c\Desktop\대학생활\학연생\Approach_Departure\자료\결과물\Polygon\12.5\안전지대\33\Polygon_33.shp,50
33,303,165,5,"[7,15,17,25,35]",C:\Users\c\Desktop\대학생활\학연생\Approach_Departure\자료\결과물\Polygon\12.5\안전지대\33\Polygon_33.shp,51
33,304,168,5,"[7,15,17,25,35]",C:\Users\c\Desktop\대학생활\학연생\Approach_Departure\자료\결과물\Polygon\12.5\안전지대\33\Polygon_33.shp,52
33,305,171,5,"[7,15,17,25,35]",C:\Users\c\Desktop\대학생활\학연생\Approach_Departure\자료\결과물\Polygon\12.5\안전지대\33\Polygon_33.shp,53
33,306,174,5,"[7,15,17,25,35]",C:\Users\c\Desktop\대학생활\학연생\Approach_Departure\자료\결과물\Polygon\12.5\안전지대\33\Polygon_33.shp,54
33,307,177,5,"[7,15,17,25,35]",C:\Users\c\Desktop\대학생활\학연생\Approach_Departure\자료\결과물\Polygon\12.5\안전지대\33\Polygon_33.shp,55
33,308,180,5,"[7,15,17,25,35]",C:\Users\c\Desktop\대학생활\학연생\Approach_Departure\자료\결과물\Polygon\12.5\안전지대\33\Polygon_33.shp,56
33,309,183,5,"[7,15,17,25,35]",C:\Users\c\Desktop\대학생활\학연생\Approach_Departure\자료\결과물\Polygon\12.5\안전지대\33\Polygon_33.shp,57
33,310,186,5,"[7,15,17,25,35]",C:\Users\c\Desktop\대학생활\학연생\Approach_Departure\자료\결과물\Polygon\12.5\안전지대\33\Polygon_33.shp,58
33,311,189,5,"[7,15,17,25,35]",C:\Users\c\Desktop\대학생활\학연생\Approach_Departure\자료\결과물\Polygon\12.5\안전지대\33\Polygon_33.shp,59
33,312,192,5,"[7,15,17,25,35]",C:\Users\c\Desktop\대학생활\학연생\Approach_Departure\자료\결과물\Polygon\12.5\안전지대\33\Polygon_33.shp,60
33,313,195,5,"[7,15,17,25,35]",C:\Users\c\Desktop\대학생활\학연생\Approach_Departure\자료\결과물\Polygon\12.5\안전지대\33\Polygon_33.shp,61
33,314,198,5,"[7,15,17,25,35]",C:\Users\c\Desktop\대학생활\학연생\Approach_Departure\자료\결과물\Polygon\12.5\안전지대\33\Polygon_33.shp,62
33,315,201,5,"[7,15,17,25,35]",C:\Users\c\Desktop\대학생활\학연생\Approach_Departure\자료\결과물\Polygon\12.5\안전지대\33\Polygon_33.shp,63
33,316,204,5,"[7,15,17,25,35]",C:\Users\c\Desktop\대학생활\학연생\Approach_Departure\자료\결과물\Polygon\12.5\안전지대\33\Polygon_33.shp,64
33,317,207,5,"[7,15,17,25,35]",C:\Users\c\Desktop\대학생활\학연생\Approach_Departure\자료\결과물\Polygon\12.5\안전지대\33\Polygon_33.shp,65
33,318,212,5,"[7,15,17,25,35]",C:\Users\c\Desktop\대학생활\학연생\Approach_Departure\자료\결과물\Polygon\12.5\안전지대\33\Polygon_33.shp,66
33,319,215,5,"[7,15,17,25,35]",C:\Users\c\Desktop\대학생활\학연생\Approach_Departure\자료\결과물\Polygon\12.5\안전지대\33\Polygon_33.shp,67
33,320,218,5,"[7,15,17,25,35]",C:\Users\c\Desktop\대학생활\학연생\Approach_Departure\자료\결과물\Polygon\12.5\안전지대\33\Polygon_33.shp,68
33,321,221,5,"[7,15,17,25,35]",C:\Users\c\Desktop\대학생활\학연생\Approach_Departure\자료\결과물\Polygon\12.5\안전지대\33\Polygon_33.shp,69
33,322,223,5,"[7,15,17,25,35]",C:\Users\c\Desktop\대학생활\학연생\Approach_Departure\자료\결과물\Polygon\12.5\안전지대\33\Polygon_33.shp,70
33,323,225,5,"[7,15,17,25,35]",C:\Users\c\Desktop\대학생활\학연생\Approach_Departure\자료\결과물\Polygon\12.5\안전지대\33\Polygon_33.shp,71
33,324,227,5,"[7,15,17,25,35]",C:\Users\c\Desktop\대학생활\학연생\Approach_Departure\자료\결과물\Polygon\12.5\안전지대\33\Polygon_33.shp,72
33,325,229,5,"[7,15,17,25,35]",C:\Users\c\Desktop\대학생활\학연생\Approach_Departure\자료\결과물\Polygon\12.5\안전지대\33\Polygon_33.shp,73
33,326,231,5,"[7,15,17,25,35]",C:\Users\c\Desktop\대학생활\학연생\Approach_Departure\자료\결과물\Polygon\12.5\안전지대\33\Polygon_33.shp,74
33,327,233,5,"[7,15,17,25,35]",C:\Users\c\Desktop\대학생활\학연생\Approach_Departure\자료\결과물\Polygon\12.5\안전지대\33\Polygon_33.shp,75
33,328,235,5,"[7,15,17,25,35]",C:\Users\c\Desktop\대학생활\학연생\Approach_Departure\자료\결과물\Polygon\12.5\안전지대\33\Polygon_33.shp,76
33,329,237,5,"[7,15,17,25,35]",C:\Users\c\Desktop\대학생활\학연생\Approach_Departure\자료\결과물\Polygon\12.5\안전지대\33\Polygon_33.shp,77
33,330,239,5,"[7,15,17,25,35]",C:\Users\c\Desktop\대학생활\학연생\Approach_Departure\자료\결과물\Polygon\12.5\안전지대\33\Polygon_33.shp,78
33,331,241,5,"[7,15,17,25,35]",C:\Users\c\Desktop\대학생활\학연생\Approach_Departure\자료\결과물\Polygon\12.5\안전지대\33\Polygon_33.shp,79
33,332,242,5,"[7,15,17,25,35]",C:\Users\c\Desktop\대학생활\학연생\Approach_Departure\자료\결과물\Polygon\12.5\안전지대\33\Polygon_33.shp,80
33,333,243,5,"[7,15,17,25,35]",C:\Users\c\Desktop\대학생활\학연생\Approach_Departure\자료\결과물\Polygon\12.5\안전지대\33\Polygon_33.shp,81
33,334,244,5,"[7,15,17,25,35]",C:\Users\c\Desktop\대학생활\학연생\Approach_Departure\자료\결과물\Polygon\12.5\안전지대\33\Polygon_33.shp,82
33,335,245,5,"[7,15,17,25,35]",C:\Users\c\Desktop\대학생활\학연생\Approach_Departure\자료\결과물\Polygon\12.5\안전지대\33\Polygon_33.shp,83
33,336,246,5,"[7,15,17,25,35]",C:\Users\c\Desktop\대학생활\학연생\Approach_Departure\자료\결과물\Polygon\12.5\안전지대\33\Polygon_33.shp,84
33,337,247,5,"[7,15,17,25,35]",C:\Users\c\Desktop\대학생활\학연생\Approach_Departure\자료\결과물\Polygon\12.5\안전지대\33\Polygon_33.shp,85
33,338,250,5,"[7,15,17,25,35]",C:\Users\c\Desktop\대학생활\학연생\Approach_Departure\자료\결과물\Polygon\12.5\안전지대\33\Polygon_33.shp,86
33,339,251,5,"[7,15,17,25,35]",C:\Users\c\Desktop\대학생활\학연생\Approach_Departure\자료\결과물\Polygon\12.5\안전지대\33\Polygon_33.shp,87
33,340,252,5,"[7,15,17,25,35]",C:\Users\c\Desktop\대학생활\학연생\Approach_Departure\자료\결과물\Polygon\12.5\안전지대\33\Polygon_33.shp,88
33,341,253,5,"[7,15,17,25,35]",C:\Users\c\Desktop\대학생활\학연생\Approach_Departure\자료\결과물\Polygon\12.5\안전지대\33\Polygon_33.shp,89
33,342,254,5,"[7,15,17,25,35]",C:\Users\c\Desktop\대학생활\학연생\Approach_Departure\자료\결과물\Polygon\12.5\안전지대\33\Polygon_33.shp,90
33,343,255,5,"[7,15,17,25,35]",C:\Users\c\Desktop\대학생활\학연생\Approach_Departure\자료\결과물\Polygon\12.5\안전지대\33\Polygon_33.shp,91
33,344,256,5,"[7,15,17,25,35]",C:\Users\c\Desktop\대학생활\학연생\Approach_Departure\자료\결과물\Polygon\12.5\안전지대\33\Polygon_33.shp,92
33,345,257,5,"[7,15,17,25,35]",C:\Users\c\Desktop\대학생활\학연생\Approach_Departure\자료\결과물\Polygon\12.5\안전지대\33\Polygon_33.shp,93
33,346,258,5,"[7,15,17,25,35]",C:\Users\c\Desktop\대학생활\학연생\Approach_Departure\자료\결과물\Polygon\12.5\안전지대\33\Polygon_33.shp,94
33,347,259,5,"[7,15,17,25,35]",C:\Users\c\Desktop\대학생활\학연생\Approach_Departure\자료\결과물\Polygon\12.5\안전지대\33\Polygon_33.shp,95
33,348,260,5,"[7,15,17,25,35]",C:\Users\c\Desktop\대학생활\학연생\Approach_Departure\자료\결과물\Polygon\12.5\안전지대\33\Polygon_33.shp,96
33,349,261,5,"[7,15,17,25,35]",C:\Users\c\Desktop\대학생활\학연생\Approach_Departure\자료\결과물\Polygon\12.5\안전지대\33\Polygon_33.shp,97
33,350,262,5,"[7,15,17,25,35]",C:\Users\c\Desktop\대학생활\학연생\Approach_Departure\자료\결과물\Polygon\12.5\안전지대\33\Polygon_33.shp,98
33,351,265,5,"[7,15,17,25,35]",C:\Users\c\Desktop\대학생활\학연생\Approach_Departure\자료\결과물\Polygon\12.5\안전지대\33\Polygon_33.shp,99
33,352,266,5,"[7,15,17,25,35]",C:\Users\c\Desktop\대학생활\학연생\Approach_Departure\자료\결과물\Polygon\12.5\안전지대\33\Polygon_33.shp,100
33,353,267,5,"[7,15,17,25,35]",C:\Users\c\Desktop\대학생활\학연생\Approach_Departure\자료\결과물\Polygon\12.5\안전지대\33\Polygon_33.shp,101
33,354,268,5,"[7,15,17,25,35]",C:\Users\c\Desktop\대학생활\학연생\Approach_Departure\자료\결과물\Polygon\12.5\안전지대\33\Polygon_33.shp,102
33,355,269,5,"[7,15,17,25,35]",C:\Users\c\Desktop\대학생활\학연생\Approach_Departure\자료\결과물\Polygon\12.5\안전지대\33\Polygon_33.shp,103
33,356,270,5,"[7,15,17,25,35]",C:\Users\c\Desktop\대학생활\학연생\Approach_Departure\자료\결과물\Polygon\12.5\안전지대\33\Polygon_33.shp,104
33,357,271,5,"[7,15,17,25,35]",C:\Users\c\Desktop\대학생활\학연생\Approach_Departure\자료\결과물\Polygon\12.5\안전지대\33\Polygon_33.shp,105
33,358,272,5,"[7,15,17,25,35]",C:\Users\c\Desktop\대학생활\학연생\Approach_Departure\자료\결과물\Polygon\12.5\안전지대\33\Polygon_33.shp,106
33,359,273,5,"[7,15,17,25,35]",C:\Users\c\Desktop\대학생활\학연생\Approach_Departure\자료\결과물\Polygon\12.5\안전지대\33\Polygon_33.shp,107
35,0,141,5,"[7,15,17,25,33]",C:\Users\c\Desktop\대학생활\학연생\Approach_Departure\자료\결과물\Polygon\12.5\안전지대\35\Polygon_35.shp,14
35,1,139,5,"[7,15,17,25,33]",C:\Users\c\Desktop\대학생활\학연생\Approach_Departure\자료\결과물\Polygon\12.5\안전지대\35\Polygon_35.shp,15
35,2,137,5,"[7,15,17,25,33]",C:\Users\c\Desktop\대학생활\학연생\Approach_Departure\자료\결과물\Polygon\12.5\안전지대\35\Polygon_35.shp,16
35,3,135,5,"[7,15,17,25,33]",C:\Users\c\Desktop\대학생활\학연생\Approach_Departure\자료\결과물\Polygon\12.5\안전지대\35\Polygon_35.shp,17
35,4,133,5,"[7,15,17,25,33]",C:\Users\c\Desktop\대학생활\학연생\Approach_Departure\자료\결과물\Polygon\12.5\안전지대\35\Polygon_35.shp,18
35,5,133,5,"[7,15,17,25,33]",C:\Users\c\Desktop\대학생활\학연생\Approach_Departure\자료\결과물\Polygon\12.5\안전지대\35\Polygon_35.shp,19
35,6,131,5,"[7,15,17,25,33]",C:\Users\c\Desktop\대학생활\학연생\Approach_Departure\자료\결과물\Polygon\12.5\안전지대\35\Polygon_35.shp,20
35,7,129,5,"[7,15,17,25,33]",C:\Users\c\Desktop\대학생활\학연생\Approach_Departure\자료\결과물\Polygon\12.5\안전지대\35\Polygon_35.shp,21
35,8,127,5,"[7,15,17,25,33]",C:\Users\c\Desktop\대학생활\학연생\Approach_Departure\자료\결과물\Polygon\12.5\안전지대\35\Polygon_35.shp,22
35,9,125,5,"[7,15,17,25,33]",C:\Users\c\Desktop\대학생활\학연생\Approach_Departure\자료\결과물\Polygon\12.5\안전지대\35\Polygon_35.shp,23
35,10,123,5,"[7,15,17,25,33]",C:\Users\c\Desktop\대학생활\학연생\Approach_Departure\자료\결과물\Polygon\12.5\안전지대\35\Polygon_35.shp,24
35,11,121,5,"[7,15,17,25,33]",C:\Users\c\Desktop\대학생활\학연생\Approach_Departure\자료\결과물\Polygon\12.5\안전지대\35\Polygon_35.shp,25
35,12,119,5,"[7,15,17,25,33]",C:\Users\c\Desktop\대학생활\학연생\Approach_Departure\자료\결과물\Polygon\12.5\안전지대\35\Polygon_35.shp,26
35,13,117,5,"[7,15,17,25,33]",C:\Users\c\Desktop\대학생활\학연생\Approach_Departure\자료\결과물\Polygon\12.5\안전지대\35\Polygon_35.shp,27
35,14,115,5,"[7,15,17,25,33]",C:\Users\c\Desktop\대학생활\학연생\Approach_Departure\자료\결과물\Polygon\12.5\안전지대\35\Polygon_35.shp,28
35,15,113,5,"[7,15,17,25,33]",C:\Users\c\Desktop\대학생활\학연생\Approach_Departure\자료\결과물\Polygon\12.5\안전지대\35\Polygon_35.shp,29
35,16,111,5,"[7,15,17,25,33]",C:\Users\c\Desktop\대학생활\학연생\Approach_Departure\자료\결과물\Polygon\12.5\안전지대\35\Polygon_35.shp,30
35,17,109,5,"[7,15,17,25,33]",C:\Users\c\Desktop\대학생활\학연생\Approach_Departure\자료\결과물\Polygon\12.5\안전지대\35\Polygon_35.shp,31
35,18,107,5,"[7,15,17,25,33]",C:\Users\c\Desktop\대학생활\학연생\Approach_Departure\자료\결과물\Polygon\12.5\안전지대\35\Polygon_35.shp,32
35,19,107,5,"[7,15,17,25,33]",C:\Users\c\Desktop\대학생활\학연생\Approach_Departure\자료\결과물\Polygon\12.5\안전지대\35\Polygon_35.shp,33
35,20,105,5,"[7,15,17,25,33]",C:\Users\c\Desktop\대학생활\학연생\Approach_Departure\자료\결과물\Polygon\12.5\안전지대\35\Polygon_35.shp,34
35,21,103,5,"[7,15,17,25,33]",C:\Users\c\Desktop\대학생활\학연생\Approach_Departure\자료\결과물\Polygon\12.5\안전지대\35\Polygon_35.shp,35
35,22,101,5,"[7,15,17,25,33]",C:\Users\c\Desktop\대학생활\학연생\Approach_Departure\자료\결과물\Polygon\12.5\안전지대\35\Polygon_35.shp,36
35,23,99,5,"[7,15,17,25,33]",C:\Users\c\Desktop\대학생활\학연생\Approach_Departure\자료\결과물\Polygon\12.5\안전지대\35\Polygon_35.shp,37
35,24,97,5,"[7,15,17,25,33]",C:\Users\c\Desktop\대학생활\학연생\Approach_Departure\자료\결과물\Polygon\12.5\안전지대\35\Polygon_35.shp,38
35,25,95,5,"[7,15,17,25,33]",C:\Users\c\Desktop\대학생활\학연생\Approach_Departure\자료\결과물\Polygon\12.5\안전지대\35\Polygon_35.shp,39
35,26,91,5,"[7,15,17,25,33]",C:\Users\c\Desktop\대학생활\학연생\Approach_Departure\자료\결과물\Polygon\12.5\안전지대\35\Polygon_35.shp,40
35,27,87,5,"[7,15,17,25,33]",C:\Users\c\Desktop\대학생활\학연생\Approach_Departure\자료\결과물\Polygon\12.5\안전지대\35\Polygon_35.shp,41
35,28,85,5,"[7,15,17,25,33]",C:\Users\c\Desktop\대학생활\학연생\Approach_Departure\자료\결과물\Polygon\12.5\안전지대\35\Polygon_35.shp,42
35,29,81,5,"[7,15,17,25,33]",C:\Users\c\Desktop\대학생활\학연생\Approach_Departure\자료\결과물\Polygon\12.5\안전지대\35\Polygon_35.shp,43
35,30,79,5,"[7,15,17,25,33]",C:\Users\c\Desktop\대학생활\학연생\Approach_Departure\자료\결과물\Polygon\12.5\안전지대\35\Polygon_35.shp,44
35,31,75,5,"[7,15,17,25,33]",C:\Users\c\Desktop\대학생활\학연생\Approach_Departure\자료\결과물\Polygon\12.5\안전지대\35\Polygon_35.shp,45
35,45,71,5,"[7,15,17,25,33]",C:\Users\c\Desktop\대학생활\학연생\Approach_Departure\자료\결과물\Polygon\12.5\안전지대\35\Polygon_35.shp,46
35,46,73,5,"[7,15,17,25,33]",C:\Users\c\Desktop\대학생활\학연생\Approach_Departure\자료\결과물\Polygon\12.5\안전지대\35\Polygon_35.shp,47
35,47,77,5,"[7,15,17,25,33]",C:\Users\c\Desktop\대학생활\학연생\Approach_Departure\자료\결과물\Polygon\12.5\안전지대\35\Polygon_35.shp,48
35,48,81,5,"[7,15,17,25,33]",C:\Users\c\Desktop\대학생활\학연생\Approach_Departure\자료\결과물\Polygon\12.5\안전지대\35\Polygon_35.shp,49
35,49,83,5,"[7,15,17,25,33]",C:\Users\c\Desktop\대학생활\학연생\Approach_Departure\자료\결과물\Polygon\12.5\안전지대\35\Polygon_35.shp,50
35,50,87,5,"[7,15,17,25,33]",C:\Users\c\Desktop\대학생활\학연생\Approach_Departure\자료\결과물\Polygon\12.5\안전지대\35\Polygon_35.shp,51
35,51,91,5,"[7,15,17,25,33]",C:\Users\c\Desktop\대학생활\학연생\Approach_Departure\자료\결과물\Polygon\12.5\안전지대\35\Polygon_35.shp,52
35,52,95,5,"[7,15,17,25,33]",C:\Users\c\Desktop\대학생활\학연생\Approach_Departure\자료\결과물\Polygon\12.5\안전지대\35\Polygon_35.shp,53
35,53,99,5,"[7,15,17,25,33]",C:\Users\c\Desktop\대학생활\학연생\Approach_Departure\자료\결과물\Polygon\12.5\안전지대\35\Polygon_35.shp,54
35,54,101,5,"[7,15,17,25,33]",C:\Users\c\Desktop\대학생활\학연생\Approach_Departure\자료\결과물\Polygon\12.5\안전지대\35\Polygon_35.shp,55
35,55,103,5,"[7,15,17,25,33]",C:\Users\c\Desktop\대학생활\학연생\Approach_Departure\자료\결과물\Polygon\12.5\안전지대\35\Polygon_35.shp,56
35,56,103,5,"[7,15,17,25,33]",C:\Users\c\Desktop\대학생활\학연생\Approach_Departure\자료\결과물\Polygon\12.5\안전지대\35\Polygon_35.shp,57
35,57,105,5,"[7,15,17,25,33]",C:\Users\c\Desktop\대학생활\학연생\Approach_Departure\자료\결과물\Polygon\12.5\안전지대\35\Polygon_35.shp,58
35,58,107,5,"[7,15,17,25,33]",C:\Users\c\Desktop\대학생활\학연생\Approach_Departure\자료\결과물\Polygon\12.5\안전지대\35\Polygon_35.shp,59
35,59,109,5,"[7,15,17,25,33]",C:\Users\c\Desktop\대학생활\학연생\Approach_Departure\자료\결과물\Polygon\12.5\안전지대\35\Polygon_35.shp,60
35,60,111,5,"[7,15,17,25,33]",C:\Users\c\Desktop\대학생활\학연생\Approach_Departure\자료\결과물\Polygon\12.5\안전지대\35\Polygon_35.shp,61
35,61,113,5,"[7,15,17,25,33]",C:\Users\c\Desktop\대학생활\학연생\Approach_Departure\자료\결과물\Polygon\12.5\안전지대\35\Polygon_35.shp,62
35,62,115,5,"[7,15,17,25,33]",C:\Users\c\Desktop\대학생활\학연생\Approach_Departure\자료\결과물\Polygon\12.5\안전지대\35\Polygon_35.shp,63
35,63,117,5,"[7,15,17,25,33]",C:\Users\c\Desktop\대학생활\학연생\Approach_Departure\자료\결과물\Polygon\12.5\안전지대\35\Polygon_35.shp,64
35,64,119,5,"[7,15,17,25,33]",C:\Users\c\Desktop\대학생활\학연생\Approach_Departure\자료\결과물\Polygon\12.5\안전지대\35\Polygon_35.shp,65
35,65,121,5,"[7,15,17,25,33]",C:\Users\c\Desktop\대학생활\학연생\Approach_Departure\자료\결과물\Polygon\12.5\안전지대\35\Polygon_35.shp,66
35,66,123,5,"[7,15,17,25,33]",C:\Users\c\Desktop\대학생활\학연생\Approach_Departure\자료\결과물\Polygon\12.5\안전지대\35\Polygon_35.shp,67
35,67,123,5,"[7,15,17,25,33]",C:\Users\c\Desktop\대학생활\학연생\Approach_Departure\자료\결과물\Polygon\12.5\안전지대\35\Polygon_35.shp,68
35,68,125,5,"[7,15,17,25,33]",C:\Users\c\Desktop\대학생활\학연생\Approach_Departure\자료\결과물\Polygon\12.5\안전지대\35\Polygon_35.shp,69
35,69,127,5,"[7,15,17,25,33]",C:\Users\c\Desktop\대학생활\학연생\Approach_Departure\자료\결과물\Polygon\12.5\안전지대\35\Polygon_35.shp,70
35,70,129,5,"[7,15,17,25,33]",C:\Users\c\Desktop\대학생활\학연생\Approach_Departure\자료\결과물\Polygon\12.5\안전지대\35\Polygon_35.shp,71
35,71,131,5,"[7,15,17,25,33]",C:\Users\c\Desktop\대학생활\학연생\Approach_Departure\자료\결과물\Polygon\12.5\안전지대\35\Polygon_35.shp,72
35,72,133,5,"[7,15,17,25,33]",C:\Users\c\Desktop\대학생활\학연생\Approach_Departure\자료\결과물\Polygon\12.5\안전지대\35\Polygon_35.shp,73
35,73,135,5,"[7,15,17,25,33]",C:\Users\c\Desktop\대학생활\학연생\Approach_Departure\자료\결과물\Polygon\12.5\안전지대\35\Polygon_35.shp,74
35,74,137,5,"[7,15,17,25,33]",C:\Users\c\Desktop\대학생활\학연생\Approach_Departure\자료\결과물\Polygon\12.5\안전지대\35\Polygon_35.shp,75
35,75,139,5,"[7,15,17,25,33]",C:\Users\c\Desktop\대학생활\학연생\Approach_Departure\자료\결과물\Polygon\12.5\안전지대\35\Polygon_35.shp,76
35,76,141,5,"[7,15,17,25,33]",C:\Users\c\Desktop\대학생활\학연생\Approach_Departure\자료\결과물\Polygon\12.5\안전지대\35\Polygon_35.shp,77
35,77,143,5,"[7,15,17,25,33]",C:\Users\c\Desktop\대학생활\학연생\Approach_Departure\자료\결과물\Polygon\12.5\안전지대\35\Polygon_35.shp,78
35,78,145,5,"[7,15,17,25,33]",C:\Users\c\Desktop\대학생활\학연생\Approach_Departure\자료\결과물\Polygon\12.5\안전지대\35\Polygon_35.shp,79
35,79,147,5,"[7,15,17,25,33]",C:\Users\c\Desktop\대학생활\학연생\Approach_Departure\자료\결과물\Polygon\12.5\안전지대\35\Polygon_35.shp,80
35,80,149,5,"[7,15,17,25,33]",C:\Users\c\Desktop\대학생활\학연생\Approach_Departure\자료\결과물\Polygon\12.5\안전지대\35\Polygon_35.shp,81
35,81,149,5,"[7,15,17,25,33]",C:\Users\c\Desktop\대학생활\학연생\Approach_Departure\자료\결과물\Polygon\12.5\안전지대\35\Polygon_35.shp,82
35,82,151,5,"[7,15,17,25,33]",C:\Users\c\Desktop\대학생활\학연생\Approach_Departure\자료\결과물\Polygon\12.5\안전지대\35\Polygon_35.shp,83
35,83,151,5,"[7,15,17,25,33]",C:\Users\c\Desktop\대학생활\학연생\Approach_Departure\자료\결과물\Polygon\12.5\안전지대\35\Polygon_35.shp,84
35,84,151,5,"[7,15,17,25,33]",C:\Users\c\Desktop\대학생활\학연생\Approach_Departure\자료\결과물\Polygon\12.5\안전지대\35\Polygon_35.shp,85
35,85,151,5,"[7,15,17,25,33]",C:\Users\c\Desktop\대학생활\학연생\Approach_Departure\자료\결과물\Polygon\12.5\안전지대\35\Polygon_35.shp,86
35,86,151,5,"[7,15,17,25,33]",C:\Users\c\Desktop\대학생활\학연생\Approach_Departure\자료\결과물\Polygon\12.5\안전지대\35\Polygon_35.shp,87
35,87,151,5,"[7,15,17,25,33]",C:\Users\c\Desktop\대학생활\학연생\Approach_Departure\자료\결과물\Polygon\12.5\안전지대\35\Polygon_35.shp,88
35,88,151,5,"[7,15,17,25,33]",C:\Users\c\Desktop\대학생활\학연생\Approach_Departure\자료\결과물\Polygon\12.5\안전지대\35\Polygon_35.shp,89
35,89,151,5,"[7,15,17,25,33]",C:\Users\c\Desktop\대학생활\학연생\Approach_Departure\자료\결과물\Polygon\12.5\안전지대\35\Polygon_35.shp,90
35,90,151,5,"[7,15,17,25,33]",C:\Users\c\Desktop\대학생활\학연생\Approach_Departure\자료\결과물\Polygon\12.5\안전지대\35\Polygon_35.shp,91
35,91,151,5,"[7,15,17,25,33]",C:\Users\c\Desktop\대학생활\학연생\Approach_Departure\자료\결과물\Polygon\12.5\안전지대\35\Polygon_35.shp,92
35,92,150,5,"[7,15,17,25,33]",C:\Users\c\Desktop\대학생활\학연생\Approach_Departure\자료\결과물\Polygon\12.5\안전지대\35\Polygon_35.shp,93
35,93,149,5,"[7,15,17,25,33]",C:\Users\c\Desktop\대학생활\학연생\Approach_Departure\자료\결과물\Polygon\12.5\안전지대\35\Polygon_35.shp,94
35,94,148,5,"[7,15,17,25,33]",C:\Users\c\Desktop\대학생활\학연생\Approach_Departure\자료\결과물\Polygon\12.5\안전지대\35\Polygon_35.shp,95
35,95,147,5,"[7,15,17,25,33]",C:\Users\c\Desktop\대학생활\학연생\Approach_Departure\자료\결과물\Polygon\12.5\안전지대\35\Polygon_35.shp,96
35,96,146,5,"[7,15,17,25,33]",C:\Users\c\Desktop\대학생활\학연생\Approach_Departure\자료\결과물\Polygon\12.5\안전지대\35\Polygon_35.shp,97
35,97,145,5,"[7,15,17,25,33]",C:\Users\c\Desktop\대학생활\학연생\Approach_Departure\자료\결과물\Polygon\12.5\안전지대\35\Polygon_35.shp,98
35,98,144,5,"[7,15,17,25,33]",C:\Users\c\Desktop\대학생활\학연생\Approach_Departure\자료\결과물\Polygon\12.5\안전지대\35\Polygon_35.shp,99
35,99,143,5,"[7,15,17,25,33]",C:\Users\c\Desktop\대학생활\학연생\Approach_Departure\자료\결과물\Polygon\12.5\안전지대\35\Polygon_35.shp,100
35,100,142,5,"[7,15,17,25,33]",C:\Users\c\Desktop\대학생활\학연생\Approach_Departure\자료\결과물\Polygon\12.5\안전지대\35\Polygon_35.shp,101
35,101,141,5,"[7,15,17,25,33]",C:\Users\c\Desktop\대학생활\학연생\Approach_Departure\자료\결과물\Polygon\12.5\안전지대\35\Polygon_35.shp,102
35,102,140,5,"[7,15,17,25,33]",C:\Users\c\Desktop\대학생활\학연생\Approach_Departure\자료\결과물\Polygon\12.5\안전지대\35\Polygon_35.shp,103
35,103,139,5,"[7,15,17,25,33]",C:\Users\c\Desktop\대학생활\학연생\Approach_Departure\자료\결과물\Polygon\12.5\안전지대\35\Polygon_35.shp,104
35,104,138,5,"[7,15,17,25,33]",C:\Users\c\Desktop\대학생활\학연생\Approach_Departure\자료\결과물\Polygon\12.5\안전지대\35\Polygon_35.shp,105
35,105,137,5,"[7,15,17,25,33]",C:\Users\c\Desktop\대학생활\학연생\Approach_Departure\자료\결과물\Polygon\12.5\안전지대\35\Polygon_35.shp,106
35,106,136,5,"[7,15,17,25,33]",C:\Users\c\Desktop\대학생활\학연생\Approach_Departure\자료\결과물\Polygon\12.5\안전지대\35\Polygon_35.shp,107
35,107,135,5,"[7,15,17,25,33]",C:\Users\c\Desktop\대학생활\학연생\Approach_Departure\자료\결과물\Polygon\12.5\안전지대\35\Polygon_35.shp,108
35,108,134,5,"[7,15,17,25,33]",C:\Users\c\Desktop\대학생활\학연생\Approach_Departure\자료\결과물\Polygon\12.5\안전지대\35\Polygon_35.shp,109
35,109,133,5,"[7,15,17,25,33]",C:\Users\c\Desktop\대학생활\학연생\Approach_Departure\자료\결과물\Polygon\12.5\안전지대\35\Polygon_35.shp,110
35,110,132,5,"[7,15,17,25,33]",C:\Users\c\Desktop\대학생활\학연생\Approach_Departure\자료\결과물\Polygon\12.5\안전지대\35\Polygon_35.shp,111
35,111,131,5,"[7,15,17,25,33]",C:\Users\c\Desktop\대학생활\학연생\Approach_Departure\자료\결과물\Polygon\12.5\안전지대\35\Polygon_35.shp,112
35,112,130,5,"[7,15,17,25,33]",C:\Users\c\Desktop\대학생활\학연생\Approach_Departure\자료\결과물\Polygon\12.5\안전지대\35\Polygon_35.shp,113
35,113,129,5,"[7,15,17,25,33]",C:\Users\c\Desktop\대학생활\학연생\Approach_Departure\자료\결과물\Polygon\12.5\안전지대\35\Polygon_35.shp,114
35,114,128,5,"[7,15,17,25,33]",C:\Users\c\Desktop\대학생활\학연생\Approach_Departure\자료\결과물\Polygon\12.5\안전지대\35\Polygon_35.shp,115
35,115,127,5,"[7,15,17,25,33]",C:\Users\c\Desktop\대학생활\학연생\Approach_Departure\자료\결과물\Polygon\12.5\안전지대\35\Polygon_35.shp,116
35,116,126,5,"[7,15,17,25,33]",C:\Users\c\Desktop\대학생활\학연생\Approach_Departure\자료\결과물\Polygon\12.5\안전지대\35\Polygon_35.shp,117
35,117,125,5,"[7,15,17,25,33]",C:\Users\c\Desktop\대학생활\학연생\Approach_Departure\자료\결과물\Polygon\12.5\안전지대\35\Polygon_35.shp,118
35,118,124,5,"[7,15,17,25,33]",C:\Users\c\Desktop\대학생활\학연생\Approach_Departure\자료\결과물\Polygon\12.5\안전지대\35\Polygon_35.shp,119
35,119,123,5,"[7,15,17,25,33]",C:\Users\c\Desktop\대학생활\학연생\Approach_Departure\자료\결과물\Polygon\12.5\안전지대\35\Polygon_35.shp,120
35,120,122,5,"[7,15,17,25,33]",C:\Users\c\Desktop\대학생활\학연생\Approach_Departure\자료\결과물\Polygon\12.5\안전지대\35\Polygon_35.shp,121
35,121,121,5,"[7,15,17,25,33]",C:\Users\c\Desktop\대학생활\학연생\Approach_Departure\자료\결과물\Polygon\12.5\안전지대\35\Polygon_35.shp,122
35,122,120,5,"[7,15,17,25,33]",C:\Users\c\Desktop\대학생활\학연생\Approach_Departure\자료\결과물\Polygon\12.5\안전지대\35\Polygon_35.shp,123
35,279,198,5,"[7,15,17,25,33]",C:\Users\c\Desktop\대학생활\학연생\Approach_Departure\자료\결과물\Polygon\12.5\안전지대\35\Polygon_35.shp,124
35,280,199,5,"[7,15,17,25,33]",C:\Users\c\Desktop\대학생활\학연생\Approach_Departure\자료\결과물\Polygon\12.5\안전지대\35\Polygon_35.shp,125
35,281,200,5,"[7,15,17,25,33]",C:\Users\c\Desktop\대학생활\학연생\Approach_Departure\자료\결과물\Polygon\12.5\안전지대\35\Polygon_35.shp,126
35,282,201,5,"[7,15,17,25,33]",C:\Users\c\Desktop\대학생활\학연생\Approach_Departure\자료\결과물\Polygon\12.5\안전지대\35\Polygon_35.shp,127
35,283,202,5,"[7,15,17,25,33]",C:\Users\c\Desktop\대학생활\학연생\Approach_Departure\자료\결과물\Polygon\12.5\안전지대\35\Polygon_35.shp,128
35,284,203,5,"[7,15,17,25,33]",C:\Users\c\Desktop\대학생활\학연생\Approach_Departure\자료\결과물\Polygon\12.5\안전지대\35\Polygon_35.shp,129
35,285,204,5,"[7,15,17,25,33]",C:\Users\c\Desktop\대학생활\학연생\Approach_Departure\자료\결과물\Polygon\12.5\안전지대\35\Polygon_35.shp,130
35,286,205,5,"[7,15,17,25,33]",C:\Users\c\Desktop\대학생활\학연생\Approach_Departure\자료\결과물\Polygon\12.5\안전지대\35\Polygon_35.shp,131
35,287,206,5,"[7,15,17,25,33]",C:\Users\c\Desktop\대학생활\학연생\Approach_Departure\자료\결과물\Polygon\12.5\안전지대\35\Polygon_35.shp,132
35,288,207,5,"[7,15,17,25,33]",C:\Users\c\Desktop\대학생활\학연생\Approach_Departure\자료\결과물\Polygon\12.5\안전지대\35\Polygon_35.shp,133
35,289,208,5,"[7,15,17,25,33]",C:\Users\c\Desktop\대학생활\학연생\Approach_Departure\자료\결과물\Polygon\12.5\안전지대\35\Polygon_35.shp,134
35,290,209,5,"[7,15,17,25,33]",C:\Users\c\Desktop\대학생활\학연생\Approach_Departure\자료\결과물\Polygon\12.5\안전지대\35\Polygon_35.shp,135
35,291,210,5,"[7,15,17,25,33]",C:\Users\c\Desktop\대학생활\학연생\Approach_Departure\자료\결과물\Polygon\12.5\안전지대\35\Polygon_35.shp,136
35,292,211,5,"[7,15,17,25,33]",C:\Users\c\Desktop\대학생활\학연생\Approach_Departure\자료\결과물\Polygon\12.5\안전지대\35\Polygon_35.shp,137
35,293,212,5,"[7,15,17,25,33]",C:\Users\c\Desktop\대학생활\학연생\Approach_Departure\자료\결과물\Polygon\12.5\안전지대\35\Polygon_35.shp,138
35,294,213,5,"[7,15,17,25,33]",C:\Users\c\Desktop\대학생활\학연생\Approach_Departure\자료\결과물\Polygon\12.5\안전지대\35\Polygon_35.shp,139
35,295,214,5,"[7,15,17,25,33]",C:\Users\c\Desktop\대학생활\학연생\Approach_Departure\자료\결과물\Polygon\12.5\안전지대\35\Polygon_35.shp,140
35,296,215,5,"[7,15,17,25,33]",C:\Users\c\Desktop\대학생활\학연생\Approach_Departure\자료\결과물\Polygon\12.5\안전지대\35\Polygon_35.shp,141
35,297,216,5,"[7,15,17,25,33]",C:\Users\c\Desktop\대학생활\학연생\Approach_Departure\자료\결과물\Polygon\12.5\안전지대\35\Polygon_35.shp,142
35,298,217,5,"[7,15,17,25,33]",C:\Users\c\Desktop\대학생활\학연생\Approach_Departure\자료\결과물\Polygon\12.5\안전지대\35\Polygon_35.shp,143
35,299,218,5,"[7,15,17,25,33]",C:\Users\c\Desktop\대학생활\학연생\Approach_Departure\자료\결과물\Polygon\12.5\안전지대\35\Polygon_35.shp,144
35,300,219,5,"[7,15,17,25,33]",C:\Users\c\Desktop\대학생활\학연생\Approach_Departure\자료\결과물\Polygon\12.5\안전지대\35\Polygon_35.shp,145
35,301,220,5,"[7,15,17,25,33]",C:\Users\c\Desktop\대학생활\학연생\Approach_Departure\자료\결과물\Polygon\12.5\안전지대\35\Polygon_35.shp,146
35,302,221,5,"[7,15,17,25,33]",C:\Users\c\Desktop\대학생활\학연생\Approach_Departure\자료\결과물\Polygon\12.5\안전지대\35\Polygon_35.shp,147
35,303,222,5,"[7,15,17,25,33]",C:\Users\c\Desktop\대학생활\학연생\Approach_Departure\자료\결과물\Polygon\12.5\안전지대\35\Polygon_35.shp,148
35,304,223,5,"[7,15,17,25,33]",C:\Users\c\Desktop\대학생활\학연생\Approach_Departure\자료\결과물\Polygon\12.5\안전지대\35\Polygon_35.shp,149
35,305,224,5,"[7,15,17,25,33]",C:\Users\c\Desktop\대학생활\학연생\Approach_Departure\자료\결과물\Polygon\12.5\안전지대\35\Polygon_35.shp,150
35,306,225,5,"[7,15,17,25,33]",C:\Users\c\Desktop\대학생활\학연생\Approach_Departure\자료\결과물\Polygon\12.5\안전지대\35\Polygon_35.shp,151
35,307,226,5,"[7,15,17,25,33]",C:\Users\c\Desktop\대학생활\학연생\Approach_Departure\자료\결과물\Polygon\12.5\안전지대\35\Polygon_35.shp,152
35,308,227,5,"[7,15,17,25,33]",C:\Users\c\Desktop\대학생활\학연생\Approach_Departure\자료\결과물\Polygon\12.5\안전지대\35\Polygon_35.shp,153
35,309,228,5,"[7,15,17,25,33]",C:\Users\c\Desktop\대학생활\학연생\Approach_Departure\자료\결과물\Polygon\12.5\안전지대\35\Polygon_35.shp,154
35,310,229,5,"[7,15,17,25,33]",C:\Users\c\Desktop\대학생활\학연생\Approach_Departure\자료\결과물\Polygon\12.5\안전지대\35\Polygon_35.shp,155
35,311,229,5,"[7,15,17,25,33]",C:\Users\c\Desktop\대학생활\학연생\Approach_Departure\자료\결과물\Polygon\12.5\안전지대\35\Polygon_35.shp,156
35,312,229,5,"[7,15,17,25,33]",C:\Users\c\Desktop\대학생활\학연생\Approach_Departure\자료\결과물\Polygon\12.5\안전지대\35\Polygon_35.shp,157
35,313,229,5,"[7,15,17,25,33]",C:\Users\c\Desktop\대학생활\학연생\Approach_Departure\자료\결과물\Polygon\12.5\안전지대\35\Polygon_35.shp,158
35,314,229,5,"[7,15,17,25,33]",C:\Users\c\Desktop\대학생활\학연생\Approach_Departure\자료\결과물\Polygon\12.5\안전지대\35\Polygon_35.shp,159
35,315,229,5,"[7,15,17,25,33]",C:\Users\c\Desktop\대학생활\학연생\Approach_Departure\자료\결과물\Polygon\12.5\안전지대\35\Polygon_35.shp,160
35,316,227,5,"[7,15,17,25,33]",C:\Users\c\Desktop\대학생활\학연생\Approach_Departure\자료\결과물\Polygon\12.5\안전지대\35\Polygon_35.shp,161
35,317,225,5,"[7,15,17,25,33]",C:\Users\c\Desktop\대학생활\학연생\Approach_Departure\자료\결과물\Polygon\12.5\안전지대\35\Polygon_35.shp,162
35,318,223,5,"[7,15,17,25,33]",C:\Users\c\Desktop\대학생활\학연생\Approach_Departure\자료\결과물\Polygon\12.5\안전지대\35\Polygon_35.shp,163
35,319,221,5,"[7,15,17,25,33]",C:\Users\c\Desktop\대학생활\학연생\Approach_Departure\자료\결과물\Polygon\12.5\안전지대\35\Polygon_35.shp,164
35,320,219,5,"[7,15,17,25,33]",C:\Users\c\Desktop\대학생활\학연생\Approach_Departure\자료\결과물\Polygon\12.5\안전지대\35\Polygon_35.shp,165
35,321,217,5,"[7,15,17,25,33]",C:\Users\c\Desktop\대학생활\학연생\Approach_Departure\자료\결과물\Polygon\12.5\안전지대\35\Polygon_35.shp,166
35,322,215,5,"[7,15,17,25,33]",C:\Users\c\Desktop\대학생활\학연생\Approach_Departure\자료\결과물\Polygon\12.5\안전지대\35\Polygon_35.shp,167
35,323,213,5,"[7,15,17,25,33]",C:\Users\c\Desktop\대학생활\학연생\Approach_Departure\자료\결과물\Polygon\12.5\안전지대\35\Polygon_35.shp,168
35,324,211,5,"[7,15,17,25,33]",C:\Users\c\Desktop\대학생활\학연생\Approach_Departure\자료\결과물\Polygon\12.5\안전지대\35\Polygon_35.shp,169
35,325,209,5,"[7,15,17,25,33]",C:\Users\c\Desktop\대학생활\학연생\Approach_Departure\자료\결과물\Polygon\12.5\안전지대\35\Polygon_35.shp,170
35,326,207,5,"[7,15,17,25,33]",C:\Users\c\Desktop\대학생활\학연생\Approach_Departure\자료\결과물\Polygon\12.5\안전지대\35\Polygon_35.shp,171
35,327,205,5,"[7,15,17,25,33]",C:\Users\c\Desktop\대학생활\학연생\Approach_Departure\자료\결과물\Polygon\12.5\안전지대\35\Polygon_35.shp,172
35,328,203,5,"[7,15,17,25,33]",C:\Users\c\Desktop\대학생활\학연생\Approach_Departure\자료\결과물\Polygon\12.5\안전지대\35\Polygon_35.shp,173
35,329,201,5,"[7,15,17,25,33]",C:\Users\c\Desktop\대학생활\학연생\Approach_Departure\자료\결과물\Polygon\12.5\안전지대\35\Polygon_35.shp,174
35,330,199,5,"[7,15,17,25,33]",C:\Users\c\Desktop\대학생활\학연생\Approach_Departure\자료\결과물\Polygon\12.5\안전지대\35\Polygon_35.shp,175
35,331,197,5,"[7,15,17,25,33]",C:\Users\c\Desktop\대학생활\학연생\Approach_Departure\자료\결과물\Polygon\12.5\안전지대\35\Polygon_35.shp,176
35,332,195,5,"[7,15,17,25,33]",C:\Users\c\Desktop\대학생활\학연생\Approach_Departure\자료\결과물\Polygon\12.5\안전지대\35\Polygon_35.shp,177
35,333,193,5,"[7,15,17,25,33]",C:\Users\c\Desktop\대학생활\학연생\Approach_Departure\자료\결과물\Polygon\12.5\안전지대\35\Polygon_35.shp,178
35,334,191,5,"[7,15,17,25,33]",C:\Users\c\Desktop\대학생활\학연생\Approach_Departure\자료\결과물\Polygon\12.5\안전지대\35\Polygon_35.shp,179
35,335,189,5,"[7,15,17,25,33]",C:\Users\c\Desktop\대학생활\학연생\Approach_Departure\자료\결과물\Polygon\12.5\안전지대\35\Polygon_35.shp,180
35,336,187,5,"[7,15,17,25,33]",C:\Users\c\Desktop\대학생활\학연생\Approach_Departure\자료\결과물\Polygon\12.5\안전지대\35\Polygon_35.shp,181
35,337,185,5,"[7,15,17,25,33]",C:\Users\c\Desktop\대학생활\학연생\Approach_Departure\자료\결과물\Polygon\12.5\안전지대\35\Polygon_35.shp,182
35,338,183,5,"[7,15,17,25,33]",C:\Users\c\Desktop\대학생활\학연생\Approach_Departure\자료\결과물\Polygon\12.5\안전지대\35\Polygon_35.shp,183
35,339,181,5,"[7,15,17,25,33]",C:\Users\c\Desktop\대학생활\학연생\Approach_Departure\자료\결과물\Polygon\12.5\안전지대\35\Polygon_35.shp,184
35,340,179,5,"[7,15,17,25,33]",C:\Users\c\Desktop\대학생활\학연생\Approach_Departure\자료\결과물\Polygon\12.5\안전지대\35\Polygon_35.shp,185
35,341,177,5,"[7,15,17,25,33]",C:\Users\c\Desktop\대학생활\학연생\Approach_Departure\자료\결과물\Polygon\12.5\안전지대\35\Polygon_35.shp,186
35,342,175,5,"[7,15,17,25,33]",C:\Users\c\Desktop\대학생활\학연생\Approach_Departure\자료\결과물\Polygon\12.5\안전지대\35\Polygon_35.shp,187
35,343,173,5,"[7,15,17,25,33]",C:\Users\c\Desktop\대학생활\학연생\Approach_Departure\자료\결과물\Polygon\12.5\안전지대\35\Polygon_35.shp,188
35,344,173,5,"[7,15,17,25,33]",C:\Users\c\Desktop\대학생활\학연생\Approach_Departure\자료\결과물\Polygon\12.5\안전지대\35\Polygon_35.shp,189
35,345,171,5,"[7,15,17,25,33]",C:\Users\c\Desktop\대학생활\학연생\Approach_Departure\자료\결과물\Polygon\12.5\안전지대\35\Polygon_35.shp,190
35,346,169,5,"[7,15,17,25,33]",C:\Users\c\Desktop\대학생활\학연생\Approach_Departure\자료\결과물\Polygon\12.5\안전지대\35\Polygon_35.shp,191
35,347,167,5,"[7,15,17,25,33]",C:\Users\c\Desktop\대학생활\학연생\Approach_Departure\자료\결과물\Polygon\12.5\안전지대\35\Polygon_35.shp,192
35,348,165,5,"[7,15,17,25,33]",C:\Users\c\Desktop\대학생활\학연생\Approach_Departure\자료\결과물\Polygon\12.5\안전지대\35\Polygon_35.shp,193
35,349,163,5,"[7,15,17,25,33]",C:\Users\c\Desktop\대학생활\학연생\Approach_Departure\자료\결과물\Polygon\12.5\안전지대\35\Polygon_35.shp,194
35,350,161,5,"[7,15,17,25,33]",C:\Users\c\Desktop\대학생활\학연생\Approach_Departure\자료\결과물\Polygon\12.5\안전지대\35\Polygon_35.shp,195
35,351,159,5,"[7,15,17,25,33]",C:\Users\c\Desktop\대학생활\학연생\Approach_Departure\자료\결과물\Polygon\12.5\안전지대\35\Polygon_35.shp,196
35,352,157,5,"[7,15,17,25,33]",C:\Users\c\Desktop\대학생활\학연생\Approach_Departure\자료\결과물\Polygon\12.5\안전지대\35\Polygon_35.shp,197
35,353,155,5,"[7,15,17,25,33]",C:\Users\c\Desktop\대학생활\학연생\Approach_Departure\자료\결과물\Polygon\12.5\안전지대\35\Polygon_35.shp,198
35,354,153,5,"[7,15,17,25,33]",C:\Users\c\Desktop\대학생활\학연생\Approach_Departure\자료\결과물\Polygon\12.5\안전지대\35\Polygon_35.shp,199
35,355,151,5,"[7,15,17,25,33]",C:\Users\c\Desktop\대학생활\학연생\Approach_Departure\자료\결과물\Polygon\12.5\안전지대\35\Polygon_35.shp,200
35,356,149,5,"[7,15,17,25,33]",C:\Users\c\Desktop\대학생활\학연생\Approach_Departure\자료\결과물\Polygon\12.5\안전지대\35\Polygon_35.shp,201
35,357,147,5,"[7,15,17,25,33]",C:\Users\c\Desktop\대학생활\학연생\Approach_Departure\자료\결과물\Polygon\12.5\안전지대\35\Polygon_35.shp,202
35,358,145,5,"[7,15,17,25,33]",C:\Users\c\Desktop\대학생활\학연생\Approach_Departure\자료\결과물\Polygon\12.5\안전지대\35\Polygon_35.shp,203
35,359,143,5,"[7,15,17,25,33]",C:\Users\c\Desktop\대학생활\학연생\Approach_Departure\자료\결과물\Polygon\12.5\안전지대\35\Polygon_35.shp,204
17,32,71,3,"[7,25,35]",C:\Users\c\Desktop\대학생활\학연생\Approach_Departure\자료\결과물\Polygon\12.5\안전지대\17\Polygon_17.shp,1
17,33,69,3,"[7,25,35]",C:\Users\c\Desktop\대학생활\학연생\Approach_Departure\자료\결과물\Polygon\12.5\안전지대\17\Polygon_17.shp,2
17,34,69,3,"[7,25,35]",C:\Users\c\Desktop\대학생활\학연생\Approach_Departure\자료\결과물\Polygon\12.5\안전지대\17\Polygon_17.shp,3
17,35,67,3,"[7,25,35]",C:\Users\c\Desktop\대학생활\학연생\Approach_Departure\자료\결과물\Polygon\12.5\안전지대\17\Polygon_17.shp,4
17,36,65,3,"[7,25,35]",C:\Users\c\Desktop\대학생활\학연생\Approach_Departure\자료\결과물\Polygon\12.5\안전지대\17\Polygon_17.shp,5
17,42,65,3,"[7,25,35]",C:\Users\c\Desktop\대학생활\학연생\Approach_Departure\자료\결과물\Polygon\12.5\안전지대\17\Polygon_17.shp,11
17,43,67,3,"[7,25,35]",C:\Users\c\Desktop\대학생활\학연생\Approach_Departure\자료\결과물\Polygon\12.5\안전지대\17\Polygon_17.shp,12
17,44,67,3,"[7,25,35]",C:\Users\c\Desktop\대학생활\학연생\Approach_Departure\자료\결과물\Polygon\12.5\안전지대\17\Polygon_17.shp,13
35,32,71,3,"[7,17,25]",C:\Users\c\Desktop\대학생활\학연생\Approach_Departure\자료\결과물\Polygon\12.5\안전지대\35\Polygon_35.shp,1
35,33,69,3,"[7,17,25]",C:\Users\c\Desktop\대학생활\학연생\Approach_Departure\자료\결과물\Polygon\12.5\안전지대\35\Polygon_35.shp,2
35,34,69,3,"[7,17,25]",C:\Users\c\Desktop\대학생활\학연생\Approach_Departure\자료\결과물\Polygon\12.5\안전지대\35\Polygon_35.shp,3
35,35,67,3,"[7,17,25]",C:\Users\c\Desktop\대학생활\학연생\Approach_Departure\자료\결과물\Polygon\12.5\안전지대\35\Polygon_35.shp,4
35,36,65,3,"[7,17,25]",C:\Users\c\Desktop\대학생활\학연생\Approach_Departure\자료\결과물\Polygon\12.5\안전지대\35\Polygon_35.shp,5
35,42,65,3,"[7,17,25]",C:\Users\c\Desktop\대학생활\학연생\Approach_Departure\자료\결과물\Polygon\12.5\안전지대\35\Polygon_35.shp,11
35,43,67,3,"[7,17,25]",C:\Users\c\Desktop\대학생활\학연생\Approach_Departure\자료\결과물\Polygon\12.5\안전지대\35\Polygon_35.shp,12
35,44,67,3,"[7,17,25]",C:\Users\c\Desktop\대학생활\학연생\Approach_Departure\자료\결과물\Polygon\12.5\안전지대\35\Polygon_35.shp,13
17,37,63,1,[35],C:\Users\c\Desktop\대학생활\학연생\Approach_Departure\자료\결과물\Polygon\12.5\안전지대\17\Polygon_17.shp,6
17,38,63,1,[35],C:\Users\c\Desktop\대학생활\학연생\Approach_Departure\자료\결과물\Polygon\12.5\안전지대\17\Polygon_17.shp,7
17,39,63,1,[35],C:\Users\c\Desktop\대학생활\학연생\Approach_Departure\자료\결과물\Polygon\12.5\안전지대\17\Polygon_17.shp,8
17,40,63,1,[35],C:\Users\c\Desktop\대학생활\학연생\Approach_Departure\자료\결과물\Polygon\12.5\안전지대\17\Polygon_17.shp,9
17,41,63,1,[35],C:\Users\c\Desktop\대학생활\학연생\Approach_Departure\자료\결과물\Polygon\12.5\안전지대\17\Polygon_17.shp,10
35,37,63,1,[17],C:\Users\c\Desktop\대학생활\학연생\Approach_Departure\자료\결과물\Polygon\12.5\안전지대\35\Polygon_35.shp,6
35,38,63,1,[17],C:\Users\c\Desktop\대학생활\학연생\Approach_Departure\자료\결과물\Polygon\12.5\안전지대\35\Polygon_35.shp,7
35,39,63,1,[17],C:\Users\c\Desktop\대학생활\학연생\Approach_Departure\자료\결과물\Polygon\12.5\안전지대\35\Polygon_35.shp,8
35,40,63,1,[17],C:\Users\c\Desktop\대학생활\학연생\Approach_Departure\자료\결과물\Polygon\12.5\안전지대\35\Polygon_35.shp,9
35,41,63,1,[17],C:\Users\c\Desktop\대학생활\학연생\Approach_Departure\자료\결과물\Polygon\12.5\안전지대\35\Polygon_35.shp,10
