id,순위,중첩된 개수,방위각,중첩된 id,전체 후보 개수,입력 파일,출력 파일
1,1,23,222.0,"[2,4,5,6,10,11,12,13,14,16,18,19,20,22,23,24,28,29,30,31,32,34,36]",312,C:\Users\c\Desktop\대학생활\학연생\Approach_Departure\자료\결과물\Polygon\12.5\1\Polygon_1.shp,C:\Users\c\Desktop\대학생활\학연생\Approach_Departure\자료\결과물\Polygon\12.5\안전지대\1\Polygon_1.shp
1,2,23,223.0,"[2,4,5,6,10,11,12,13,14,16,18,19,20,22,23,24,28,29,30,31,32,34,36]",312,C:\Users\c\Desktop\대학생활\학연생\Approach_Departure\자료\결과물\Polygon\12.5\1\Polygon_1.shp,C:\Users\c\Desktop\대학생활\학연생\Approach_Departure\자료\결과물\Polygon\12.5\안전지대\1\Polygon_1.shp
1,3,23,224.0,"[2,4,5,6,10,11,12,13,14,16,18,19,20,22,23,24,28,29,30,31,32,34,36]",312,C:\Users\c\Desktop\대학생활\학연생\Approach_Departure\자료\결과물\Polygon\12.5\1\Polygon_1.shp,C:\Users\c\Desktop\대학생활\학연생\Approach_Departure\자료\결과물\Polygon\12.5\안전지대\1\Polygon_1.shp
1,4,23,225.0,"[2,4,5,6,10,11,12,13,14,16,18,19,20,22,23,24,28,29,30,31,32,34,36]",312,C:\Users\c\Desktop\대학생활\학연생\Approach_Departure\자료\결과물\Polygon\12.5\1\Polygon_1.shp,C:\Users\c\Desktop\대학생활\학연생\Approach_Departure\자료\결과물\Polygon\12.5\안전지대\1\Polygon_1.shp
1,5,23,226.0,"[2,4,5,6,10,11,12,13,14,16,18,19,20,22,23,24,28,29,30,31,32,34,36]",312,C:\Users\c\Desktop\대학생활\학연생\Approach_Departure\자료\결과물\Polygon\12.5\1\Polygon_1.shp,C:\Users\c\Desktop\대학생활\학연생\Approach_Departure\자료\결과물\Polygon\12.5\안전지대\1\Polygon_1.shp
1,6,23,227.0,"[2,4,5,6,10,11,12,13,14,16,18,19,20,22,23,24,28,29,30,31,32,34,36]",312,C:\Users\c\Desktop\대학생활\학연생\Approach_Departure\자료\결과물\Polygon\12.5\1\Polygon_1.shp,C:\Users\c\Desktop\대학생활\학연생\Approach_Departure\자료\결과물\Polygon\12.5\안전지대\1\Polygon_1.shp
1,7,23,228.0,"[2,4,5,6,10,11,12,13,14,16,18,19,20,22,23,24,28,29,30,31,32,34,36]",312,C:\Users\c\Desktop\대학생활\학연생\Approach_Departure\자료\결과물\Polygon\12.5\1\Polygon_1.shp,C:\Users\c\Desktop\대학생활\학연생\Approach_Departure\자료\결과물\Polygon\12.5\안전지대\1\Polygon_1.shp
1,8,23,229.0,"[2,4,5,6,10,11,12,13,14,16,18,19,20,22,23,24,28,29,30,31,32,34,36]",312,C:\Users\c\Desktop\대학생활\학연생\Approach_Departure\자료\결과물\Polygon\12.5\1\Polygon_1.shp,C:\Users\c\Desktop\대학생활\학연생\Approach_Departure\자료\결과물\Polygon\12.5\안전지대\1\Polygon_1.shp
1,9,23,230.0,"[2,4,5,6,10,11,12,13,14,16,18,19,20,22,23,24,28,29,30,31,32,34,36]",312,C:\Users\c\Desktop\대학생활\학연생\Approach_Departure\자료\결과물\Polygon\12.5\1\Polygon_1.shp,C:\Users\c\Desktop\대학생활\학연생\Approach_Departure\자료\결과물\Polygon\12.5\안전지대\1\Polygon_1.shp
1,10,23,231.0,"[2,4,5,6,10,11,12,13,14,16,18,19,20,22,23,24,28,29,30,31,32,34,36]",312,C:\Users\c\Desktop\대학생활\학연생\Approach_Departure\자료\결과물\Polygon\12.5\1\Polygon_1.shp,C:\Users\c\Desktop\대학생활\학연생\Approach_Departure\자료\결과물\Polygon\12.5\안전지대\1\Polygon_1.shp
2,1,23,267.0,"[1,4,5,6,10,11,12,13,14,16,18,19,20,22,23,24,28,29,30,31,32,34,36]",263,C:\Users\c\Desktop\대학생활\학연생\Approach_Departure\자료\결과물\Polygon\12.5\2\Polygon_2.shp,C:\Users\c\Desktop\대학생활\학연생\Approach_Departure\자료\결과물\Polygon\12.5\안전지대\2\Polygon_2.shp
2,2,23,268.0,"[1,4,5,6,10,11,12,13,14,16,18,19,20,22,23,24,28,29,30,31,32,34,36]",263,C:\Users\c\Desktop\대학생활\학연생\Approach_Departure\자료\결과물\Polygon\12.5\2\Polygon_2.shp,C:\Users\c\Desktop\대학생활\학연생\Approach_Departure\자료\결과물\Polygon\12.5\안전지대\2\Polygon_2.shp
2,3,23,269.0,"[1,4,5,6,10,11,12,13,14,16,18,19,20,22,23,24,28,29,30,31,32,34,36]",263,C:\Users\c\Desktop\대학생활\학연생\Approach_Departure\자료\결과물\Polygon\12.5\2\Polygon_2.shp,C:\Users\c\Desktop\대학생활\학연생\Approach_Departure\자료\결과물\Polygon\12.5\안전지대\2\Polygon_2.shp
2,4,23,270.0,"[1,4,5,6,10,11,12,13,14,16,18,19,20,22,23,24,28,29,30,31,32,34,36]",263,C:\Users\c\Desktop\대학생활\학연생\Approach_Departure\자료\결과물\Polygon\12.5\2\Polygon_2.shp,C:\Users\c\Desktop\대학생활\학연생\Approach_Departure\자료\결과물\Polygon\12.5\안전지대\2\Polygon_2.shp
2,5,23,271.0,"[1,4,5,6,10,11,12,13,14,16,18,19,20,22,23,24,28,29,30,31,32,34,36]",263,C:\Users\c\Desktop\대학생활\학연생\Approach_Departure\자료\결과물\Polygon\12.5\2\Polygon_2.shp,C:\Users\c\Desktop\대학생활\학연생\Approach_Departure\자료\결과물\Polygon\12.5\안전지대\2\Polygon_2.shp
2,6,23,272.0,"[1,4,5,6,10,11,12,13,14,16,18,19,20,22,23,24,28,29,30,31,32,34,36]",263,C:\Users\c\Desktop\대학생활\학연생\Approach_Departure\자료\결과물\Polygon\12.5\2\Polygon_2.shp,C:\Users\c\Desktop\대학생활\학연생\Approach_Departure\자료\결과물\Polygon\12.5\안전지대\2\Polygon_2.shp
2,7,23,273.0,"[1,4,5,6,10,11,12,13,14,16,18,19,20,22,23,24,28,29,30,31,32,34,36]",263,C:\Users\c\Desktop\대학생활\학연생\Approach_Departure\자료\결과물\Polygon\12.5\2\Polygon_2.shp,C:\Users\c\Desktop\대학생활\학연생\Approach_Departure\자료\결과물\Polygon\12.5\안전지대\2\Polygon_2.shp
2,8,23,274.0,"[1,4,5,6,10,11,12,13,14,16,18,19,20,22,23,24,28,29,30,31,32,34,36]",263,C:\Users\c\Desktop\대학생활\학연생\Approach_Departure\자료\결과물\Polygon\12.5\2\Polygon_2.shp,C:\Users\c\Desktop\대학생활\학연생\Approach_Departure\자료\결과물\Polygon\12.5\안전지대\2\Polygon_2.shp
2,9,23,275.0,"[1,4,5,6,10,11,12,13,14,16,18,19,20,22,23,24,28,29,30,31,32,34,36]",263,C:\Users\c\Desktop\대학생활\학연생\Approach_Departure\자료\결과물\Polygon\12.5\2\Polygon_2.shp,C:\Users\c\Desktop\대학생활\학연생\Approach_Departure\자료\결과물\Polygon\12.5\안전지대\2\Polygon_2.shp
2,10,23,276.0,"[1,4,5,6,10,11,12,13,14,16,18,19,20,22,23,24,28,29,30,31,32,34,36]",263,C:\Users\c\Desktop\대학생활\학연생\Approach_Departure\자료\결과물\Polygon\12.5\2\Polygon_2.shp,C:\Users\c\Desktop\대학생활\학연생\Approach_Departure\자료\결과물\Polygon\12.5\안전지대\2\Polygon_2.shp
3,1,25,135.0,"[1,2,4,5,6,8,9,12,13,14,16,18,19,20,21,22,23,24,26,27,30,31,32,34,36]",55,C:\Users\c\Desktop\대학생활\학연생\Approach_Departure\자료\결과물\Polygon\12.5\3\Polygon_3.shp,C:\Users\c\Desktop\대학생활\학연생\Approach_Departure\자료\결과물\Polygon\12.5\안전지대\3\Polygon_3.shp
3,2,25,136.0,"[1,2,4,5,6,8,9,12,13,14,16,18,19,20,21,22,23,24,26,27,30,31,32,34,36]",55,C:\Users\c\Desktop\대학생활\학연생\Approach_Departure\자료\결과물\Polygon\12.5\3\Polygon_3.shp,C:\Users\c\Desktop\대학생활\학연생\Approach_Departure\자료\결과물\Polygon\12.5\안전지대\3\Polygon_3.shp
3,3,25,137.0,"[1,2,4,5,6,8,9,12,13,14,16,18,19,20,21,22,23,24,26,27,30,31,32,34,36]",55,C:\Users\c\Desktop\대학생활\학연생\Approach_Departure\자료\결과물\Polygon\12.5\3\Polygon_3.shp,C:\Users\c\Desktop\대학생활\학연생\Approach_Departure\자료\결과물\Polygon\12.5\안전지대\3\Polygon_3.shp
3,4,25,138.0,"[1,2,4,5,6,8,9,12,13,14,16,18,19,20,21,22,23,24,26,27,30,31,32,34,36]",55,C:\Users\c\Desktop\대학생활\학연생\Approach_Departure\자료\결과물\Polygon\12.5\3\Polygon_3.shp,C:\Users\c\Desktop\대학생활\학연생\Approach_Departure\자료\결과물\Polygon\12.5\안전지대\3\Polygon_3.shp
3,5,25,139.0,"[1,2,4,5,6,8,9,12,13,14,16,18,19,20,21,22,23,24,26,27,30,31,32,34,36]",55,C:\Users\c\Desktop\대학생활\학연생\Approach_Departure\자료\결과물\Polygon\12.5\3\Polygon_3.shp,C:\Users\c\Desktop\대학생활\학연생\Approach_Departure\자료\결과물\Polygon\12.5\안전지대\3\Polygon_3.shp
3,6,25,140.0,"[1,2,4,5,6,8,9,12,13,14,16,18,19,20,21,22,23,24,26,27,30,31,32,34,36]",55,C:\Users\c\Desktop\대학생활\학연생\Approach_Departure\자료\결과물\Polygon\12.5\3\Polygon_3.shp,C:\Users\c\Desktop\대학생활\학연생\Approach_Departure\자료\결과물\Polygon\12.5\안전지대\3\Polygon_3.shp
3,7,25,141.0,"[1,2,4,5,6,8,9,12,13,14,16,18,19,20,21,22,23,24,26,27,30,31,32,34,36]",55,C:\Users\c\Desktop\대학생활\학연생\Approach_Departure\자료\결과물\Polygon\12.5\3\Polygon_3.shp,C:\Users\c\Desktop\대학생활\학연생\Approach_Departure\자료\결과물\Polygon\12.5\안전지대\3\Polygon_3.shp
3,8,25,142.0,"[1,2,4,5,6,8,9,12,13,14,16,18,19,20,21,22,23,24,26,27,30,31,32,34,36]",55,C:\Users\c\Desktop\대학생활\학연생\Approach_Departure\자료\결과물\Polygon\12.5\3\Polygon_3.shp,C:\Users\c\Desktop\대학생활\학연생\Approach_Departure\자료\결과물\Polygon\12.5\안전지대\3\Polygon_3.shp
3,9,25,143.0,"[1,2,4,5,6,8,9,12,13,14,16,18,19,20,21,22,23,24,26,27,30,31,32,34,36]",55,C:\Users\c\Desktop\대학생활\학연생\Approach_Departure\자료\결과물\Polygon\12.5\3\Polygon_3.shp,C:\Users\c\Desktop\대학생활\학연생\Approach_Departure\자료\결과물\Polygon\12.5\안전지대\3\Polygon_3.shp
3,10,25,144.0,"[1,2,4,5,6,8,9,12,13,14,16,18,19,20,21,22,23,24,26,27,30,31,32,34,36]",55,C:\Users\c\Desktop\대학생활\학연생\Approach_Departure\자료\결과물\Polygon\12.5\3\Polygon_3.shp,C:\Users\c\Desktop\대학생활\학연생\Approach_Departure\자료\결과물\Polygon\12.5\안전지대\3\Polygon_3.shp
4,1,15,215.0,"[1,5,10,11,13,16,18,19,22,23,28,29,31,34,36]",322,C:\Users\c\Desktop\대학생활\학연생\Approach_Departure\자료\결과물\Polygon\12.5\4\Polygon_4.shp,C:\Users\c\Desktop\대학생활\학연생\Approach_Departure\자료\결과물\Polygon\12.5\안전지대\4\Polygon_4.shp
4,2,15,216.0,"[1,5,10,11,13,16,18,19,22,23,28,29,31,34,36]",322,C:\Users\c\Desktop\대학생활\학연생\Approach_Departure\자료\결과물\Polygon\12.5\4\Polygon_4.shp,C:\Users\c\Desktop\대학생활\학연생\Approach_Departure\자료\결과물\Polygon\12.5\안전지대\4\Polygon_4.shp
4,3,15,217.0,"[1,5,10,11,13,16,18,19,22,23,28,29,31,34,36]",322,C:\Users\c\Desktop\대학생활\학연생\Approach_Departure\자료\결과물\Polygon\12.5\4\Polygon_4.shp,C:\Users\c\Desktop\대학생활\학연생\Approach_Departure\자료\결과물\Polygon\12.5\안전지대\4\Polygon_4.shp
4,4,15,218.0,"[1,5,10,11,13,16,18,19,22,23,28,29,31,34,36]",322,C:\Users\c\Desktop\대학생활\학연생\Approach_Departure\자료\결과물\Polygon\12.5\4\Polygon_4.shp,C:\Users\c\Desktop\대학생활\학연생\Approach_Departure\자료\결과물\Polygon\12.5\안전지대\4\Polygon_4.shp
4,5,15,219.0,"[1,5,10,11,13,16,18,19,22,23,28,29,31,34,36]",322,C:\Users\c\Desktop\대학생활\학연생\Approach_Departure\자료\결과물\Polygon\12.5\4\Polygon_4.shp,C:\Users\c\Desktop\대학생활\학연생\Approach_Departure\자료\결과물\Polygon\12.5\안전지대\4\Polygon_4.shp
4,6,15,220.0,"[1,5,10,11,13,16,18,19,22,23,28,29,31,34,36]",322,C:\Users\c\Desktop\대학생활\학연생\Approach_Departure\자료\결과물\Polygon\12.5\4\Polygon_4.shp,C:\Users\c\Desktop\대학생활\학연생\Approach_Departure\자료\결과물\Polygon\12.5\안전지대\4\Polygon_4.shp
4,7,15,221.0,"[1,5,10,11,13,16,18,19,22,23,28,29,31,34,36]",322,C:\Users\c\Desktop\대학생활\학연생\Approach_Departure\자료\결과물\Polygon\12.5\4\Polygon_4.shp,C:\Users\c\Desktop\대학생활\학연생\Approach_Departure\자료\결과물\Polygon\12.5\안전지대\4\Polygon_4.shp
4,8,15,222.0,"[1,5,10,11,13,16,18,19,22,23,28,29,31,34,36]",322,C:\Users\c\Desktop\대학생활\학연생\Approach_Departure\자료\결과물\Polygon\12.5\4\Polygon_4.shp,C:\Users\c\Desktop\대학생활\학연생\Approach_Departure\자료\결과물\Polygon\12.5\안전지대\4\Polygon_4.shp
4,9,15,223.0,"[1,5,10,11,13,16,18,19,22,23,28,29,31,34,36]",322,C:\Users\c\Desktop\대학생활\학연생\Approach_Departure\자료\결과물\Polygon\12.5\4\Polygon_4.shp,C:\Users\c\Desktop\대학생활\학연생\Approach_Departure\자료\결과물\Polygon\12.5\안전지대\4\Polygon_4.shp
4,10,15,224.0,"[1,5,10,11,13,16,18,19,22,23,28,29,31,34,36]",322,C:\Users\c\Desktop\대학생활\학연생\Approach_Departure\자료\결과물\Polygon\12.5\4\Polygon_4.shp,C:\Users\c\Desktop\대학생활\학연생\Approach_Departure\자료\결과물\Polygon\12.5\안전지대\4\Polygon_4.shp
5,1,21,259.0,"[1,2,4,6,10,11,12,13,14,16,19,20,22,23,24,28,29,30,31,32,34]",311,C:\Users\c\Desktop\대학생활\학연생\Approach_Departure\자료\결과물\Polygon\12.5\5\Polygon_5.shp,C:\Users\c\Desktop\대학생활\학연생\Approach_Departure\자료\결과물\Polygon\12.5\안전지대\5\Polygon_5.shp
5,2,21,260.0,"[1,2,4,6,10,11,12,13,14,16,19,20,22,23,24,28,29,30,31,32,34]",311,C:\Users\c\Desktop\대학생활\학연생\Approach_Departure\자료\결과물\Polygon\12.5\5\Polygon_5.shp,C:\Users\c\Desktop\대학생활\학연생\Approach_Departure\자료\결과물\Polygon\12.5\안전지대\5\Polygon_5.shp
5,3,21,261.0,"[1,2,4,6,10,11,12,13,14,16,19,20,22,23,24,28,29,30,31,32,34]",311,C:\Users\c\Desktop\대학생활\학연생\Approach_Departure\자료\결과물\Polygon\12.5\5\Polygon_5.shp,C:\Users\c\Desktop\대학생활\학연생\Approach_Departure\자료\결과물\Polygon\12.5\안전지대\5\Polygon_5.shp
5,4,23,220.0,"[1,2,4,6,10,11,12,13,14,16,18,19,20,22,23,24,28,29,30,31,32,34,36]",311,C:\Users\c\Desktop\대학생활\학연생\Approach_Departure\자료\결과물\Polygon\12.5\5\Polygon_5.shp,C:\Users\c\Desktop\대학생활\학연생\Approach_Departure\자료\결과물\Polygon\12.5\안전지대\5\Polygon_5.shp
5,5,23,221.0,"[1,2,4,6,10,11,12,13,14,16,18,19,20,22,23,24,28,29,30,31,32,34,36]",311,C:\Users\c\Desktop\대학생활\학연생\Approach_Departure\자료\결과물\Polygon\12.5\5\Polygon_5.shp,C:\Users\c\Desktop\대학생활\학연생\Approach_Departure\자료\결과물\Polygon\12.5\안전지대\5\Polygon_5.shp
5,6,23,222.0,"[1,2,4,6,10,11,12,13,14,16,18,19,20,22,23,24,28,29,30,31,32,34,36]",311,C:\Users\c\Desktop\대학생활\학연생\Approach_Departure\자료\결과물\Polygon\12.5\5\Polygon_5.shp,C:\Users\c\Desktop\대학생활\학연생\Approach_Departure\자료\결과물\Polygon\12.5\안전지대\5\Polygon_5.shp
5,7,23,223.0,"[1,2,4,6,10,11,12,13,14,16,18,19,20,22,23,24,28,29,30,31,32,34,36]",311,C:\Users\c\Desktop\대학생활\학연생\Approach_Departure\자료\결과물\Polygon\12.5\5\Polygon_5.shp,C:\Users\c\Desktop\대학생활\학연생\Approach_Departure\자료\결과물\Polygon\12.5\안전지대\5\Polygon_5.shp
5,8,23,224.0,"[1,2,4,6,10,11,12,13,14,16,18,19,20,22,23,24,28,29,30,31,32,34,36]",311,C:\Users\c\Desktop\대학생활\학연생\Approach_Departure\자료\결과물\Polygon\12.5\5\Polygon_5.shp,C:\Users\c\Desktop\대학생활\학연생\Approach_Departure\자료\결과물\Polygon\12.5\안전지대\5\Polygon_5.shp
5,9,23,225.0,"[1,2,4,6,10,11,12,13,14,16,18,19,20,22,23,24,28,29,30,31,32,34,36]",311,C:\Users\c\Desktop\대학생활\학연생\Approach_Departure\자료\결과물\Polygon\12.5\5\Polygon_5.shp,C:\Users\c\Desktop\대학생활\학연생\Approach_Departure\자료\결과물\Polygon\12.5\안전지대\5\Polygon_5.shp
5,10,23,226.0,"[1,2,4,6,10,11,12,13,14,16,18,19,20,22,23,24,28,29,30,31,32,34,36]",311,C:\Users\c\Desktop\대학생활\학연생\Approach_Departure\자료\결과물\Polygon\12.5\5\Polygon_5.shp,C:\Users\c\Desktop\대학생활\학연생\Approach_Departure\자료\결과물\Polygon\12.5\안전지대\5\Polygon_5.shp
6,1,21,96.0,"[1,2,5,7,8,12,13,14,16,18,19,20,23,24,25,26,30,31,32,34,36]",252,C:\Users\c\Desktop\대학생활\학연생\Approach_Departure\자료\결과물\Polygon\12.5\6\Polygon_6.shp,C:\Users\c\Desktop\대학생활\학연생\Approach_Departure\자료\결과물\Polygon\12.5\안전지대\6\Polygon_6.shp
6,2,21,97.0,"[1,2,5,7,8,12,13,14,16,18,19,20,23,24,25,26,30,31,32,34,36]",252,C:\Users\c\Desktop\대학생활\학연생\Approach_Departure\자료\결과물\Polygon\12.5\6\Polygon_6.shp,C:\Users\c\Desktop\대학생활\학연생\Approach_Departure\자료\결과물\Polygon\12.5\안전지대\6\Polygon_6.shp
6,3,21,98.0,"[1,2,5,7,8,12,13,14,16,18,19,20,23,24,25,26,30,31,32,34,36]",252,C:\Users\c\Desktop\대학생활\학연생\Approach_Departure\자료\결과물\Polygon\12.5\6\Polygon_6.shp,C:\Users\c\Desktop\대학생활\학연생\Approach_Departure\자료\결과물\Polygon\12.5\안전지대\6\Polygon_6.shp
6,4,21,99.0,"[1,2,5,7,8,12,13,14,16,18,19,20,23,24,25,26,30,31,32,34,36]",252,C:\Users\c\Desktop\대학생활\학연생\Approach_Departure\자료\결과물\Polygon\12.5\6\Polygon_6.shp,C:\Users\c\Desktop\대학생활\학연생\Approach_Departure\자료\결과물\Polygon\12.5\안전지대\6\Polygon_6.shp
6,5,21,100.0,"[1,2,5,7,8,12,13,14,16,18,19,20,23,24,25,26,30,31,32,34,36]",252,C:\Users\c\Desktop\대학생활\학연생\Approach_Departure\자료\결과물\Polygon\12.5\6\Polygon_6.shp,C:\Users\c\Desktop\대학생활\학연생\Approach_Departure\자료\결과물\Polygon\12.5\안전지대\6\Polygon_6.shp
6,6,21,101.0,"[1,2,5,7,8,12,13,14,16,18,19,20,23,24,25,26,30,31,32,34,36]",252,C:\Users\c\Desktop\대학생활\학연생\Approach_Departure\자료\결과물\Polygon\12.5\6\Polygon_6.shp,C:\Users\c\Desktop\대학생활\학연생\Approach_Departure\자료\결과물\Polygon\12.5\안전지대\6\Polygon_6.shp
6,7,23,89.0,"[1,2,5,7,8,12,13,14,15,16,18,19,20,23,24,25,26,30,31,32,33,34,36]",252,C:\Users\c\Desktop\대학생활\학연생\Approach_Departure\자료\결과물\Polygon\12.5\6\Polygon_6.shp,C:\Users\c\Desktop\대학생활\학연생\Approach_Departure\자료\결과물\Polygon\12.5\안전지대\6\Polygon_6.shp
6,8,23,90.0,"[1,2,5,7,8,12,13,14,15,16,18,19,20,23,24,25,26,30,31,32,33,34,36]",252,C:\Users\c\Desktop\대학생활\학연생\Approach_Departure\자료\결과물\Polygon\12.5\6\Polygon_6.shp,C:\Users\c\Desktop\대학생활\학연생\Approach_Departure\자료\결과물\Polygon\12.5\안전지대\6\Polygon_6.shp
6,9,23,91.0,"[1,2,5,7,8,12,13,14,15,16,18,19,20,23,24,25,26,30,31,32,33,34,36]",252,C:\Users\c\Desktop\대학생활\학연생\Approach_Departure\자료\결과물\Polygon\12.5\6\Polygon_6.shp,C:\Users\c\Desktop\대학생활\학연생\Approach_Departure\자료\결과물\Polygon\12.5\안전지대\6\Polygon_6.shp
6,10,23,92.0,"[1,2,5,7,8,12,13,14,15,16,18,19,20,23,24,25,26,30,31,32,33,34,36]",252,C:\Users\c\Desktop\대학생활\학연생\Approach_Departure\자료\결과물\Polygon\12.5\6\Polygon_6.shp,C:\Users\c\Desktop\대학생활\학연생\Approach_Departure\자료\결과물\Polygon\12.5\안전지대\6\Polygon_6.shp
7,1,9,0.0,"[6,12,15,17,24,25,30,33,35]",360,C:\Users\c\Desktop\대학생활\학연생\Approach_Departure\자료\결과물\Polygon\12.5\7\Polygon_7.shp,C:\Users\c\Desktop\대학생활\학연생\Approach_Departure\자료\결과물\Polygon\12.5\안전지대\7\Polygon_7.shp
7,2,9,1.0,"[6,12,15,17,24,25,30,33,35]",360,C:\Users\c\Desktop\대학생활\학연생\Approach_Departure\자료\결과물\Polygon\12.5\7\Polygon_7.shp,C:\Users\c\Desktop\대학생활\학연생\Approach_Departure\자료\결과물\Polygon\12.5\안전지대\7\Polygon_7.shp
7,3,9,2.0,"[6,12,15,17,24,25,30,33,35]",360,C:\Users\c\Desktop\대학생활\학연생\Approach_Departure\자료\결과물\Polygon\12.5\7\Polygon_7.shp,C:\Users\c\Desktop\대학생활\학연생\Approach_Departure\자료\결과물\Polygon\12.5\안전지대\7\Polygon_7.shp
7,4,9,3.0,"[6,12,15,17,24,25,30,33,35]",360,C:\Users\c\Desktop\대학생활\학연생\Approach_Departure\자료\결과물\Polygon\12.5\7\Polygon_7.shp,C:\Users\c\Desktop\대학생활\학연생\Approach_Departure\자료\결과물\Polygon\12.5\안전지대\7\Polygon_7.shp
7,5,9,4.0,"[6,12,15,17,24,25,30,33,35]",360,C:\Users\c\Desktop\대학생활\학연생\Approach_Departure\자료\결과물\Polygon\12.5\7\Polygon_7.shp,C:\Users\c\Desktop\대학생활\학연생\Approach_Departure\자료\결과물\Polygon\12.5\안전지대\7\Polygon_7.shp
7,6,9,5.0,"[6,12,15,17,24,25,30,33,35]",360,C:\Users\c\Desktop\대학생활\학연생\Approach_Departure\자료\결과물\Polygon\12.5\7\Polygon_7.shp,C:\Users\c\Desktop\대학생활\학연생\Approach_Departure\자료\결과물\Polygon\12.5\안전지대\7\Polygon_7.shp
7,7,9,6.0,"[6,12,15,17,24,25,30,33,35]",360,C:\Users\c\Desktop\대학생활\학연생\Approach_Departure\자료\결과물\Polygon\12.5\7\Polygon_7.shp,C:\Users\c\Desktop\대학생활\학연생\Approach_Departure\자료\결과물\Polygon\12.5\안전지대\7\Polygon_7.shp
7,8,9,7.0,"[6,12,15,17,24,25,30,33,35]",360,C:\Users\c\Desktop\대학생활\학연생\Approach_Departure\자료\결과물\Polygon\12.5\7\Polygon_7.shp,C:\Users\c\Desktop\대학생활\학연생\Approach_Departure\자료\결과물\Polygon\12.5\안전지대\7\Polygon_7.shp
7,9,9,8.0,"[6,12,15,17,24,25,30,33,35]",360,C:\Users\c\Desktop\대학생활\학연생\Approach_Departure\자료\결과물\Polygon\12.5\7\Polygon_7.shp,C:\Users\c\Desktop\대학생활\학연생\Approach_Departure\자료\결과물\Polygon\12.5\안전지대\7\Polygon_7.shp
7,10,9,9.0,"[6,12,15,17,24,25,30,33,35]",360,C:\Users\c\Desktop\대학생활\학연생\Approach_Departure\자료\결과물\Polygon\12.5\7\Polygon_7.shp,C:\Users\c\Desktop\대학생활\학연생\Approach_Departure\자료\결과물\Polygon\12.5\안전지대\7\Polygon_7.shp
8,1,29,88.0,"[1,2,3,4,5,6,9,10,11,12,13,14,16,18,19,20,21,22,23,24,26,27,28,29,30,31,32,34,36]",142,C:\Users\c\Desktop\대학생활\학연생\Approach_Departure\자료\결과물\Polygon\12.5\8\Polygon_8.shp,C:\Users\c\Desktop\대학생활\학연생\Approach_Departure\자료\결과물\Polygon\12.5\안전지대\8\Polygon_8.shp
8,2,29,89.0,"[1,2,3,4,5,6,9,10,11,12,13,14,16,18,19,20,21,22,23,24,26,27,28,29,30,31,32,34,36]",142,C:\Users\c\Desktop\대학생활\학연생\Approach_Departure\자료\결과물\Polygon\12.5\8\Polygon_8.shp,C:\Users\c\Desktop\대학생활\학연생\Approach_Departure\자료\결과물\Polygon\12.5\안전지대\8\Polygon_8.shp
8,3,29,90.0,"[1,2,3,4,5,6,9,10,11,12,13,14,16,18,19,20,21,22,23,24,26,27,28,29,30,31,32,34,36]",142,C:\Users\c\Desktop\대학생활\학연생\Approach_Departure\자료\결과물\Polygon\12.5\8\Polygon_8.shp,C:\Users\c\Desktop\대학생활\학연생\Approach_Departure\자료\결과물\Polygon\12.5\안전지대\8\Polygon_8.shp
8,4,29,91.0,"[1,2,3,4,5,6,9,10,11,12,13,14,16,18,19,20,21,22,23,24,26,27,28,29,30,31,32,34,36]",142,C:\Users\c\Desktop\대학생활\학연생\Approach_Departure\자료\결과물\Polygon\12.5\8\Polygon_8.shp,C:\Users\c\Desktop\대학생활\학연생\Approach_Departure\자료\결과물\Polygon\12.5\안전지대\8\Polygon_8.shp
8,5,29,92.0,"[1,2,3,4,5,6,9,10,11,12,13,14,16,18,19,20,21,22,23,24,26,27,28,29,30,31,32,34,36]",142,C:\Users\c\Desktop\대학생활\학연생\Approach_Departure\자료\결과물\Polygon\12.5\8\Polygon_8.shp,C:\Users\c\Desktop\대학생활\학연생\Approach_Departure\자료\결과물\Polygon\12.5\안전지대\8\Polygon_8.shp
8,6,29,93.0,"[1,2,3,4,5,6,9,10,11,12,13,14,16,18,19,20,21,22,23,24,26,27,28,29,30,31,32,34,36]",142,C:\Users\c\Desktop\대학생활\학연생\Approach_Departure\자료\결과물\Polygon\12.5\8\Polygon_8.shp,C:\Users\c\Desktop\대학생활\학연생\Approach_Departure\자료\결과물\Polygon\12.5\안전지대\8\Polygon_8.shp
8,7,29,94.0,"[1,2,3,4,5,6,9,10,11,12,13,14,16,18,19,20,21,22,23,24,26,27,28,29,30,31,32,34,36]",142,C:\Users\c\Desktop\대학생활\학연생\Approach_Departure\자료\결과물\Polygon\12.5\8\Polygon_8.shp,C:\Users\c\Desktop\대학생활\학연생\Approach_Departure\자료\결과물\Polygon\12.5\안전지대\8\Polygon_8.shp
8,8,29,95.0,"[1,2,3,4,5,6,9,10,11,12,13,14,16,18,19,20,21,22,23,24,26,27,28,29,30,31,32,34,36]",142,C:\Users\c\Desktop\대학생활\학연생\Approach_Departure\자료\결과물\Polygon\12.5\8\Polygon_8.shp,C:\Users\c\Desktop\대학생활\학연생\Approach_Departure\자료\결과물\Polygon\12.5\안전지대\8\Polygon_8.shp
8,9,29,96.0,"[1,2,3,4,5,6,9,10,11,12,13,14,16,18,19,20,21,22,23,24,26,27,28,29,30,31,32,34,36]",142,C:\Users\c\Desktop\대학생활\학연생\Approach_Departure\자료\결과물\Polygon\12.5\8\Polygon_8.shp,C:\Users\c\Desktop\대학생활\학연생\Approach_Departure\자료\결과물\Polygon\12.5\안전지대\8\Polygon_8.shp
8,10,29,97.0,"[1,2,3,4,5,6,9,10,11,12,13,14,16,18,19,20,21,22,23,24,26,27,28,29,30,31,32,34,36]",142,C:\Users\c\Desktop\대학생활\학연생\Approach_Departure\자료\결과물\Polygon\12.5\8\Polygon_8.shp,C:\Users\c\Desktop\대학생활\학연생\Approach_Departure\자료\결과물\Polygon\12.5\안전지대\8\Polygon_8.shp
9,1,25,176.0,"[1,2,4,5,6,10,11,12,13,14,16,18,19,20,22,23,24,27,28,29,30,31,32,34,36]",108,C:\Users\c\Desktop\대학생활\학연생\Approach_Departure\자료\결과물\Polygon\12.5\9\Polygon_9.shp,C:\Users\c\Desktop\대학생활\학연생\Approach_Departure\자료\결과물\Polygon\12.5\안전지대\9\Polygon_9.shp
9,2,25,177.0,"[1,2,4,5,6,10,11,12,13,14,16,18,19,20,22,23,24,27,28,29,30,31,32,34,36]",108,C:\Users\c\Desktop\대학생활\학연생\Approach_Departure\자료\결과물\Polygon\12.5\9\Polygon_9.shp,C:\Users\c\Desktop\대학생활\학연생\Approach_Departure\자료\결과물\Polygon\12.5\안전지대\9\Polygon_9.shp
9,3,25,178.0,"[1,2,4,5,6,10,11,12,13,14,16,18,19,20,22,23,24,27,28,29,30,31,32,34,36]",108,C:\Users\c\Desktop\대학생활\학연생\Approach_Departure\자료\결과물\Polygon\12.5\9\Polygon_9.shp,C:\Users\c\Desktop\대학생활\학연생\Approach_Departure\자료\결과물\Polygon\12.5\안전지대\9\Polygon_9.shp
9,4,25,179.0,"[1,2,4,5,6,10,11,12,13,14,16,18,19,20,22,23,24,27,28,29,30,31,32,34,36]",108,C:\Users\c\Desktop\대학생활\학연생\Approach_Departure\자료\결과물\Polygon\12.5\9\Polygon_9.shp,C:\Users\c\Desktop\대학생활\학연생\Approach_Departure\자료\결과물\Polygon\12.5\안전지대\9\Polygon_9.shp
9,5,25,180.0,"[1,2,4,5,6,10,11,12,13,14,16,18,19,20,22,23,24,27,28,29,30,31,32,34,36]",108,C:\Users\c\Desktop\대학생활\학연생\Approach_Departure\자료\결과물\Polygon\12.5\9\Polygon_9.shp,C:\Users\c\Desktop\대학생활\학연생\Approach_Departure\자료\결과물\Polygon\12.5\안전지대\9\Polygon_9.shp
9,6,25,181.0,"[1,2,4,5,6,10,11,12,13,14,16,18,19,20,22,23,24,27,28,29,30,31,32,34,36]",108,C:\Users\c\Desktop\대학생활\학연생\Approach_Departure\자료\결과물\Polygon\12.5\9\Polygon_9.shp,C:\Users\c\Desktop\대학생활\학연생\Approach_Departure\자료\결과물\Polygon\12.5\안전지대\9\Polygon_9.shp
9,7,25,182.0,"[1,2,4,5,6,10,11,12,13,14,16,18,19,20,22,23,24,27,28,29,30,31,32,34,36]",108,C:\Users\c\Desktop\대학생활\학연생\Approach_Departure\자료\결과물\Polygon\12.5\9\Polygon_9.shp,C:\Users\c\Desktop\대학생활\학연생\Approach_Departure\자료\결과물\Polygon\12.5\안전지대\9\Polygon_9.shp
9,8,25,183.0,"[1,2,4,5,6,10,11,12,13,14,16,18,19,20,22,23,24,27,28,29,30,31,32,34,36]",108,C:\Users\c\Desktop\대학생활\학연생\Approach_Departure\자료\결과물\Polygon\12.5\9\Polygon_9.shp,C:\Users\c\Desktop\대학생활\학연생\Approach_Departure\자료\결과물\Polygon\12.5\안전지대\9\Polygon_9.shp
9,9,25,184.0,"[1,2,4,5,6,10,11,12,13,14,16,18,19,20,22,23,24,27,28,29,30,31,32,34,36]",108,C:\Users\c\Desktop\대학생활\학연생\Approach_Departure\자료\결과물\Polygon\12.5\9\Polygon_9.shp,C:\Users\c\Desktop\대학생활\학연생\Approach_Departure\자료\결과물\Polygon\12.5\안전지대\9\Polygon_9.shp
9,10,25,185.0,"[1,2,4,5,6,10,11,12,13,14,16,18,19,20,22,23,24,27,28,29,30,31,32,34,36]",108,C:\Users\c\Desktop\대학생활\학연생\Approach_Departure\자료\결과물\Polygon\12.5\9\Polygon_9.shp,C:\Users\c\Desktop\대학생활\학연생\Approach_Departure\자료\결과물\Polygon\12.5\안전지대\9\Polygon_9.shp
10,1,15,220.0,"[1,4,5,11,13,16,18,19,22,23,28,29,31,34,36]",321,C:\Users\c\Desktop\대학생활\학연생\Approach_Departure\자료\결과물\Polygon\12.5\10\Polygon_10.shp,C:\Users\c\Desktop\대학생활\학연생\Approach_Departure\자료\결과물\Polygon\12.5\안전지대\10\Polygon_10.shp
10,2,15,221.0,"[1,4,5,11,13,16,18,19,22,23,28,29,31,34,36]",321,C:\Users\c\Desktop\대학생활\학연생\Approach_Departure\자료\결과물\Polygon\12.5\10\Polygon_10.shp,C:\Users\c\Desktop\대학생활\학연생\Approach_Departure\자료\결과물\Polygon\12.5\안전지대\10\Polygon_10.shp
10,3,15,222.0,"[1,4,5,11,13,16,18,19,22,23,28,29,31,34,36]",321,C:\Users\c\Desktop\대학생활\학연생\Approach_Departure\자료\결과물\Polygon\12.5\10\Polygon_10.shp,C:\Users\c\Desktop\대학생활\학연생\Approach_Departure\자료\결과물\Polygon\12.5\안전지대\10\Polygon_10.shp
10,4,15,223.0,"[1,4,5,11,13,16,18,19,22,23,28,29,31,34,36]",321,C:\Users\c\Desktop\대학생활\학연생\Approach_Departure\자료\결과물\Polygon\12.5\10\Polygon_10.shp,C:\Users\c\Desktop\대학생활\학연생\Approach_Departure\자료\결과물\Polygon\12.5\안전지대\10\Polygon_10.shp
10,5,15,224.0,"[1,4,5,11,13,16,18,19,22,23,28,29,31,34,36]",321,C:\Users\c\Desktop\대학생활\학연생\Approach_Departure\자료\결과물\Polygon\12.5\10\Polygon_10.shp,C:\Users\c\Desktop\대학생활\학연생\Approach_Departure\자료\결과물\Polygon\12.5\안전지대\10\Polygon_10.shp
10,6,15,225.0,"[1,4,5,11,13,16,18,19,22,23,28,29,31,34,36]",321,C:\Users\c\Desktop\대학생활\학연생\Approach_Departure\자료\결과물\Polygon\12.5\10\Polygon_10.shp,C:\Users\c\Desktop\대학생활\학연생\Approach_Departure\자료\결과물\Polygon\12.5\안전지대\10\Polygon_10.shp
10,7,15,226.0,"[1,4,5,11,13,16,18,19,22,23,28,29,31,34,36]",321,C:\Users\c\Desktop\대학생활\학연생\Approach_Departure\자료\결과물\Polygon\12.5\10\Polygon_10.shp,C:\Users\c\Desktop\대학생활\학연생\Approach_Departure\자료\결과물\Polygon\12.5\안전지대\10\Polygon_10.shp
10,8,15,227.0,"[1,4,5,11,13,16,18,19,22,23,28,29,31,34,36]",321,C:\Users\c\Desktop\대학생활\학연생\Approach_Departure\자료\결과물\Polygon\12.5\10\Polygon_10.shp,C:\Users\c\Desktop\대학생활\학연생\Approach_Departure\자료\결과물\Polygon\12.5\안전지대\10\Polygon_10.shp
10,9,15,228.0,"[1,4,5,11,13,16,18,19,22,23,28,29,31,34,36]",321,C:\Users\c\Desktop\대학생활\학연생\Approach_Departure\자료\결과물\Polygon\12.5\10\Polygon_10.shp,C:\Users\c\Desktop\대학생활\학연생\Approach_Departure\자료\결과물\Polygon\12.5\안전지대\10\Polygon_10.shp
10,10,15,229.0,"[1,4,5,11,13,16,18,19,22,23,28,29,31,34,36]",321,C:\Users\c\Desktop\대학생활\학연생\Approach_Departure\자료\결과물\Polygon\12.5\10\Polygon_10.shp,C:\Users\c\Desktop\대학생활\학연생\Approach_Departure\자료\결과물\Polygon\12.5\안전지대\10\Polygon_10.shp
11,1,13,261.0,"[1,4,5,10,13,16,19,22,23,28,29,31,34]",322,C:\Users\c\Desktop\대학생활\학연생\Approach_Departure\자료\결과물\Polygon\12.5\11\Polygon_11.shp,C:\Users\c\Desktop\대학생활\학연생\Approach_Departure\자료\결과물\Polygon\12.5\안전지대\11\Polygon_11.shp
11,2,13,262.0,"[1,4,5,10,13,16,19,22,23,28,29,31,34]",322,C:\Users\c\Desktop\대학생활\학연생\Approach_Departure\자료\결과물\Polygon\12.5\11\Polygon_11.shp,C:\Users\c\Desktop\대학생활\학연생\Approach_Departure\자료\결과물\Polygon\12.5\안전지대\11\Polygon_11.shp
11,3,13,263.0,"[1,4,5,10,13,16,19,22,23,28,29,31,34]",322,C:\Users\c\Desktop\대학생활\학연생\Approach_Departure\자료\결과물\Polygon\12.5\11\Polygon_11.shp,C:\Users\c\Desktop\대학생활\학연생\Approach_Departure\자료\결과물\Polygon\12.5\안전지대\11\Polygon_11.shp
11,4,13,264.0,"[1,4,5,10,13,16,19,22,23,28,29,31,34]",322,C:\Users\c\Desktop\대학생활\학연생\Approach_Departure\자료\결과물\Polygon\12.5\11\Polygon_11.shp,C:\Users\c\Desktop\대학생활\학연생\Approach_Departure\자료\결과물\Polygon\12.5\안전지대\11\Polygon_11.shp
11,5,13,265.0,"[1,4,5,10,13,16,19,22,23,28,29,31,34]",322,C:\Users\c\Desktop\대학생활\학연생\Approach_Departure\자료\결과물\Polygon\12.5\11\Polygon_11.shp,C:\Users\c\Desktop\대학생활\학연생\Approach_Departure\자료\결과물\Polygon\12.5\안전지대\11\Polygon_11.shp
11,6,13,266.0,"[1,4,5,10,13,16,19,22,23,28,29,31,34]",322,C:\Users\c\Desktop\대학생활\학연생\Approach_Departure\자료\결과물\Polygon\12.5\11\Polygon_11.shp,C:\Users\c\Desktop\대학생활\학연생\Approach_Departure\자료\결과물\Polygon\12.5\안전지대\11\Polygon_11.shp
11,7,13,267.0,"[1,4,5,10,13,16,19,22,23,28,29,31,34]",322,C:\Users\c\Desktop\대학생활\학연생\Approach_Departure\자료\결과물\Polygon\12.5\11\Polygon_11.shp,C:\Users\c\Desktop\대학생활\학연생\Approach_Departure\자료\결과물\Polygon\12.5\안전지대\11\Polygon_11.shp
11,8,13,268.0,"[1,4,5,10,13,16,19,22,23,28,29,31,34]",322,C:\Users\c\Desktop\대학생활\학연생\Approach_Departure\자료\결과물\Polygon\12.5\11\Polygon_11.shp,C:\Users\c\Desktop\대학생활\학연생\Approach_Departure\자료\결과물\Polygon\12.5\안전지대\11\Polygon_11.shp
11,9,13,269.0,"[1,4,5,10,13,16,19,22,23,28,29,31,34]",322,C:\Users\c\Desktop\대학생활\학연생\Approach_Departure\자료\결과물\Polygon\12.5\11\Polygon_11.shp,C:\Users\c\Desktop\대학생활\학연생\Approach_Departure\자료\결과물\Polygon\12.5\안전지대\11\Polygon_11.shp
11,10,13,270.0,"[1,4,5,10,13,16,19,22,23,28,29,31,34]",322,C:\Users\c\Desktop\대학생활\학연생\Approach_Departure\자료\결과물\Polygon\12.5\11\Polygon_11.shp,C:\Users\c\Desktop\대학생활\학연생\Approach_Departure\자료\결과물\Polygon\12.5\안전지대\11\Polygon_11.shp
12,1,23,319.0,"[1,2,5,7,8,13,14,15,16,17,18,19,20,23,25,26,30,31,32,33,34,35,36]",320,C:\Users\c\Desktop\대학생활\학연생\Approach_Departure\자료\결과물\Polygon\12.5\12\Polygon_12.shp,C:\Users\c\Desktop\대학생활\학연생\Approach_Departure\자료\결과물\Polygon\12.5\안전지대\12\Polygon_12.shp
12,2,23,320.0,"[1,2,5,7,8,13,14,15,16,17,18,19,20,23,25,26,30,31,32,33,34,35,36]",320,C:\Users\c\Desktop\대학생활\학연생\Approach_Departure\자료\결과물\Polygon\12.5\12\Polygon_12.shp,C:\Users\c\Desktop\대학생활\학연생\Approach_Departure\자료\결과물\Polygon\12.5\안전지대\12\Polygon_12.shp
12,3,23,321.0,"[1,2,5,7,8,13,14,15,16,17,18,19,20,23,25,26,30,31,32,33,34,35,36]",320,C:\Users\c\Desktop\대학생활\학연생\Approach_Departure\자료\결과물\Polygon\12.5\12\Polygon_12.shp,C:\Users\c\Desktop\대학생활\학연생\Approach_Departure\자료\결과물\Polygon\12.5\안전지대\12\Polygon_12.shp
12,4,25,0.0,"[1,2,5,6,7,8,13,14,15,16,17,18,19,20,23,24,25,26,30,31,32,33,34,35,36]",320,C:\Users\c\Desktop\대학생활\학연생\Approach_Departure\자료\결과물\Polygon\12.5\12\Polygon_12.shp,C:\Users\c\Desktop\대학생활\학연생\Approach_Departure\자료\결과물\Polygon\12.5\안전지대\12\Polygon_12.shp
12,5,25,1.0,"[1,2,5,6,7,8,13,14,15,16,17,18,19,20,23,24,25,26,30,31,32,33,34,35,36]",320,C:\Users\c\Desktop\대학생활\학연생\Approach_Departure\자료\결과물\Polygon\12.5\12\Polygon_12.shp,C:\Users\c\Desktop\대학생활\학연생\Approach_Departure\자료\결과물\Polygon\12.5\안전지대\12\Polygon_12.shp
12,6,25,2.0,"[1,2,5,6,7,8,13,14,15,16,17,18,19,20,23,24,25,26,30,31,32,33,34,35,36]",320,C:\Users\c\Desktop\대학생활\학연생\Approach_Departure\자료\결과물\Polygon\12.5\12\Polygon_12.shp,C:\Users\c\Desktop\대학생활\학연생\Approach_Departure\자료\결과물\Polygon\12.5\안전지대\12\Polygon_12.shp
12,7,25,3.0,"[1,2,5,6,7,8,13,14,15,16,17,18,19,20,23,24,25,26,30,31,32,33,34,35,36]",320,C:\Users\c\Desktop\대학생활\학연생\Approach_Departure\자료\결과물\Polygon\12.5\12\Polygon_12.shp,C:\Users\c\Desktop\대학생활\학연생\Approach_Departure\자료\결과물\Polygon\12.5\안전지대\12\Polygon_12.shp
12,8,25,4.0,"[1,2,5,6,7,8,13,14,15,16,17,18,19,20,23,24,25,26,30,31,32,33,34,35,36]",320,C:\Users\c\Desktop\대학생활\학연생\Approach_Departure\자료\결과물\Polygon\12.5\12\Polygon_12.shp,C:\Users\c\Desktop\대학생활\학연생\Approach_Departure\자료\결과물\Polygon\12.5\안전지대\12\Polygon_12.shp
12,9,25,5.0,"[1,2,5,6,7,8,13,14,15,16,17,18,19,20,23,24,25,26,30,31,32,33,34,35,36]",320,C:\Users\c\Desktop\대학생활\학연생\Approach_Departure\자료\결과물\Polygon\12.5\12\Polygon_12.shp,C:\Users\c\Desktop\대학생활\학연생\Approach_Departure\자료\결과물\Polygon\12.5\안전지대\12\Polygon_12.shp
12,10,25,6.0,"[1,2,5,6,7,8,13,14,15,16,17,18,19,20,23,24,25,26,30,31,32,33,34,35,36]",320,C:\Users\c\Desktop\대학생활\학연생\Approach_Departure\자료\결과물\Polygon\12.5\12\Polygon_12.shp,C:\Users\c\Desktop\대학생활\학연생\Approach_Departure\자료\결과물\Polygon\12.5\안전지대\12\Polygon_12.shp
13,1,23,220.0,"[1,2,4,5,6,10,11,12,14,16,18,19,20,22,23,24,28,29,30,31,32,34,36]",318,C:\Users\c\Desktop\대학생활\학연생\Approach_Departure\자료\결과물\Polygon\12.5\13\Polygon_13.shp,C:\Users\c\Desktop\대학생활\학연생\Approach_Departure\자료\결과물\Polygon\12.5\안전지대\13\Polygon_13.shp
13,2,23,221.0,"[1,2,4,5,6,10,11,12,14,16,18,19,20,22,23,24,28,29,30,31,32,34,36]",318,C:\Users\c\Desktop\대학생활\학연생\Approach_Departure\자료\결과물\Polygon\12.5\13\Polygon_13.shp,C:\Users\c\Desktop\대학생활\학연생\Approach_Departure\자료\결과물\Polygon\12.5\안전지대\13\Polygon_13.shp
13,3,23,222.0,"[1,2,4,5,6,10,11,12,14,16,18,19,20,22,23,24,28,29,30,31,32,34,36]",318,C:\Users\c\Desktop\대학생활\학연생\Approach_Departure\자료\결과물\Polygon\12.5\13\Polygon_13.shp,C:\Users\c\Desktop\대학생활\학연생\Approach_Departure\자료\결과물\Polygon\12.5\안전지대\13\Polygon_13.shp
13,4,23,223.0,"[1,2,4,5,6,10,11,12,14,16,18,19,20,22,23,24,28,29,30,31,32,34,36]",318,C:\Users\c\Desktop\대학생활\학연생\Approach_Departure\자료\결과물\Polygon\12.5\13\Polygon_13.shp,C:\Users\c\Desktop\대학생활\학연생\Approach_Departure\자료\결과물\Polygon\12.5\안전지대\13\Polygon_13.shp
13,5,23,224.0,"[1,2,4,5,6,10,11,12,14,16,18,19,20,22,23,24,28,29,30,31,32,34,36]",318,C:\Users\c\Desktop\대학생활\학연생\Approach_Departure\자료\결과물\Polygon\12.5\13\Polygon_13.shp,C:\Users\c\Desktop\대학생활\학연생\Approach_Departure\자료\결과물\Polygon\12.5\안전지대\13\Polygon_13.shp
13,6,23,225.0,"[1,2,4,5,6,10,11,12,14,16,18,19,20,22,23,24,28,29,30,31,32,34,36]",318,C:\Users\c\Desktop\대학생활\학연생\Approach_Departure\자료\결과물\Polygon\12.5\13\Polygon_13.shp,C:\Users\c\Desktop\대학생활\학연생\Approach_Departure\자료\결과물\Polygon\12.5\안전지대\13\Polygon_13.shp
13,7,23,226.0,"[1,2,4,5,6,10,11,12,14,16,18,19,20,22,23,24,28,29,30,31,32,34,36]",318,C:\Users\c\Desktop\대학생활\학연생\Approach_Departure\자료\결과물\Polygon\12.5\13\Polygon_13.shp,C:\Users\c\Desktop\대학생활\학연생\Approach_Departure\자료\결과물\Polygon\12.5\안전지대\13\Polygon_13.shp
13,8,23,227.0,"[1,2,4,5,6,10,11,12,14,16,18,19,20,22,23,24,28,29,30,31,32,34,36]",318,C:\Users\c\Desktop\대학생활\학연생\Approach_Departure\자료\결과물\Polygon\12.5\13\Polygon_13.shp,C:\Users\c\Desktop\대학생활\학연생\Approach_Departure\자료\결과물\Polygon\12.5\안전지대\13\Polygon_13.shp
13,9,23,228.0,"[1,2,4,5,6,10,11,12,14,16,18,19,20,22,23,24,28,29,30,31,32,34,36]",318,C:\Users\c\Desktop\대학생활\학연생\Approach_Departure\자료\결과물\Polygon\12.5\13\Polygon_13.shp,C:\Users\c\Desktop\대학생활\학연생\Approach_Departure\자료\결과물\Polygon\12.5\안전지대\13\Polygon_13.shp
13,10,23,229.0,"[1,2,4,5,6,10,11,12,14,16,18,19,20,22,23,24,28,29,30,31,32,34,36]",318,C:\Users\c\Desktop\대학생활\학연생\Approach_Departure\자료\결과물\Polygon\12.5\13\Polygon_13.shp,C:\Users\c\Desktop\대학생활\학연생\Approach_Departure\자료\결과물\Polygon\12.5\안전지대\13\Polygon_13.shp
14,1,21,73.0,"[1,2,3,5,6,8,12,13,16,18,19,20,21,23,24,26,30,31,32,34,36]",318,C:\Users\c\Desktop\대학생활\학연생\Approach_Departure\자료\결과물\Polygon\12.5\14\Polygon_14.shp,C:\Users\c\Desktop\대학생활\학연생\Approach_Departure\자료\결과물\Polygon\12.5\안전지대\14\Polygon_14.shp
14,2,21,74.0,"[1,2,3,5,6,8,12,13,16,18,19,20,21,23,24,26,30,31,32,34,36]",318,C:\Users\c\Desktop\대학생활\학연생\Approach_Departure\자료\결과물\Polygon\12.5\14\Polygon_14.shp,C:\Users\c\Desktop\대학생활\학연생\Approach_Departure\자료\결과물\Polygon\12.5\안전지대\14\Polygon_14.shp
14,3,21,75.0,"[1,2,3,5,6,8,12,13,16,18,19,20,21,23,24,26,30,31,32,34,36]",318,C:\Users\c\Desktop\대학생활\학연생\Approach_Departure\자료\결과물\Polygon\12.5\14\Polygon_14.shp,C:\Users\c\Desktop\대학생활\학연생\Approach_Departure\자료\결과물\Polygon\12.5\안전지대\14\Polygon_14.shp
14,4,21,76.0,"[1,2,3,5,6,8,12,13,16,18,19,20,21,23,24,26,30,31,32,34,36]",318,C:\Users\c\Desktop\대학생활\학연생\Approach_Departure\자료\결과물\Polygon\12.5\14\Polygon_14.shp,C:\Users\c\Desktop\대학생활\학연생\Approach_Departure\자료\결과물\Polygon\12.5\안전지대\14\Polygon_14.shp
14,5,21,77.0,"[1,2,3,5,6,8,12,13,16,18,19,20,21,23,24,26,30,31,32,34,36]",318,C:\Users\c\Desktop\대학생활\학연생\Approach_Departure\자료\결과물\Polygon\12.5\14\Polygon_14.shp,C:\Users\c\Desktop\대학생활\학연생\Approach_Departure\자료\결과물\Polygon\12.5\안전지대\14\Polygon_14.shp
14,6,21,78.0,"[1,2,3,5,6,8,12,13,16,18,19,20,21,23,24,26,30,31,32,34,36]",318,C:\Users\c\Desktop\대학생활\학연생\Approach_Departure\자료\결과물\Polygon\12.5\14\Polygon_14.shp,C:\Users\c\Desktop\대학생활\학연생\Approach_Departure\자료\결과물\Polygon\12.5\안전지대\14\Polygon_14.shp
14,7,21,79.0,"[1,2,3,5,6,8,12,13,16,18,19,20,21,23,24,26,30,31,32,34,36]",318,C:\Users\c\Desktop\대학생활\학연생\Approach_Departure\자료\결과물\Polygon\12.5\14\Polygon_14.shp,C:\Users\c\Desktop\대학생활\학연생\Approach_Departure\자료\결과물\Polygon\12.5\안전지대\14\Polygon_14.shp
14,8,23,70.0,"[1,2,3,5,6,7,8,12,13,16,18,19,20,21,23,24,25,26,30,31,32,34,36]",318,C:\Users\c\Desktop\대학생활\학연생\Approach_Departure\자료\결과물\Polygon\12.5\14\Polygon_14.shp,C:\Users\c\Desktop\대학생활\학연생\Approach_Departure\자료\결과물\Polygon\12.5\안전지대\14\Polygon_14.shp
14,9,23,71.0,"[1,2,3,5,6,7,8,12,13,16,18,19,20,21,23,24,25,26,30,31,32,34,36]",318,C:\Users\c\Desktop\대학생활\학연생\Approach_Departure\자료\결과물\Polygon\12.5\14\Polygon_14.shp,C:\Users\c\Desktop\대학생활\학연생\Approach_Departure\자료\결과물\Polygon\12.5\안전지대\14\Polygon_14.shp
14,10,23,72.0,"[1,2,3,5,6,7,8,12,13,16,18,19,20,21,23,24,25,26,30,31,32,34,36]",318,C:\Users\c\Desktop\대학생활\학연생\Approach_Departure\자료\결과물\Polygon\12.5\14\Polygon_14.shp,C:\Users\c\Desktop\대학생활\학연생\Approach_Departure\자료\결과물\Polygon\12.5\안전지대\14\Polygon_14.shp
15,1,5,0.0,"[7,17,25,33,35]",178,C:\Users\c\Desktop\대학생활\학연생\Approach_Departure\자료\결과물\Polygon\12.5\15\Polygon_15.shp,C:\Users\c\Desktop\대학생활\학연생\Approach_Departure\자료\결과물\Polygon\12.5\안전지대\15\Polygon_15.shp
15,2,5,1.0,"[7,17,25,33,35]",178,C:\Users\c\Desktop\대학생활\학연생\Approach_Departure\자료\결과물\Polygon\12.5\15\Polygon_15.shp,C:\Users\c\Desktop\대학생활\학연생\Approach_Departure\자료\결과물\Polygon\12.5\안전지대\15\Polygon_15.shp
15,3,5,2.0,"[7,17,25,33,35]",178,C:\Users\c\Desktop\대학생활\학연생\Approach_Departure\자료\결과물\Polygon\12.5\15\Polygon_15.shp,C:\Users\c\Desktop\대학생활\학연생\Approach_Departure\자료\결과물\Polygon\12.5\안전지대\15\Polygon_15.shp
15,4,5,75.0,"[7,17,25,33,35]",178,C:\Users\c\Desktop\대학생활\학연생\Approach_Departure\자료\결과물\Polygon\12.5\15\Polygon_15.shp,C:\Users\c\Desktop\대학생활\학연생\Approach_Departure\자료\결과물\Polygon\12.5\안전지대\15\Polygon_15.shp
15,5,5,76.0,"[7,17,25,33,35]",178,C:\Users\c\Desktop\대학생활\학연생\Approach_Departure\자료\결과물\Polygon\12.5\15\Polygon_15.shp,C:\Users\c\Desktop\대학생활\학연생\Approach_Departure\자료\결과물\Polygon\12.5\안전지대\15\Polygon_15.shp
15,6,5,77.0,"[7,17,25,33,35]",178,C:\Users\c\Desktop\대학생활\학연생\Approach_Departure\자료\결과물\Polygon\12.5\15\Polygon_15.shp,C:\Users\c\Desktop\대학생활\학연생\Approach_Departure\자료\결과물\Polygon\12.5\안전지대\15\Polygon_15.shp
15,7,5,78.0,"[7,17,25,33,35]",178,C:\Users\c\Desktop\대학생활\학연생\Approach_Departure\자료\결과물\Polygon\12.5\15\Polygon_15.shp,C:\Users\c\Desktop\대학생활\학연생\Approach_Departure\자료\결과물\Polygon\12.5\안전지대\15\Polygon_15.shp
15,8,5,79.0,"[7,17,25,33,35]",178,C:\Users\c\Desktop\대학생활\학연생\Approach_Departure\자료\결과물\Polygon\12.5\15\Polygon_15.shp,C:\Users\c\Desktop\대학생활\학연생\Approach_Departure\자료\결과물\Polygon\12.5\안전지대\15\Polygon_15.shp
15,9,5,80.0,"[7,17,25,33,35]",178,C:\Users\c\Desktop\대학생활\학연생\Approach_Departure\자료\결과물\Polygon\12.5\15\Polygon_15.shp,C:\Users\c\Desktop\대학생활\학연생\Approach_Departure\자료\결과물\Polygon\12.5\안전지대\15\Polygon_15.shp
15,10,5,81.0,"[7,17,25,33,35]",178,C:\Users\c\Desktop\대학생활\학연생\Approach_Departure\자료\결과물\Polygon\12.5\15\Polygon_15.shp,C:\Users\c\Desktop\대학생활\학연생\Approach_Departure\자료\결과물\Polygon\12.5\안전지대\15\Polygon_15.shp
15,11,5,82.0,"[7,17,25,33,35]",178,C:\Users\c\Desktop\대학생활\학연생\Approach_Departure\자료\결과물\Polygon\12.5\15\Polygon_15.shp,C:\Users\c\Desktop\대학생활\학연생\Approach_Departure\자료\결과물\Polygon\12.5\안전지대\15\Polygon_15.shp
15,12,5,83.0,"[7,17,25,33,35]",178,C:\Users\c\Desktop\대학생활\학연생\Approach_Departure\자료\결과물\Polygon\12.5\15\Polygon_15.shp,C:\Users\c\Desktop\대학생활\학연생\Approach_Departure\자료\결과물\Polygon\12.5\안전지대\15\Polygon_15.shp
15,13,5,84.0,"[7,17,25,33,35]",178,C:\Users\c\Desktop\대학생활\학연생\Approach_Departure\자료\결과물\Polygon\12.5\15\Polygon_15.shp,C:\Users\c\Desktop\대학생활\학연생\Approach_Departure\자료\결과물\Polygon\12.5\안전지대\15\Polygon_15.shp
15,14,5,85.0,"[7,17,25,33,35]",178,C:\Users\c\Desktop\대학생활\학연생\Approach_Departure\자료\결과물\Polygon\12.5\15\Polygon_15.shp,C:\Users\c\Desktop\대학생활\학연생\Approach_Departure\자료\결과물\Polygon\12.5\안전지대\15\Polygon_15.shp
15,15,5,86.0,"[7,17,25,33,35]",178,C:\Users\c\Desktop\대학생활\학연생\Approach_Departure\자료\결과물\Polygon\12.5\15\Polygon_15.shp,C:\Users\c\Desktop\대학생활\학연생\Approach_Departure\자료\결과물\Polygon\12.5\안전지대\15\Polygon_15.shp
15,16,5,87.0,"[7,17,25,33,35]",178,C:\Users\c\Desktop\대학생활\학연생\Approach_Departure\자료\결과물\Polygon\12.5\15\Polygon_15.shp,C:\Users\c\Desktop\대학생활\학연생\Approach_Departure\자료\결과물\Polygon\12.5\안전지대\15\Polygon_15.shp
15,17,5,88.0,"[7,17,25,33,35]",178,C:\Users\c\Desktop\대학생활\학연생\Approach_Departure\자료\결과물\Polygon\12.5\15\Polygon_15.shp,C:\Users\c\Desktop\대학생활\학연생\Approach_Departure\자료\결과물\Polygon\12.5\안전지대\15\Polygon_15.shp
15,18,5,89.0,"[7,17,25,33,35]",178,C:\Users\c\Desktop\대학생활\학연생\Approach_Departure\자료\결과물\Polygon\12.5\15\Polygon_15.shp,C:\Users\c\Desktop\대학생활\학연생\Approach_Departure\자료\결과물\Polygon\12.5\안전지대\15\Polygon_15.shp
15,19,5,90.0,"[7,17,25,33,35]",178,C:\Users\c\Desktop\대학생활\학연생\Approach_Departure\자료\결과물\Polygon\12.5\15\Polygon_15.shp,C:\Users\c\Desktop\대학생활\학연생\Approach_Departure\자료\결과물\Polygon\12.5\안전지대\15\Polygon_15.shp
15,20,5,91.0,"[7,17,25,33,35]",178,C:\Users\c\Desktop\대학생활\학연생\Approach_Departure\자료\결과물\Polygon\12.5\15\Polygon_15.shp,C:\Users\c\Desktop\대학생활\학연생\Approach_Departure\자료\결과물\Polygon\12.5\안전지대\15\Polygon_15.shp
15,21,5,92.0,"[7,17,25,33,35]",178,C:\Users\c\Desktop\대학생활\학연생\Approach_Departure\자료\결과물\Polygon\12.5\15\Polygon_15.shp,C:\Users\c\Desktop\대학생활\학연생\Approach_Departure\자료\결과물\Polygon\12.5\안전지대\15\Polygon_15.shp
15,22,5,93.0,"[7,17,25,33,35]",178,C:\Users\c\Desktop\대학생활\학연생\Approach_Departure\자료\결과물\Polygon\12.5\15\Polygon_15.shp,C:\Users\c\Desktop\대학생활\학연생\Approach_Departure\자료\결과물\Polygon\12.5\안전지대\15\Polygon_15.shp
15,23,5,94.0,"[7,17,25,33,35]",178,C:\Users\c\Desktop\대학생활\학연생\Approach_Departure\자료\결과물\Polygon\12.5\15\Polygon_15.shp,C:\Users\c\Desktop\대학생활\학연생\Approach_Departure\자료\결과물\Polygon\12.5\안전지대\15\Polygon_15.shp
15,24,5,95.0,"[7,17,25,33,35]",178,C:\Users\c\Desktop\대학생활\학연생\Approach_Departure\자료\결과물\Polygon\12.5\15\Polygon_15.shp,C:\Users\c\Desktop\대학생활\학연생\Approach_Departure\자료\결과물\Polygon\12.5\안전지대\15\Polygon_15.shp
15,25,5,96.0,"[7,17,25,33,35]",178,C:\Users\c\Desktop\대학생활\학연생\Approach_Departure\자료\결과물\Polygon\12.5\15\Polygon_15.shp,C:\Users\c\Desktop\대학생활\학연생\Approach_Departure\자료\결과물\Polygon\12.5\안전지대\15\Polygon_15.shp
15,26,5,97.0,"[7,17,25,33,35]",178,C:\Users\c\Desktop\대학생활\학연생\Approach_Departure\자료\결과물\Polygon\12.5\15\Polygon_15.shp,C:\Users\c\Desktop\대학생활\학연생\Approach_Departure\자료\결과물\Polygon\12.5\안전지대\15\Polygon_15.shp
15,27,5,98.0,"[7,17,25,33,35]",178,C:\Users\c\Desktop\대학생활\학연생\Approach_Departure\자료\결과물\Polygon\12.5\15\Polygon_15.shp,C:\Users\c\Desktop\대학생활\학연생\Approach_Departure\자료\결과물\Polygon\12.5\안전지대\15\Polygon_15.shp
15,28,5,99.0,"[7,17,25,33,35]",178,C:\Users\c\Desktop\대학생활\학연생\Approach_Departure\자료\결과물\Polygon\12.5\15\Polygon_15.shp,C:\Users\c\Desktop\대학생활\학연생\Approach_Departure\자료\결과물\Polygon\12.5\안전지대\15\Polygon_15.shp
15,29,5,100.0,"[7,17,25,33,35]",178,C:\Users\c\Desktop\대학생활\학연생\Approach_Departure\자료\결과물\Polygon\12.5\15\Polygon_15.shp,C:\Users\c\Desktop\대학생활\학연생\Approach_Departure\자료\결과물\Polygon\12.5\안전지대\15\Polygon_15.shp
15,30,5,101.0,"[7,17,25,33,35]",178,C:\Users\c\Desktop\대학생활\학연생\Approach_Departure\자료\결과물\Polygon\12.5\15\Polygon_15.shp,C:\Users\c\Desktop\대학생활\학연생\Approach_Departure\자료\결과물\Polygon\12.5\안전지대\15\Polygon_15.shp
15,31,5,102.0,"[7,17,25,33,35]",178,C:\Users\c\Desktop\대학생활\학연생\Approach_Departure\자료\결과물\Polygon\12.5\15\Polygon_15.shp,C:\Users\c\Desktop\대학생활\학연생\Approach_Departure\자료\결과물\Polygon\12.5\안전지대\15\Polygon_15.shp
15,32,5,103.0,"[7,17,25,33,35]",178,C:\Users\c\Desktop\대학생활\학연생\Approach_Departure\자료\결과물\Polygon\12.5\15\Polygon_15.shp,C:\Users\c\Desktop\대학생활\학연생\Approach_Departure\자료\결과물\Polygon\12.5\안전지대\15\Polygon_15.shp
15,33,5,104.0,"[7,17,25,33,35]",178,C:\Users\c\Desktop\대학생활\학연생\Approach_Departure\자료\결과물\Polygon\12.5\15\Polygon_15.shp,C:\Users\c\Desktop\대학생활\학연생\Approach_Departure\자료\결과물\Polygon\12.5\안전지대\15\Polygon_15.shp
15,34,5,105.0,"[7,17,25,33,35]",178,C:\Users\c\Desktop\대학생활\학연생\Approach_Departure\자료\결과물\Polygon\12.5\15\Polygon_15.shp,C:\Users\c\Desktop\대학생활\학연생\Approach_Departure\자료\결과물\Polygon\12.5\안전지대\15\Polygon_15.shp
15,35,5,106.0,"[7,17,25,33,35]",178,C:\Users\c\Desktop\대학생활\학연생\Approach_Departure\자료\결과물\Polygon\12.5\15\Polygon_15.shp,C:\Users\c\Desktop\대학생활\학연생\Approach_Departure\자료\결과물\Polygon\12.5\안전지대\15\Polygon_15.shp
15,36,5,107.0,"[7,17,25,33,35]",178,C:\Users\c\Desktop\대학생활\학연생\Approach_Departure\자료\결과물\Polygon\12.5\15\Polygon_15.shp,C:\Users\c\Desktop\대학생활\학연생\Approach_Departure\자료\결과물\Polygon\12.5\안전지대\15\Polygon_15.shp
15,37,5,108.0,"[7,17,25,33,35]",178,C:\Users\c\Desktop\대학생활\학연생\Approach_Departure\자료\결과물\Polygon\12.5\15\Polygon_15.shp,C:\Users\c\Desktop\대학생활\학연생\Approach_Departure\자료\결과물\Polygon\12.5\안전지대\15\Polygon_15.shp
15,38,5,290.0,"[7,17,25,33,35]",178,C:\Users\c\Desktop\대학생활\학연생\Approach_Departure\자료\결과물\Polygon\12.5\15\Polygon_15.shp,C:\Users\c\Desktop\대학생활\학연생\Approach_Departure\자료\결과물\Polygon\12.5\안전지대\15\Polygon_15.shp
15,39,5,291.0,"[7,17,25,33,35]",178,C:\Users\c\Desktop\대학생활\학연생\Approach_Departure\자료\결과물\Polygon\12.5\15\Polygon_15.shp,C:\Users\c\Desktop\대학생활\학연생\Approach_Departure\자료\결과물\Polygon\12.5\안전지대\15\Polygon_15.shp
15,40,5,292.0,"[7,17,25,33,35]",178,C:\Users\c\Desktop\대학생활\학연생\Approach_Departure\자료\결과물\Polygon\12.5\15\Polygon_15.shp,C:\Users\c\Desktop\대학생활\학연생\Approach_Departure\자료\결과물\Polygon\12.5\안전지대\15\Polygon_15.shp
15,41,5,293.0,"[7,17,25,33,35]",178,C:\Users\c\Desktop\대학생활\학연생\Approach_Departure\자료\결과물\Polygon\12.5\15\Polygon_15.shp,C:\Users\c\Desktop\대학생활\학연생\Approach_Departure\자료\결과물\Polygon\12.5\안전지대\15\Polygon_15.shp
15,42,5,294.0,"[7,17,25,33,35]",178,C:\Users\c\Desktop\대학생활\학연생\Approach_Departure\자료\결과물\Polygon\12.5\15\Polygon_15.shp,C:\Users\c\Desktop\대학생활\학연생\Approach_Departure\자료\결과물\Polygon\12.5\안전지대\15\Polygon_15.shp
15,43,5,295.0,"[7,17,25,33,35]",178,C:\Users\c\Desktop\대학생활\학연생\Approach_Departure\자료\결과물\Polygon\12.5\15\Polygon_15.shp,C:\Users\c\Desktop\대학생활\학연생\Approach_Departure\자료\결과물\Polygon\12.5\안전지대\15\Polygon_15.shp
15,44,5,296.0,"[7,17,25,33,35]",178,C:\Users\c\Desktop\대학생활\학연생\Approach_Departure\자료\결과물\Polygon\12.5\15\Polygon_15.shp,C:\Users\c\Desktop\대학생활\학연생\Approach_Departure\자료\결과물\Polygon\12.5\안전지대\15\Polygon_15.shp
15,45,5,297.0,"[7,17,25,33,35]",178,C:\Users\c\Desktop\대학생활\학연생\Approach_Departure\자료\결과물\Polygon\12.5\15\Polygon_15.shp,C:\Users\c\Desktop\대학생활\학연생\Approach_Departure\자료\결과물\Polygon\12.5\안전지대\15\Polygon_15.shp
15,46,5,298.0,"[7,17,25,33,35]",178,C:\Users\c\Desktop\대학생활\학연생\Approach_Departure\자료\결과물\Polygon\12.5\15\Polygon_15.shp,C:\Users\c\Desktop\대학생활\학연생\Approach_Departure\자료\결과물\Polygon\12.5\안전지대\15\Polygon_15.shp
15,47,5,299.0,"[7,17,25,33,35]",178,C:\Users\c\Desktop\대학생활\학연생\Approach_Departure\자료\결과물\Polygon\12.5\15\Polygon_15.shp,C:\Users\c\Desktop\대학생활\학연생\Approach_Departure\자료\결과물\Polygon\12.5\안전지대\15\Polygon_15.shp
15,48,5,300.0,"[7,17,25,33,35]",178,C:\Users\c\Desktop\대학생활\학연생\Approach_Departure\자료\결과물\Polygon\12.5\15\Polygon_15.shp,C:\Users\c\Desktop\대학생활\학연생\Approach_Departure\자료\결과물\Polygon\12.5\안전지대\15\Polygon_15.shp
15,49,5,301.0,"[7,17,25,33,35]",178,C:\Users\c\Desktop\대학생활\학연생\Approach_Departure\자료\결과물\Polygon\12.5\15\Polygon_15.shp,C:\Users\c\Desktop\대학생활\학연생\Approach_Departure\자료\결과물\Polygon\12.5\안전지대\15\Polygon_15.shp
15,50,5,302.0,"[7,17,25,33,35]",178,C:\Users\c\Desktop\대학생활\학연생\Approach_Departure\자료\결과물\Polygon\12.5\15\Polygon_15.shp,C:\Users\c\Desktop\대학생활\학연생\Approach_Departure\자료\결과물\Polygon\12.5\안전지대\15\Polygon_15.shp
15,51,5,303.0,"[7,17,25,33,35]",178,C:\Users\c\Desktop\대학생활\학연생\Approach_Departure\자료\결과물\Polygon\12.5\15\Polygon_15.shp,C:\Users\c\Desktop\대학생활\학연생\Approach_Departure\자료\결과물\Polygon\12.5\안전지대\15\Polygon_15.shp
15,52,5,304.0,"[7,17,25,33,35]",178,C:\Users\c\Desktop\대학생활\학연생\Approach_Departure\자료\결과물\Polygon\12.5\15\Polygon_15.shp,C:\Users\c\Desktop\대학생활\학연생\Approach_Departure\자료\결과물\Polygon\12.5\안전지대\15\Polygon_15.shp
15,53,5,305.0,"[7,17,25,33,35]",178,C:\Users\c\Desktop\대학생활\학연생\Approach_Departure\자료\결과물\Polygon\12.5\15\Polygon_15.shp,C:\Users\c\Desktop\대학생활\학연생\Approach_Departure\자료\결과물\Polygon\12.5\안전지대\15\Polygon_15.shp
15,54,5,306.0,"[7,17,25,33,35]",178,C:\Users\c\Desktop\대학생활\학연생\Approach_Departure\자료\결과물\Polygon\12.5\15\Polygon_15.shp,C:\Users\c\Desktop\대학생활\학연생\Approach_Departure\자료\결과물\Polygon\12.5\안전지대\15\Polygon_15.shp
15,55,5,307.0,"[7,17,25,33,35]",178,C:\Users\c\Desktop\대학생활\학연생\Approach_Departure\자료\결과물\Polygon\12.5\15\Polygon_15.shp,C:\Users\c\Desktop\대학생활\학연생\Approach_Departure\자료\결과물\Polygon\12.5\안전지대\15\Polygon_15.shp
15,56,5,308.0,"[7,17,25,33,35]",178,C:\Users\c\Desktop\대학생활\학연생\Approach_Departure\자료\결과물\Polygon\12.5\15\Polygon_15.shp,C:\Users\c\Desktop\대학생활\학연생\Approach_Departure\자료\결과물\Polygon\12.5\안전지대\15\Polygon_15.shp
15,57,5,309.0,"[7,17,25,33,35]",178,C:\Users\c\Desktop\대학생활\학연생\Approach_Departure\자료\결과물\Polygon\12.5\15\Polygon_15.shp,C:\Users\c\Desktop\대학생활\학연생\Approach_Departure\자료\결과물\Polygon\12.5\안전지대\15\Polygon_15.shp
15,58,5,310.0,"[7,17,25,33,35]",178,C:\Users\c\Desktop\대학생활\학연생\Approach_Departure\자료\결과물\Polygon\12.5\15\Polygon_15.shp,C:\Users\c\Desktop\대학생활\학연생\Approach_Departure\자료\결과물\Polygon\12.5\안전지대\15\Polygon_15.shp
15,59,5,311.0,"[7,17,25,33,35]",178,C:\Users\c\Desktop\대학생활\학연생\Approach_Departure\자료\결과물\Polygon\12.5\15\Polygon_15.shp,C:\Users\c\Desktop\대학생활\학연생\Approach_Departure\자료\결과물\Polygon\12.5\안전지대\15\Polygon_15.shp
15,60,5,312.0,"[7,17,25,33,35]",178,C:\Users\c\Desktop\대학생활\학연생\Approach_Departure\자료\결과물\Polygon\12.5\15\Polygon_15.shp,C:\Users\c\Desktop\대학생활\학연생\Approach_Departure\자료\결과물\Polygon\12.5\안전지대\15\Polygon_15.shp
15,61,5,313.0,"[7,17,25,33,35]",178,C:\Users\c\Desktop\대학생활\학연생\Approach_Departure\자료\결과물\Polygon\12.5\15\Polygon_15.shp,C:\Users\c\Desktop\대학생활\학연생\Approach_Departure\자료\결과물\Polygon\12.5\안전지대\15\Polygon_15.shp
15,62,5,314.0,"[7,17,25,33,35]",178,C:\Users\c\Desktop\대학생활\학연생\Approach_Departure\자료\결과물\Polygon\12.5\15\Polygon_15.shp,C:\Users\c\Desktop\대학생활\학연생\Approach_Departure\자료\결과물\Polygon\12.5\안전지대\15\Polygon_15.shp
15,63,5,315.0,"[7,17,25,33,35]",178,C:\Users\c\Desktop\대학생활\학연생\Approach_Departure\자료\결과물\Polygon\12.5\15\Polygon_15.shp,C:\Users\c\Desktop\대학생활\학연생\Approach_Departure\자료\결과물\Polygon\12.5\안전지대\15\Polygon_15.shp
15,64,5,316.0,"[7,17,25,33,35]",178,C:\Users\c\Desktop\대학생활\학연생\Approach_Departure\자료\결과물\Polygon\12.5\15\Polygon_15.shp,C:\Users\c\Desktop\대학생활\학연생\Approach_Departure\자료\결과물\Polygon\12.5\안전지대\15\Polygon_15.shp
15,65,5,317.0,"[7,17,25,33,35]",178,C:\Users\c\Desktop\대학생활\학연생\Approach_Departure\자료\결과물\Polygon\12.5\15\Polygon_15.shp,C:\Users\c\Desktop\대학생활\학연생\Approach_Departure\자료\결과물\Polygon\12.5\안전지대\15\Polygon_15.shp
15,66,5,318.0,"[7,17,25,33,35]",178,C:\Users\c\Desktop\대학생활\학연생\Approach_Departure\자료\결과물\Polygon\12.5\15\Polygon_15.shp,C:\Users\c\Desktop\대학생활\학연생\Approach_Departure\자료\결과물\Polygon\12.5\안전지대\15\Polygon_15.shp
15,67,5,319.0,"[7,17,25,33,35]",178,C:\Users\c\Desktop\대학생활\학연생\Approach_Departure\자료\결과물\Polygon\12.5\15\Polygon_15.shp,C:\Users\c\Desktop\대학생활\학연생\Approach_Departure\자료\결과물\Polygon\12.5\안전지대\15\Polygon_15.shp
15,68,5,320.0,"[7,17,25,33,35]",178,C:\Users\c\Desktop\대학생활\학연생\Approach_Departure\자료\결과물\Polygon\12.5\15\Polygon_15.shp,C:\Users\c\Desktop\대학생활\학연생\Approach_Departure\자료\결과물\Polygon\12.5\안전지대\15\Polygon_15.shp
15,69,5,321.0,"[7,17,25,33,35]",178,C:\Users\c\Desktop\대학생활\학연생\Approach_Departure\자료\결과물\Polygon\12.5\15\Polygon_15.shp,C:\Users\c\Desktop\대학생활\학연생\Approach_Departure\자료\결과물\Polygon\12.5\안전지대\15\Polygon_15.shp
15,70,5,322.0,"[7,17,25,33,35]",178,C:\Users\c\Desktop\대학생활\학연생\Approach_Departure\자료\결과물\Polygon\12.5\15\Polygon_15.shp,C:\Users\c\Desktop\대학생활\학연생\Approach_Departure\자료\결과물\Polygon\12.5\안전지대\15\Polygon_15.shp
15,71,5,323.0,"[7,17,25,33,35]",178,C:\Users\c\Desktop\대학생활\학연생\Approach_Departure\자료\결과물\Polygon\12.5\15\Polygon_15.shp,C:\Users\c\Desktop\대학생활\학연생\Approach_Departure\자료\결과물\Polygon\12.5\안전지대\15\Polygon_15.shp
15,72,5,324.0,"[7,17,25,33,35]",178,C:\Users\c\Desktop\대학생활\학연생\Approach_Departure\자료\결과물\Polygon\12.5\15\Polygon_15.shp,C:\Users\c\Desktop\대학생활\학연생\Approach_Departure\자료\결과물\Polygon\12.5\안전지대\15\Polygon_15.shp
15,73,5,325.0,"[7,17,25,33,35]",178,C:\Users\c\Desktop\대학생활\학연생\Approach_Departure\자료\결과물\Polygon\12.5\15\Polygon_15.shp,C:\Users\c\Desktop\대학생활\학연생\Approach_Departure\자료\결과물\Polygon\12.5\안전지대\15\Polygon_15.shp
15,74,5,326.0,"[7,17,25,33,35]",178,C:\Users\c\Desktop\대학생활\학연생\Approach_Departure\자료\결과물\Polygon\12.5\15\Polygon_15.shp,C:\Users\c\Desktop\대학생활\학연생\Approach_Departure\자료\결과물\Polygon\12.5\안전지대\15\Polygon_15.shp
15,75,5,327.0,"[7,17,25,33,35]",178,C:\Users\c\Desktop\대학생활\학연생\Approach_Departure\자료\결과물\Polygon\12.5\15\Polygon_15.shp,C:\Users\c\Desktop\대학생활\학연생\Approach_Departure\자료\결과물\Polygon\12.5\안전지대\15\Polygon_15.shp
15,76,5,328.0,"[7,17,25,33,35]",178,C:\Users\c\Desktop\대학생활\학연생\Approach_Departure\자료\결과물\Polygon\12.5\15\Polygon_15.shp,C:\Users\c\Desktop\대학생활\학연생\Approach_Departure\자료\결과물\Polygon\12.5\안전지대\15\Polygon_15.shp
15,77,5,329.0,"[7,17,25,33,35]",178,C:\Users\c\Desktop\대학생활\학연생\Approach_Departure\자료\결과물\Polygon\12.5\15\Polygon_15.shp,C:\Users\c\Desktop\대학생활\학연생\Approach_Departure\자료\결과물\Polygon\12.5\안전지대\15\Polygon_15.shp
15,78,5,330.0,"[7,17,25,33,35]",178,C:\Users\c\Desktop\대학생활\학연생\Approach_Departure\자료\결과물\Polygon\12.5\15\Polygon_15.shp,C:\Users\c\Desktop\대학생활\학연생\Approach_Departure\자료\결과물\Polygon\12.5\안전지대\15\Polygon_15.shp
15,79,5,331.0,"[7,17,25,33,35]",178,C:\Users\c\Desktop\대학생활\학연생\Approach_Departure\자료\결과물\Polygon\12.5\15\Polygon_15.shp,C:\Users\c\Desktop\대학생활\학연생\Approach_Departure\자료\결과물\Polygon\12.5\안전지대\15\Polygon_15.shp
15,80,5,332.0,"[7,17,25,33,35]",178,C:\Users\c\Desktop\대학생활\학연생\Approach_Departure\자료\결과물\Polygon\12.5\15\Polygon_15.shp,C:\Users\c\Desktop\대학생활\학연생\Approach_Departure\자료\결과물\Polygon\12.5\안전지대\15\Polygon_15.shp
15,81,5,333.0,"[7,17,25,33,35]",178,C:\Users\c\Desktop\대학생활\학연생\Approach_Departure\자료\결과물\Polygon\12.5\15\Polygon_15.shp,C:\Users\c\Desktop\대학생활\학연생\Approach_Departure\자료\결과물\Polygon\12.5\안전지대\15\Polygon_15.shp
15,82,5,334.0,"[7,17,25,33,35]",178,C:\Users\c\Desktop\대학생활\학연생\Approach_Departure\자료\결과물\Polygon\12.5\15\Polygon_15.shp,C:\Users\c\Desktop\대학생활\학연생\Approach_Departure\자료\결과물\Polygon\12.5\안전지대\15\Polygon_15.shp
15,83,5,335.0,"[7,17,25,33,35]",178,C:\Users\c\Desktop\대학생활\학연생\Approach_Departure\자료\결과물\Polygon\12.5\15\Polygon_15.shp,C:\Users\c\Desktop\대학생활\학연생\Approach_Departure\자료\결과물\Polygon\12.5\안전지대\15\Polygon_15.shp
15,84,5,336.0,"[7,17,25,33,35]",178,C:\Users\c\Desktop\대학생활\학연생\Approach_Departure\자료\결과물\Polygon\12.5\15\Polygon_15.shp,C:\Users\c\Desktop\대학생활\학연생\Approach_Departure\자료\결과물\Polygon\12.5\안전지대\15\Polygon_15.shp
15,85,5,337.0,"[7,17,25,33,35]",178,C:\Users\c\Desktop\대학생활\학연생\Approach_Departure\자료\결과물\Polygon\12.5\15\Polygon_15.shp,C:\Users\c\Desktop\대학생활\학연생\Approach_Departure\자료\결과물\Polygon\12.5\안전지대\15\Polygon_15.shp
15,86,5,338.0,"[7,17,25,33,35]",178,C:\Users\c\Desktop\대학생활\학연생\Approach_Departure\자료\결과물\Polygon\12.5\15\Polygon_15.shp,C:\Users\c\Desktop\대학생활\학연생\Approach_Departure\자료\결과물\Polygon\12.5\안전지대\15\Polygon_15.shp
15,87,5,339.0,"[7,17,25,33,35]",178,C:\Users\c\Desktop\대학생활\학연생\Approach_Departure\자료\결과물\Polygon\12.5\15\Polygon_15.shp,C:\Users\c\Desktop\대학생활\학연생\Approach_Departure\자료\결과물\Polygon\12.5\안전지대\15\Polygon_15.shp
15,88,5,340.0,"[7,17,25,33,35]",178,C:\Users\c\Desktop\대학생활\학연생\Approach_Departure\자료\결과물\Polygon\12.5\15\Polygon_15.shp,C:\Users\c\Desktop\대학생활\학연생\Approach_Departure\자료\결과물\Polygon\12.5\안전지대\15\Polygon_15.shp
15,89,5,341.0,"[7,17,25,33,35]",178,C:\Users\c\Desktop\대학생활\학연생\Approach_Departure\자료\결과물\Polygon\12.5\15\Polygon_15.shp,C:\Users\c\Desktop\대학생활\학연생\Approach_Departure\자료\결과물\Polygon\12.5\안전지대\15\Polygon_15.shp
15,90,5,342.0,"[7,17,25,33,35]",178,C:\Users\c\Desktop\대학생활\학연생\Approach_Departure\자료\결과물\Polygon\12.5\15\Polygon_15.shp,C:\Users\c\Desktop\대학생활\학연생\Approach_Departure\자료\결과물\Polygon\12.5\안전지대\15\Polygon_15.shp
15,91,5,343.0,"[7,17,25,33,35]",178,C:\Users\c\Desktop\대학생활\학연생\Approach_Departure\자료\결과물\Polygon\12.5\15\Polygon_15.shp,C:\Users\c\Desktop\대학생활\학연생\Approach_Departure\자료\결과물\Polygon\12.5\안전지대\15\Polygon_15.shp
15,92,5,344.0,"[7,17,25,33,35]",178,C:\Users\c\Desktop\대학생활\학연생\Approach_Departure\자료\결과물\Polygon\12.5\15\Polygon_15.shp,C:\Users\c\Desktop\대학생활\학연생\Approach_Departure\자료\결과물\Polygon\12.5\안전지대\15\Polygon_15.shp
15,93,5,345.0,"[7,17,25,33,35]",178,C:\Users\c\Desktop\대학생활\학연생\Approach_Departure\자료\결과물\Polygon\12.5\15\Polygon_15.shp,C:\Users\c\Desktop\대학생활\학연생\Approach_Departure\자료\결과물\Polygon\12.5\안전지대\15\Polygon_15.shp
15,94,5,346.0,"[7,17,25,33,35]",178,C:\Users\c\Desktop\대학생활\학연생\Approach_Departure\자료\결과물\Polygon\12.5\15\Polygon_15.shp,C:\Users\c\Desktop\대학생활\학연생\Approach_Departure\자료\결과물\Polygon\12.5\안전지대\15\Polygon_15.shp
15,95,5,347.0,"[7,17,25,33,35]",178,C:\Users\c\Desktop\대학생활\학연생\Approach_Departure\자료\결과물\Polygon\12.5\15\Polygon_15.shp,C:\Users\c\Desktop\대학생활\학연생\Approach_Departure\자료\결과물\Polygon\12.5\안전지대\15\Polygon_15.shp
15,96,5,348.0,"[7,17,25,33,35]",178,C:\Users\c\Desktop\대학생활\학연생\Approach_Departure\자료\결과물\Polygon\12.5\15\Polygon_15.shp,C:\Users\c\Desktop\대학생활\학연생\Approach_Departure\자료\결과물\Polygon\12.5\안전지대\15\Polygon_15.shp
15,97,5,349.0,"[7,17,25,33,35]",178,C:\Users\c\Desktop\대학생활\학연생\Approach_Departure\자료\결과물\Polygon\12.5\15\Polygon_15.shp,C:\Users\c\Desktop\대학생활\학연생\Approach_Departure\자료\결과물\Polygon\12.5\안전지대\15\Polygon_15.shp
15,98,5,350.0,"[7,17,25,33,35]",178,C:\Users\c\Desktop\대학생활\학연생\Approach_Departure\자료\결과물\Polygon\12.5\15\Polygon_15.shp,C:\Users\c\Desktop\대학생활\학연생\Approach_Departure\자료\결과물\Polygon\12.5\안전지대\15\Polygon_15.shp
15,99,5,351.0,"[7,17,25,33,35]",178,C:\Users\c\Desktop\대학생활\학연생\Approach_Departure\자료\결과물\Polygon\12.5\15\Polygon_15.shp,C:\Users\c\Desktop\대학생활\학연생\Approach_Departure\자료\결과물\Polygon\12.5\안전지대\15\Polygon_15.shp
15,100,5,352.0,"[7,17,25,33,35]",178,C:\Users\c\Desktop\대학생활\학연생\Approach_Departure\자료\결과물\Polygon\12.5\15\Polygon_15.shp,C:\Users\c\Desktop\대학생활\학연생\Approach_Departure\자료\결과물\Polygon\12.5\안전지대\15\Polygon_15.shp
15,101,5,353.0,"[7,17,25,33,35]",178,C:\Users\c\Desktop\대학생활\학연생\Approach_Departure\자료\결과물\Polygon\12.5\15\Polygon_15.shp,C:\Users\c\Desktop\대학생활\학연생\Approach_Departure\자료\결과물\Polygon\12.5\안전지대\15\Polygon_15.shp
15,102,5,354.0,"[7,17,25,33,35]",178,C:\Users\c\Desktop\대학생활\학연생\Approach_Departure\자료\결과물\Polygon\12.5\15\Polygon_15.shp,C:\Users\c\Desktop\대학생활\학연생\Approach_Departure\자료\결과물\Polygon\12.5\안전지대\15\Polygon_15.shp
15,103,5,355.0,"[7,17,25,33,35]",178,C:\Users\c\Desktop\대학생활\학연생\Approach_Departure\자료\결과물\Polygon\12.5\15\Polygon_15.shp,C:\Users\c\Desktop\대학생활\학연생\Approach_Departure\자료\결과물\Polygon\12.5\안전지대\15\Polygon_15.shp
15,104,5,356.0,"[7,17,25,33,35]",178,C:\Users\c\Desktop\대학생활\학연생\Approach_Departure\자료\결과물\Polygon\12.5\15\Polygon_15.shp,C:\Users\c\Desktop\대학생활\학연생\Approach_Departure\자료\결과물\Polygon\12.5\안전지대\15\Polygon_15.shp
15,105,5,357.0,"[7,17,25,33,35]",178,C:\Users\c\Desktop\대학생활\학연생\Approach_Departure\자료\결과물\Polygon\12.5\15\Polygon_15.shp,C:\Users\c\Desktop\대학생활\학연생\Approach_Departure\자료\결과물\Polygon\12.5\안전지대\15\Polygon_15.shp
15,106,5,358.0,"[7,17,25,33,35]",178,C:\Users\c\Desktop\대학생활\학연생\Approach_Departure\자료\결과물\Polygon\12.5\15\Polygon_15.shp,C:\Users\c\Desktop\대학생활\학연생\Approach_Departure\자료\결과물\Polygon\12.5\안전지대\15\Polygon_15.shp
15,107,5,359.0,"[7,17,25,33,35]",178,C:\Users\c\Desktop\대학생활\학연생\Approach_Departure\자료\결과물\Polygon\12.5\15\Polygon_15.shp,C:\Users\c\Desktop\대학생활\학연생\Approach_Departure\자료\결과물\Polygon\12.5\안전지대\15\Polygon_15.shp
16,1,23,214.0,"[1,2,4,5,6,10,11,12,13,14,18,19,20,22,23,24,28,29,30,31,32,34,36]",318,C:\Users\c\Desktop\대학생활\학연생\Approach_Departure\자료\결과물\Polygon\12.5\16\Polygon_16.shp,C:\Users\c\Desktop\대학생활\학연생\Approach_Departure\자료\결과물\Polygon\12.5\안전지대\16\Polygon_16.shp
16,2,23,215.0,"[1,2,4,5,6,10,11,12,13,14,18,19,20,22,23,24,28,29,30,31,32,34,36]",318,C:\Users\c\Desktop\대학생활\학연생\Approach_Departure\자료\결과물\Polygon\12.5\16\Polygon_16.shp,C:\Users\c\Desktop\대학생활\학연생\Approach_Departure\자료\결과물\Polygon\12.5\안전지대\16\Polygon_16.shp
16,3,23,216.0,"[1,2,4,5,6,10,11,12,13,14,18,19,20,22,23,24,28,29,30,31,32,34,36]",318,C:\Users\c\Desktop\대학생활\학연생\Approach_Departure\자료\결과물\Polygon\12.5\16\Polygon_16.shp,C:\Users\c\Desktop\대학생활\학연생\Approach_Departure\자료\결과물\Polygon\12.5\안전지대\16\Polygon_16.shp
16,4,23,217.0,"[1,2,4,5,6,10,11,12,13,14,18,19,20,22,23,24,28,29,30,31,32,34,36]",318,C:\Users\c\Desktop\대학생활\학연생\Approach_Departure\자료\결과물\Polygon\12.5\16\Polygon_16.shp,C:\Users\c\Desktop\대학생활\학연생\Approach_Departure\자료\결과물\Polygon\12.5\안전지대\16\Polygon_16.shp
16,5,23,218.0,"[1,2,4,5,6,10,11,12,13,14,18,19,20,22,23,24,28,29,30,31,32,34,36]",318,C:\Users\c\Desktop\대학생활\학연생\Approach_Departure\자료\결과물\Polygon\12.5\16\Polygon_16.shp,C:\Users\c\Desktop\대학생활\학연생\Approach_Departure\자료\결과물\Polygon\12.5\안전지대\16\Polygon_16.shp
16,6,23,219.0,"[1,2,4,5,6,10,11,12,13,14,18,19,20,22,23,24,28,29,30,31,32,34,36]",318,C:\Users\c\Desktop\대학생활\학연생\Approach_Departure\자료\결과물\Polygon\12.5\16\Polygon_16.shp,C:\Users\c\Desktop\대학생활\학연생\Approach_Departure\자료\결과물\Polygon\12.5\안전지대\16\Polygon_16.shp
16,7,23,220.0,"[1,2,4,5,6,10,11,12,13,14,18,19,20,22,23,24,28,29,30,31,32,34,36]",318,C:\Users\c\Desktop\대학생활\학연생\Approach_Departure\자료\결과물\Polygon\12.5\16\Polygon_16.shp,C:\Users\c\Desktop\대학생활\학연생\Approach_Departure\자료\결과물\Polygon\12.5\안전지대\16\Polygon_16.shp
16,8,23,221.0,"[1,2,4,5,6,10,11,12,13,14,18,19,20,22,23,24,28,29,30,31,32,34,36]",318,C:\Users\c\Desktop\대학생활\학연생\Approach_Departure\자료\결과물\Polygon\12.5\16\Polygon_16.shp,C:\Users\c\Desktop\대학생활\학연생\Approach_Departure\자료\결과물\Polygon\12.5\안전지대\16\Polygon_16.shp
16,9,23,222.0,"[1,2,4,5,6,10,11,12,13,14,18,19,20,22,23,24,28,29,30,31,32,34,36]",318,C:\Users\c\Desktop\대학생활\학연생\Approach_Departure\자료\결과물\Polygon\12.5\16\Polygon_16.shp,C:\Users\c\Desktop\대학생활\학연생\Approach_Departure\자료\결과물\Polygon\12.5\안전지대\16\Polygon_16.shp
16,10,23,223.0,"[1,2,4,5,6,10,11,12,13,14,18,19,20,22,23,24,28,29,30,31,32,34,36]",318,C:\Users\c\Desktop\대학생활\학연생\Approach_Departure\자료\결과물\Polygon\12.5\16\Polygon_16.shp,C:\Users\c\Desktop\대학생활\학연생\Approach_Departure\자료\결과물\Polygon\12.5\안전지대\16\Polygon_16.shp
17,1,3,32.0,"[7,25,35]",360,C:\Users\c\Desktop\대학생활\학연생\Approach_Departure\자료\결과물\Polygon\12.5\17\Polygon_17.shp,C:\Users\c\Desktop\대학생활\학연생\Approach_Departure\자료\결과물\Polygon\12.5\안전지대\17\Polygon_17.shp
17,2,3,33.0,"[7,25,35]",360,C:\Users\c\Desktop\대학생활\학연생\Approach_Departure\자료\결과물\Polygon\12.5\17\Polygon_17.shp,C:\Users\c\Desktop\대학생활\학연생\Approach_Departure\자료\결과물\Polygon\12.5\안전지대\17\Polygon_17.shp
17,3,3,34.0,"[7,25,35]",360,C:\Users\c\Desktop\대학생활\학연생\Approach_Departure\자료\결과물\Polygon\12.5\17\Polygon_17.shp,C:\Users\c\Desktop\대학생활\학연생\Approach_Departure\자료\결과물\Polygon\12.5\안전지대\17\Polygon_17.shp
17,4,3,35.0,"[7,25,35]",360,C:\Users\c\Desktop\대학생활\학연생\Approach_Departure\자료\결과물\Polygon\12.5\17\Polygon_17.shp,C:\Users\c\Desktop\대학생활\학연생\Approach_Departure\자료\결과물\Polygon\12.5\안전지대\17\Polygon_17.shp
17,5,3,36.0,"[7,25,35]",360,C:\Users\c\Desktop\대학생활\학연생\Approach_Departure\자료\결과물\Polygon\12.5\17\Polygon_17.shp,C:\Users\c\Desktop\대학생활\학연생\Approach_Departure\자료\결과물\Polygon\12.5\안전지대\17\Polygon_17.shp
17,6,3,37.0,"[7,25,35]",360,C:\Users\c\Desktop\대학생활\학연생\Approach_Departure\자료\결과물\Polygon\12.5\17\Polygon_17.shp,C:\Users\c\Desktop\대학생활\학연생\Approach_Departure\자료\결과물\Polygon\12.5\안전지대\17\Polygon_17.shp
17,7,3,38.0,"[7,25,35]",360,C:\Users\c\Desktop\대학생활\학연생\Approach_Departure\자료\결과물\Polygon\12.5\17\Polygon_17.shp,C:\Users\c\Desktop\대학생활\학연생\Approach_Departure\자료\결과물\Polygon\12.5\안전지대\17\Polygon_17.shp
17,8,3,39.0,"[7,25,35]",360,C:\Users\c\Desktop\대학생활\학연생\Approach_Departure\자료\결과물\Polygon\12.5\17\Polygon_17.shp,C:\Users\c\Desktop\대학생활\학연생\Approach_Departure\자료\결과물\Polygon\12.5\안전지대\17\Polygon_17.shp
17,9,3,40.0,"[7,25,35]",360,C:\Users\c\Desktop\대학생활\학연생\Approach_Departure\자료\결과물\Polygon\12.5\17\Polygon_17.shp,C:\Users\c\Desktop\대학생활\학연생\Approach_Departure\자료\결과물\Polygon\12.5\안전지대\17\Polygon_17.shp
17,10,3,41.0,"[7,25,35]",360,C:\Users\c\Desktop\대학생활\학연생\Approach_Departure\자료\결과물\Polygon\12.5\17\Polygon_17.shp,C:\Users\c\Desktop\대학생활\학연생\Approach_Departure\자료\결과물\Polygon\12.5\안전지대\17\Polygon_17.shp
17,11,3,42.0,"[7,25,35]",360,C:\Users\c\Desktop\대학생활\학연생\Approach_Departure\자료\결과물\Polygon\12.5\17\Polygon_17.shp,C:\Users\c\Desktop\대학생활\학연생\Approach_Departure\자료\결과물\Polygon\12.5\안전지대\17\Polygon_17.shp
17,12,3,43.0,"[7,25,35]",360,C:\Users\c\Desktop\대학생활\학연생\Approach_Departure\자료\결과물\Polygon\12.5\17\Polygon_17.shp,C:\Users\c\Desktop\대학생활\학연생\Approach_Departure\자료\결과물\Polygon\12.5\안전지대\17\Polygon_17.shp
17,13,3,44.0,"[7,25,35]",360,C:\Users\c\Desktop\대학생활\학연생\Approach_Departure\자료\결과물\Polygon\12.5\17\Polygon_17.shp,C:\Users\c\Desktop\대학생활\학연생\Approach_Departure\자료\결과물\Polygon\12.5\안전지대\17\Polygon_17.shp
17,14,5,0.0,"[7,15,25,33,35]",360,C:\Users\c\Desktop\대학생활\학연생\Approach_Departure\자료\결과물\Polygon\12.5\17\Polygon_17.shp,C:\Users\c\Desktop\대학생활\학연생\Approach_Departure\자료\결과물\Polygon\12.5\안전지대\17\Polygon_17.shp
17,15,5,1.0,"[7,15,25,33,35]",360,C:\Users\c\Desktop\대학생활\학연생\Approach_Departure\자료\결과물\Polygon\12.5\17\Polygon_17.shp,C:\Users\c\Desktop\대학생활\학연생\Approach_Departure\자료\결과물\Polygon\12.5\안전지대\17\Polygon_17.shp
17,16,5,2.0,"[7,15,25,33,35]",360,C:\Users\c\Desktop\대학생활\학연생\Approach_Departure\자료\결과물\Polygon\12.5\17\Polygon_17.shp,C:\Users\c\Desktop\대학생활\학연생\Approach_Departure\자료\결과물\Polygon\12.5\안전지대\17\Polygon_17.shp
17,17,5,3.0,"[7,15,25,33,35]",360,C:\Users\c\Desktop\대학생활\학연생\Approach_Departure\자료\결과물\Polygon\12.5\17\Polygon_17.shp,C:\Users\c\Desktop\대학생활\학연생\Approach_Departure\자료\결과물\Polygon\12.5\안전지대\17\Polygon_17.shp
17,18,5,4.0,"[7,15,25,33,35]",360,C:\Users\c\Desktop\대학생활\학연생\Approach_Departure\자료\결과물\Polygon\12.5\17\Polygon_17.shp,C:\Users\c\Desktop\대학생활\학연생\Approach_Departure\자료\결과물\Polygon\12.5\안전지대\17\Polygon_17.shp
17,19,5,5.0,"[7,15,25,33,35]",360,C:\Users\c\Desktop\대학생활\학연생\Approach_Departure\자료\결과물\Polygon\12.5\17\Polygon_17.shp,C:\Users\c\Desktop\대학생활\학연생\Approach_Departure\자료\결과물\Polygon\12.5\안전지대\17\Polygon_17.shp
17,20,5,6.0,"[7,15,25,33,35]",360,C:\Users\c\Desktop\대학생활\학연생\Approach_Departure\자료\결과물\Polygon\12.5\17\Polygon_17.shp,C:\Users\c\Desktop\대학생활\학연생\Approach_Departure\자료\결과물\Polygon\12.5\안전지대\17\Polygon_17.shp
17,21,5,7.0,"[7,15,25,33,35]",360,C:\Users\c\Desktop\대학생활\학연생\Approach_Departure\자료\결과물\Polygon\12.5\17\Polygon_17.shp,C:\Users\c\Desktop\대학생활\학연생\Approach_Departure\자료\결과물\Polygon\12.5\안전지대\17\Polygon_17.shp
17,22,5,8.0,"[7,15,25,33,35]",360,C:\Users\c\Desktop\대학생활\학연생\Approach_Departure\자료\결과물\Polygon\12.5\17\Polygon_17.shp,C:\Users\c\Desktop\대학생활\학연생\Approach_Departure\자료\결과물\Polygon\12.5\안전지대\17\Polygon_17.shp
17,23,5,9.0,"[7,15,25,33,35]",360,C:\Users\c\Desktop\대학생활\학연생\Approach_Departure\자료\결과물\Polygon\12.5\17\Polygon_17.shp,C:\Users\c\Desktop\대학생활\학연생\Approach_Departure\자료\결과물\Polygon\12.5\안전지대\17\Polygon_17.shp
17,24,5,10.0,"[7,15,25,33,35]",360,C:\Users\c\Desktop\대학생활\학연생\Approach_Departure\자료\결과물\Polygon\12.5\17\Polygon_17.shp,C:\Users\c\Desktop\대학생활\학연생\Approach_Departure\자료\결과물\Polygon\12.5\안전지대\17\Polygon_17.shp
17,25,5,11.0,"[7,15,25,33,35]",360,C:\Users\c\Desktop\대학생활\학연생\Approach_Departure\자료\결과물\Polygon\12.5\17\Polygon_17.shp,C:\Users\c\Desktop\대학생활\학연생\Approach_Departure\자료\결과물\Polygon\12.5\안전지대\17\Polygon_17.shp
17,26,5,12.0,"[7,15,25,33,35]",360,C:\Users\c\Desktop\대학생활\학연생\Approach_Departure\자료\결과물\Polygon\12.5\17\Polygon_17.shp,C:\Users\c\Desktop\대학생활\학연생\Approach_Departure\자료\결과물\Polygon\12.5\안전지대\17\Polygon_17.shp
17,27,5,13.0,"[7,15,25,33,35]",360,C:\Users\c\Desktop\대학생활\학연생\Approach_Departure\자료\결과물\Polygon\12.5\17\Polygon_17.shp,C:\Users\c\Desktop\대학생활\학연생\Approach_Departure\자료\결과물\Polygon\12.5\안전지대\17\Polygon_17.shp
17,28,5,14.0,"[7,15,25,33,35]",360,C:\Users\c\Desktop\대학생활\학연생\Approach_Departure\자료\결과물\Polygon\12.5\17\Polygon_17.shp,C:\Users\c\Desktop\대학생활\학연생\Approach_Departure\자료\결과물\Polygon\12.5\안전지대\17\Polygon_17.shp
17,29,5,15.0,"[7,15,25,33,35]",360,C:\Users\c\Desktop\대학생활\학연생\Approach_Departure\자료\결과물\Polygon\12.5\17\Polygon_17.shp,C:\Users\c\Desktop\대학생활\학연생\Approach_Departure\자료\결과물\Polygon\12.5\안전지대\17\Polygon_17.shp
17,30,5,16.0,"[7,15,25,33,35]",360,C:\Users\c\Desktop\대학생활\학연생\Approach_Departure\자료\결과물\Polygon\12.5\17\Polygon_17.shp,C:\Users\c\Desktop\대학생활\학연생\Approach_Departure\자료\결과물\Polygon\12.5\안전지대\17\Polygon_17.shp
17,31,5,17.0,"[7,15,25,33,35]",360,C:\Users\c\Desktop\대학생활\학연생\Approach_Departure\자료\결과물\Polygon\12.5\17\Polygon_17.shp,C:\Users\c\Desktop\대학생활\학연생\Approach_Departure\자료\결과물\Polygon\12.5\안전지대\17\Polygon_17.shp
17,32,5,18.0,"[7,15,25,33,35]",360,C:\Users\c\Desktop\대학생활\학연생\Approach_Departure\자료\결과물\Polygon\12.5\17\Polygon_17.shp,C:\Users\c\Desktop\대학생활\학연생\Approach_Departure\자료\결과물\Polygon\12.5\안전지대\17\Polygon_17.shp
17,33,5,19.0,"[7,15,25,33,35]",360,C:\Users\c\Desktop\대학생활\학연생\Approach_Departure\자료\결과물\Polygon\12.5\17\Polygon_17.shp,C:\Users\c\Desktop\대학생활\학연생\Approach_Departure\자료\결과물\Polygon\12.5\안전지대\17\Polygon_17.shp
17,34,5,20.0,"[7,15,25,33,35]",360,C:\Users\c\Desktop\대학생활\학연생\Approach_Departure\자료\결과물\Polygon\12.5\17\Polygon_17.shp,C:\Users\c\Desktop\대학생활\학연생\Approach_Departure\자료\결과물\Polygon\12.5\안전지대\17\Polygon_17.shp
17,35,5,21.0,"[7,15,25,33,35]",360,C:\Users\c\Desktop\대학생활\학연생\Approach_Departure\자료\결과물\Polygon\12.5\17\Polygon_17.shp,C:\Users\c\Desktop\대학생활\학연생\Approach_Departure\자료\결과물\Polygon\12.5\안전지대\17\Polygon_17.shp
17,36,5,22.0,"[7,15,25,33,35]",360,C:\Users\c\Desktop\대학생활\학연생\Approach_Departure\자료\결과물\Polygon\12.5\17\Polygon_17.shp,C:\Users\c\Desktop\대학생활\학연생\Approach_Departure\자료\결과물\Polygon\12.5\안전지대\17\Polygon_17.shp
17,37,5,23.0,"[7,15,25,33,35]",360,C:\Users\c\Desktop\대학생활\학연생\Approach_Departure\자료\결과물\Polygon\12.5\17\Polygon_17.shp,C:\Users\c\Desktop\대학생활\학연생\Approach_Departure\자료\결과물\Polygon\12.5\안전지대\17\Polygon_17.shp
17,38,5,24.0,"[7,15,25,33,35]",360,C:\Users\c\Desktop\대학생활\학연생\Approach_Departure\자료\결과물\Polygon\12.5\17\Polygon_17.shp,C:\Users\c\Desktop\대학생활\학연생\Approach_Departure\자료\결과물\Polygon\12.5\안전지대\17\Polygon_17.shp
17,39,5,25.0,"[7,15,25,33,35]",360,C:\Users\c\Desktop\대학생활\학연생\Approach_Departure\자료\결과물\Polygon\12.5\17\Polygon_17.shp,C:\Users\c\Desktop\대학생활\학연생\Approach_Departure\자료\결과물\Polygon\12.5\안전지대\17\Polygon_17.shp
17,40,5,26.0,"[7,15,25,33,35]",360,C:\Users\c\Desktop\대학생활\학연생\Approach_Departure\자료\결과물\Polygon\12.5\17\Polygon_17.shp,C:\Users\c\Desktop\대학생활\학연생\Approach_Departure\자료\결과물\Polygon\12.5\안전지대\17\Polygon_17.shp
17,41,5,27.0,"[7,15,25,33,35]",360,C:\Users\c\Desktop\대학생활\학연생\Approach_Departure\자료\결과물\Polygon\12.5\17\Polygon_17.shp,C:\Users\c\Desktop\대학생활\학연생\Approach_Departure\자료\결과물\Polygon\12.5\안전지대\17\Polygon_17.shp
17,42,5,28.0,"[7,15,25,33,35]",360,C:\Users\c\Desktop\대학생활\학연생\Approach_Departure\자료\결과물\Polygon\12.5\17\Polygon_17.shp,C:\Users\c\Desktop\대학생활\학연생\Approach_Departure\자료\결과물\Polygon\12.5\안전지대\17\Polygon_17.shp
17,43,5,29.0,"[7,15,25,33,35]",360,C:\Users\c\Desktop\대학생활\학연생\Approach_Departure\자료\결과물\Polygon\12.5\17\Polygon_17.shp,C:\Users\c\Desktop\대학생활\학연생\Approach_Departure\자료\결과물\Polygon\12.5\안전지대\17\Polygon_17.shp
17,44,5,30.0,"[7,15,25,33,35]",360,C:\Users\c\Desktop\대학생활\학연생\Approach_Departure\자료\결과물\Polygon\12.5\17\Polygon_17.shp,C:\Users\c\Desktop\대학생활\학연생\Approach_Departure\자료\결과물\Polygon\12.5\안전지대\17\Polygon_17.shp
17,45,5,31.0,"[7,15,25,33,35]",360,C:\Users\c\Desktop\대학생활\학연생\Approach_Departure\자료\결과물\Polygon\12.5\17\Polygon_17.shp,C:\Users\c\Desktop\대학생활\학연생\Approach_Departure\자료\결과물\Polygon\12.5\안전지대\17\Polygon_17.shp
17,46,5,45.0,"[7,15,25,33,35]",360,C:\Users\c\Desktop\대학생활\학연생\Approach_Departure\자료\결과물\Polygon\12.5\17\Polygon_17.shp,C:\Users\c\Desktop\대학생활\학연생\Approach_Departure\자료\결과물\Polygon\12.5\안전지대\17\Polygon_17.shp
17,47,5,46.0,"[7,15,25,33,35]",360,C:\Users\c\Desktop\대학생활\학연생\Approach_Departure\자료\결과물\Polygon\12.5\17\Polygon_17.shp,C:\Users\c\Desktop\대학생활\학연생\Approach_Departure\자료\결과물\Polygon\12.5\안전지대\17\Polygon_17.shp
17,48,5,47.0,"[7,15,25,33,35]",360,C:\Users\c\Desktop\대학생활\학연생\Approach_Departure\자료\결과물\Polygon\12.5\17\Polygon_17.shp,C:\Users\c\Desktop\대학생활\학연생\Approach_Departure\자료\결과물\Polygon\12.5\안전지대\17\Polygon_17.shp
17,49,5,48.0,"[7,15,25,33,35]",360,C:\Users\c\Desktop\대학생활\학연생\Approach_Departure\자료\결과물\Polygon\12.5\17\Polygon_17.shp,C:\Users\c\Desktop\대학생활\학연생\Approach_Departure\자료\결과물\Polygon\12.5\안전지대\17\Polygon_17.shp
17,50,5,49.0,"[7,15,25,33,35]",360,C:\Users\c\Desktop\대학생활\학연생\Approach_Departure\자료\결과물\Polygon\12.5\17\Polygon_17.shp,C:\Users\c\Desktop\대학생활\학연생\Approach_Departure\자료\결과물\Polygon\12.5\안전지대\17\Polygon_17.shp
17,51,5,50.0,"[7,15,25,33,35]",360,C:\Users\c\Desktop\대학생활\학연생\Approach_Departure\자료\결과물\Polygon\12.5\17\Polygon_17.shp,C:\Users\c\Desktop\대학생활\학연생\Approach_Departure\자료\결과물\Polygon\12.5\안전지대\17\Polygon_17.shp
17,52,5,51.0,"[7,15,25,33,35]",360,C:\Users\c\Desktop\대학생활\학연생\Approach_Departure\자료\결과물\Polygon\12.5\17\Polygon_17.shp,C:\Users\c\Desktop\대학생활\학연생\Approach_Departure\자료\결과물\Polygon\12.5\안전지대\17\Polygon_17.shp
17,53,5,52.0,"[7,15,25,33,35]",360,C:\Users\c\Desktop\대학생활\학연생\Approach_Departure\자료\결과물\Polygon\12.5\17\Polygon_17.shp,C:\Users\c\Desktop\대학생활\학연생\Approach_Departure\자료\결과물\Polygon\12.5\안전지대\17\Polygon_17.shp
17,54,5,53.0,"[7,15,25,33,35]",360,C:\Users\c\Desktop\대학생활\학연생\Approach_Departure\자료\결과물\Polygon\12.5\17\Polygon_17.shp,C:\Users\c\Desktop\대학생활\학연생\Approach_Departure\자료\결과물\Polygon\12.5\안전지대\17\Polygon_17.shp
17,55,5,54.0,"[7,15,25,33,35]",360,C:\Users\c\Desktop\대학생활\학연생\Approach_Departure\자료\결과물\Polygon\12.5\17\Polygon_17.shp,C:\Users\c\Desktop\대학생활\학연생\Approach_Departure\자료\결과물\Polygon\12.5\안전지대\17\Polygon_17.shp
17,56,5,55.0,"[7,15,25,33,35]",360,C:\Users\c\Desktop\대학생활\학연생\Approach_Departure\자료\결과물\Polygon\12.5\17\Polygon_17.shp,C:\Users\c\Desktop\대학생활\학연생\Approach_Departure\자료\결과물\Polygon\12.5\안전지대\17\Polygon_17.shp
17,57,5,56.0,"[7,15,25,33,35]",360,C:\Users\c\Desktop\대학생활\학연생\Approach_Departure\자료\결과물\Polygon\12.5\17\Polygon_17.shp,C:\Users\c\Desktop\대학생활\학연생\Approach_Departure\자료\결과물\Polygon\12.5\안전지대\17\Polygon_17.shp
17,58,5,57.0,"[7,15,25,33,35]",360,C:\Users\c\Desktop\대학생활\학연생\Approach_Departure\자료\결과물\Polygon\12.5\17\Polygon_17.shp,C:\Users\c\Desktop\대학생활\학연생\Approach_Departure\자료\결과물\Polygon\12.5\안전지대\17\Polygon_17.shp
17,59,5,58.0,"[7,15,25,33,35]",360,C:\Users\c\Desktop\대학생활\학연생\Approach_Departure\자료\결과물\Polygon\12.5\17\Polygon_17.shp,C:\Users\c\Desktop\대학생활\학연생\Approach_Departure\자료\결과물\Polygon\12.5\안전지대\17\Polygon_17.shp
17,60,5,59.0,"[7,15,25,33,35]",360,C:\Users\c\Desktop\대학생활\학연생\Approach_Departure\자료\결과물\Polygon\12.5\17\Polygon_17.shp,C:\Users\c\Desktop\대학생활\학연생\Approach_Departure\자료\결과물\Polygon\12.5\안전지대\17\Polygon_17.shp
17,61,5,60.0,"[7,15,25,33,35]",360,C:\Users\c\Desktop\대학생활\학연생\Approach_Departure\자료\결과물\Polygon\12.5\17\Polygon_17.shp,C:\Users\c\Desktop\대학생활\학연생\Approach_Departure\자료\결과물\Polygon\12.5\안전지대\17\Polygon_17.shp
17,62,5,61.0,"[7,15,25,33,35]",360,C:\Users\c\Desktop\대학생활\학연생\Approach_Departure\자료\결과물\Polygon\12.5\17\Polygon_17.shp,C:\Users\c\Desktop\대학생활\학연생\Approach_Departure\자료\결과물\Polygon\12.5\안전지대\17\Polygon_17.shp
17,63,5,62.0,"[7,15,25,33,35]",360,C:\Users\c\Desktop\대학생활\학연생\Approach_Departure\자료\결과물\Polygon\12.5\17\Polygon_17.shp,C:\Users\c\Desktop\대학생활\학연생\Approach_Departure\자료\결과물\Polygon\12.5\안전지대\17\Polygon_17.shp
17,64,5,63.0,"[7,15,25,33,35]",360,C:\Users\c\Desktop\대학생활\학연생\Approach_Departure\자료\결과물\Polygon\12.5\17\Polygon_17.shp,C:\Users\c\Desktop\대학생활\학연생\Approach_Departure\자료\결과물\Polygon\12.5\안전지대\17\Polygon_17.shp
17,65,5,64.0,"[7,15,25,33,35]",360,C:\Users\c\Desktop\대학생활\학연생\Approach_Departure\자료\결과물\Polygon\12.5\17\Polygon_17.shp,C:\Users\c\Desktop\대학생활\학연생\Approach_Departure\자료\결과물\Polygon\12.5\안전지대\17\Polygon_17.shp
17,66,5,65.0,"[7,15,25,33,35]",360,C:\Users\c\Desktop\대학생활\학연생\Approach_Departure\자료\결과물\Polygon\12.5\17\Polygon_17.shp,C:\Users\c\Desktop\대학생활\학연생\Approach_Departure\자료\결과물\Polygon\12.5\안전지대\17\Polygon_17.shp
17,67,5,66.0,"[7,15,25,33,35]",360,C:\Users\c\Desktop\대학생활\학연생\Approach_Departure\자료\결과물\Polygon\12.5\17\Polygon_17.shp,C:\Users\c\Desktop\대학생활\학연생\Approach_Departure\자료\결과물\Polygon\12.5\안전지대\17\Polygon_17.shp
17,68,5,67.0,"[7,15,25,33,35]",360,C:\Users\c\Desktop\대학생활\학연생\Approach_Departure\자료\결과물\Polygon\12.5\17\Polygon_17.shp,C:\Users\c\Desktop\대학생활\학연생\Approach_Departure\자료\결과물\Polygon\12.5\안전지대\17\Polygon_17.shp
17,69,5,68.0,"[7,15,25,33,35]",360,C:\Users\c\Desktop\대학생활\학연생\Approach_Departure\자료\결과물\Polygon\12.5\17\Polygon_17.shp,C:\Users\c\Desktop\대학생활\학연생\Approach_Departure\자료\결과물\Polygon\12.5\안전지대\17\Polygon_17.shp
17,70,5,69.0,"[7,15,25,33,35]",360,C:\Users\c\Desktop\대학생활\학연생\Approach_Departure\자료\결과물\Polygon\12.5\17\Polygon_17.shp,C:\Users\c\Desktop\대학생활\학연생\Approach_Departure\자료\결과물\Polygon\12.5\안전지대\17\Polygon_17.shp
17,71,5,70.0,"[7,15,25,33,35]",360,C:\Users\c\Desktop\대학생활\학연생\Approach_Departure\자료\결과물\Polygon\12.5\17\Polygon_17.shp,C:\Users\c\Desktop\대학생활\학연생\Approach_Departure\자료\결과물\Polygon\12.5\안전지대\17\Polygon_17.shp
17,72,5,71.0,"[7,15,25,33,35]",360,C:\Users\c\Desktop\대학생활\학연생\Approach_Departure\자료\결과물\Polygon\12.5\17\Polygon_17.shp,C:\Users\c\Desktop\대학생활\학연생\Approach_Departure\자료\결과물\Polygon\12.5\안전지대\17\Polygon_17.shp
17,73,5,72.0,"[7,15,25,33,35]",360,C:\Users\c\Desktop\대학생활\학연생\Approach_Departure\자료\결과물\Polygon\12.5\17\Polygon_17.shp,C:\Users\c\Desktop\대학생활\학연생\Approach_Departure\자료\결과물\Polygon\12.5\안전지대\17\Polygon_17.shp
17,74,5,73.0,"[7,15,25,33,35]",360,C:\Users\c\Desktop\대학생활\학연생\Approach_Departure\자료\결과물\Polygon\12.5\17\Polygon_17.shp,C:\Users\c\Desktop\대학생활\학연생\Approach_Departure\자료\결과물\Polygon\12.5\안전지대\17\Polygon_17.shp
17,75,5,74.0,"[7,15,25,33,35]",360,C:\Users\c\Desktop\대학생활\학연생\Approach_Departure\자료\결과물\Polygon\12.5\17\Polygon_17.shp,C:\Users\c\Desktop\대학생활\학연생\Approach_Departure\자료\결과물\Polygon\12.5\안전지대\17\Polygon_17.shp
17,76,5,75.0,"[7,15,25,33,35]",360,C:\Users\c\Desktop\대학생활\학연생\Approach_Departure\자료\결과물\Polygon\12.5\17\Polygon_17.shp,C:\Users\c\Desktop\대학생활\학연생\Approach_Departure\자료\결과물\Polygon\12.5\안전지대\17\Polygon_17.shp
17,77,5,76.0,"[7,15,25,33,35]",360,C:\Users\c\Desktop\대학생활\학연생\Approach_Departure\자료\결과물\Polygon\12.5\17\Polygon_17.shp,C:\Users\c\Desktop\대학생활\학연생\Approach_Departure\자료\결과물\Polygon\12.5\안전지대\17\Polygon_17.shp
17,78,5,77.0,"[7,15,25,33,35]",360,C:\Users\c\Desktop\대학생활\학연생\Approach_Departure\자료\결과물\Polygon\12.5\17\Polygon_17.shp,C:\Users\c\Desktop\대학생활\학연생\Approach_Departure\자료\결과물\Polygon\12.5\안전지대\17\Polygon_17.shp
17,79,5,78.0,"[7,15,25,33,35]",360,C:\Users\c\Desktop\대학생활\학연생\Approach_Departure\자료\결과물\Polygon\12.5\17\Polygon_17.shp,C:\Users\c\Desktop\대학생활\학연생\Approach_Departure\자료\결과물\Polygon\12.5\안전지대\17\Polygon_17.shp
17,80,5,79.0,"[7,15,25,33,35]",360,C:\Users\c\Desktop\대학생활\학연생\Approach_Departure\자료\결과물\Polygon\12.5\17\Polygon_17.shp,C:\Users\c\Desktop\대학생활\학연생\Approach_Departure\자료\결과물\Polygon\12.5\안전지대\17\Polygon_17.shp
17,81,5,80.0,"[7,15,25,33,35]",360,C:\Users\c\Desktop\대학생활\학연생\Approach_Departure\자료\결과물\Polygon\12.5\17\Polygon_17.shp,C:\Users\c\Desktop\대학생활\학연생\Approach_Departure\자료\결과물\Polygon\12.5\안전지대\17\Polygon_17.shp
17,82,5,81.0,"[7,15,25,33,35]",360,C:\Users\c\Desktop\대학생활\학연생\Approach_Departure\자료\결과물\Polygon\12.5\17\Polygon_17.shp,C:\Users\c\Desktop\대학생활\학연생\Approach_Departure\자료\결과물\Polygon\12.5\안전지대\17\Polygon_17.shp
17,83,5,82.0,"[7,15,25,33,35]",360,C:\Users\c\Desktop\대학생활\학연생\Approach_Departure\자료\결과물\Polygon\12.5\17\Polygon_17.shp,C:\Users\c\Desktop\대학생활\학연생\Approach_Departure\자료\결과물\Polygon\12.5\안전지대\17\Polygon_17.shp
17,84,5,83.0,"[7,15,25,33,35]",360,C:\Users\c\Desktop\대학생활\학연생\Approach_Departure\자료\결과물\Polygon\12.5\17\Polygon_17.shp,C:\Users\c\Desktop\대학생활\학연생\Approach_Departure\자료\결과물\Polygon\12.5\안전지대\17\Polygon_17.shp
17,85,5,84.0,"[7,15,25,33,35]",360,C:\Users\c\Desktop\대학생활\학연생\Approach_Departure\자료\결과물\Polygon\12.5\17\Polygon_17.shp,C:\Users\c\Desktop\대학생활\학연생\Approach_Departure\자료\결과물\Polygon\12.5\안전지대\17\Polygon_17.shp
17,86,5,85.0,"[7,15,25,33,35]",360,C:\Users\c\Desktop\대학생활\학연생\Approach_Departure\자료\결과물\Polygon\12.5\17\Polygon_17.shp,C:\Users\c\Desktop\대학생활\학연생\Approach_Departure\자료\결과물\Polygon\12.5\안전지대\17\Polygon_17.shp
17,87,5,86.0,"[7,15,25,33,35]",360,C:\Users\c\Desktop\대학생활\학연생\Approach_Departure\자료\결과물\Polygon\12.5\17\Polygon_17.shp,C:\Users\c\Desktop\대학생활\학연생\Approach_Departure\자료\결과물\Polygon\12.5\안전지대\17\Polygon_17.shp
17,88,5,87.0,"[7,15,25,33,35]",360,C:\Users\c\Desktop\대학생활\학연생\Approach_Departure\자료\결과물\Polygon\12.5\17\Polygon_17.shp,C:\Users\c\Desktop\대학생활\학연생\Approach_Departure\자료\결과물\Polygon\12.5\안전지대\17\Polygon_17.shp
17,89,5,88.0,"[7,15,25,33,35]",360,C:\Users\c\Desktop\대학생활\학연생\Approach_Departure\자료\결과물\Polygon\12.5\17\Polygon_17.shp,C:\Users\c\Desktop\대학생활\학연생\Approach_Departure\자료\결과물\Polygon\12.5\안전지대\17\Polygon_17.shp
17,90,5,89.0,"[7,15,25,33,35]",360,C:\Users\c\Desktop\대학생활\학연생\Approach_Departure\자료\결과물\Polygon\12.5\17\Polygon_17.shp,C:\Users\c\Desktop\대학생활\학연생\Approach_Departure\자료\결과물\Polygon\12.5\안전지대\17\Polygon_17.shp
17,91,5,90.0,"[7,15,25,33,35]",360,C:\Users\c\Desktop\대학생활\학연생\Approach_Departure\자료\결과물\Polygon\12.5\17\Polygon_17.shp,C:\Users\c\Desktop\대학생활\학연생\Approach_Departure\자료\결과물\Polygon\12.5\안전지대\17\Polygon_17.shp
17,92,5,91.0,"[7,15,25,33,35]",360,C:\Users\c\Desktop\대학생활\학연생\Approach_Departure\자료\결과물\Polygon\12.5\17\Polygon_17.shp,C:\Users\c\Desktop\대학생활\학연생\Approach_Departure\자료\결과물\Polygon\12.5\안전지대\17\Polygon_17.shp
17,93,5,92.0,"[7,15,25,33,35]",360,C:\Users\c\Desktop\대학생활\학연생\Approach_Departure\자료\결과물\Polygon\12.5\17\Polygon_17.shp,C:\Users\c\Desktop\대학생활\학연생\Approach_Departure\자료\결과물\Polygon\12.5\안전지대\17\Polygon_17.shp
17,94,5,93.0,"[7,15,25,33,35]",360,C:\Users\c\Desktop\대학생활\학연생\Approach_Departure\자료\결과물\Polygon\12.5\17\Polygon_17.shp,C:\Users\c\Desktop\대학생활\학연생\Approach_Departure\자료\결과물\Polygon\12.5\안전지대\17\Polygon_17.shp
17,95,5,94.0,"[7,15,25,33,35]",360,C:\Users\c\Desktop\대학생활\학연생\Approach_Departure\자료\결과물\Polygon\12.5\17\Polygon_17.shp,C:\Users\c\Desktop\대학생활\학연생\Approach_Departure\자료\결과물\Polygon\12.5\안전지대\17\Polygon_17.shp
17,96,5,95.0,"[7,15,25,33,35]",360,C:\Users\c\Desktop\대학생활\학연생\Approach_Departure\자료\결과물\Polygon\12.5\17\Polygon_17.shp,C:\Users\c\Desktop\대학생활\학연생\Approach_Departure\자료\결과물\Polygon\12.5\안전지대\17\Polygon_17.shp
17,97,5,96.0,"[7,15,25,33,35]",360,C:\Users\c\Desktop\대학생활\학연생\Approach_Departure\자료\결과물\Polygon\12.5\17\Polygon_17.shp,C:\Users\c\Desktop\대학생활\학연생\Approach_Departure\자료\결과물\Polygon\12.5\안전지대\17\Polygon_17.shp
17,98,5,97.0,"[7,15,25,33,35]",360,C:\Users\c\Desktop\대학생활\학연생\Approach_Departure\자료\결과물\Polygon\12.5\17\Polygon_17.shp,C:\Users\c\Desktop\대학생활\학연생\Approach_Departure\자료\결과물\Polygon\12.5\안전지대\17\Polygon_17.shp
17,99,5,98.0,"[7,15,25,33,35]",360,C:\Users\c\Desktop\대학생활\학연생\Approach_Departure\자료\결과물\Polygon\12.5\17\Polygon_17.shp,C:\Users\c\Desktop\대학생활\학연생\Approach_Departure\자료\결과물\Polygon\12.5\안전지대\17\Polygon_17.shp
17,100,5,99.0,"[7,15,25,33,35]",360,C:\Users\c\Desktop\대학생활\학연생\Approach_Departure\자료\결과물\Polygon\12.5\17\Polygon_17.shp,C:\Users\c\Desktop\대학생활\학연생\Approach_Departure\자료\결과물\Polygon\12.5\안전지대\17\Polygon_17.shp
17,101,5,100.0,"[7,15,25,33,35]",360,C:\Users\c\Desktop\대학생활\학연생\Approach_Departure\자료\결과물\Polygon\12.5\17\Polygon_17.shp,C:\Users\c\Desktop\대학생활\학연생\Approach_Departure\자료\결과물\Polygon\12.5\안전지대\17\Polygon_17.shp
17,102,5,101.0,"[7,15,25,33,35]",360,C:\Users\c\Desktop\대학생활\학연생\Approach_Departure\자료\결과물\Polygon\12.5\17\Polygon_17.shp,C:\Users\c\Desktop\대학생활\학연생\Approach_Departure\자료\결과물\Polygon\12.5\안전지대\17\Polygon_17.shp
17,103,5,102.0,"[7,15,25,33,35]",360,C:\Users\c\Desktop\대학생활\학연생\Approach_Departure\자료\결과물\Polygon\12.5\17\Polygon_17.shp,C:\Users\c\Desktop\대학생활\학연생\Approach_Departure\자료\결과물\Polygon\12.5\안전지대\17\Polygon_17.shp
17,104,5,103.0,"[7,15,25,33,35]",360,C:\Users\c\Desktop\대학생활\학연생\Approach_Departure\자료\결과물\Polygon\12.5\17\Polygon_17.shp,C:\Users\c\Desktop\대학생활\학연생\Approach_Departure\자료\결과물\Polygon\12.5\안전지대\17\Polygon_17.shp
17,105,5,104.0,"[7,15,25,33,35]",360,C:\Users\c\Desktop\대학생활\학연생\Approach_Departure\자료\결과물\Polygon\12.5\17\Polygon_17.shp,C:\Users\c\Desktop\대학생활\학연생\Approach_Departure\자료\결과물\Polygon\12.5\안전지대\17\Polygon_17.shp
17,106,5,105.0,"[7,15,25,33,35]",360,C:\Users\c\Desktop\대학생활\학연생\Approach_Departure\자료\결과물\Polygon\12.5\17\Polygon_17.shp,C:\Users\c\Desktop\대학생활\학연생\Approach_Departure\자료\결과물\Polygon\12.5\안전지대\17\Polygon_17.shp
17,107,5,106.0,"[7,15,25,33,35]",360,C:\Users\c\Desktop\대학생활\학연생\Approach_Departure\자료\결과물\Polygon\12.5\17\Polygon_17.shp,C:\Users\c\Desktop\대학생활\학연생\Approach_Departure\자료\결과물\Polygon\12.5\안전지대\17\Polygon_17.shp
17,108,5,107.0,"[7,15,25,33,35]",360,C:\Users\c\Desktop\대학생활\학연생\Approach_Departure\자료\결과물\Polygon\12.5\17\Polygon_17.shp,C:\Users\c\Desktop\대학생활\학연생\Approach_Departure\자료\결과물\Polygon\12.5\안전지대\17\Polygon_17.shp
17,109,5,108.0,"[7,15,25,33,35]",360,C:\Users\c\Desktop\대학생활\학연생\Approach_Departure\자료\결과물\Polygon\12.5\17\Polygon_17.shp,C:\Users\c\Desktop\대학생활\학연생\Approach_Departure\자료\결과물\Polygon\12.5\안전지대\17\Polygon_17.shp
17,110,5,109.0,"[7,15,25,33,35]",360,C:\Users\c\Desktop\대학생활\학연생\Approach_Departure\자료\결과물\Polygon\12.5\17\Polygon_17.shp,C:\Users\c\Desktop\대학생활\학연생\Approach_Departure\자료\결과물\Polygon\12.5\안전지대\17\Polygon_17.shp
17,111,5,110.0,"[7,15,25,33,35]",360,C:\Users\c\Desktop\대학생활\학연생\Approach_Departure\자료\결과물\Polygon\12.5\17\Polygon_17.shp,C:\Users\c\Desktop\대학생활\학연생\Approach_Departure\자료\결과물\Polygon\12.5\안전지대\17\Polygon_17.shp
17,112,5,111.0,"[7,15,25,33,35]",360,C:\Users\c\Desktop\대학생활\학연생\Approach_Departure\자료\결과물\Polygon\12.5\17\Polygon_17.shp,C:\Users\c\Desktop\대학생활\학연생\Approach_Departure\자료\결과물\Polygon\12.5\안전지대\17\Polygon_17.shp
17,113,5,112.0,"[7,15,25,33,35]",360,C:\Users\c\Desktop\대학생활\학연생\Approach_Departure\자료\결과물\Polygon\12.5\17\Polygon_17.shp,C:\Users\c\Desktop\대학생활\학연생\Approach_Departure\자료\결과물\Polygon\12.5\안전지대\17\Polygon_17.shp
17,114,5,113.0,"[7,15,25,33,35]",360,C:\Users\c\Desktop\대학생활\학연생\Approach_Departure\자료\결과물\Polygon\12.5\17\Polygon_17.shp,C:\Users\c\Desktop\대학생활\학연생\Approach_Departure\자료\결과물\Polygon\12.5\안전지대\17\Polygon_17.shp
17,115,5,114.0,"[7,15,25,33,35]",360,C:\Users\c\Desktop\대학생활\학연생\Approach_Departure\자료\결과물\Polygon\12.5\17\Polygon_17.shp,C:\Users\c\Desktop\대학생활\학연생\Approach_Departure\자료\결과물\Polygon\12.5\안전지대\17\Polygon_17.shp
17,116,5,115.0,"[7,15,25,33,35]",360,C:\Users\c\Desktop\대학생활\학연생\Approach_Departure\자료\결과물\Polygon\12.5\17\Polygon_17.shp,C:\Users\c\Desktop\대학생활\학연생\Approach_Departure\자료\결과물\Polygon\12.5\안전지대\17\Polygon_17.shp
17,117,5,116.0,"[7,15,25,33,35]",360,C:\Users\c\Desktop\대학생활\학연생\Approach_Departure\자료\결과물\Polygon\12.5\17\Polygon_17.shp,C:\Users\c\Desktop\대학생활\학연생\Approach_Departure\자료\결과물\Polygon\12.5\안전지대\17\Polygon_17.shp
17,118,5,117.0,"[7,15,25,33,35]",360,C:\Users\c\Desktop\대학생활\학연생\Approach_Departure\자료\결과물\Polygon\12.5\17\Polygon_17.shp,C:\Users\c\Desktop\대학생활\학연생\Approach_Departure\자료\결과물\Polygon\12.5\안전지대\17\Polygon_17.shp
17,119,5,118.0,"[7,15,25,33,35]",360,C:\Users\c\Desktop\대학생활\학연생\Approach_Departure\자료\결과물\Polygon\12.5\17\Polygon_17.shp,C:\Users\c\Desktop\대학생활\학연생\Approach_Departure\자료\결과물\Polygon\12.5\안전지대\17\Polygon_17.shp
17,120,5,119.0,"[7,15,25,33,35]",360,C:\Users\c\Desktop\대학생활\학연생\Approach_Departure\자료\결과물\Polygon\12.5\17\Polygon_17.shp,C:\Users\c\Desktop\대학생활\학연생\Approach_Departure\자료\결과물\Polygon\12.5\안전지대\17\Polygon_17.shp
17,121,5,120.0,"[7,15,25,33,35]",360,C:\Users\c\Desktop\대학생활\학연생\Approach_Departure\자료\결과물\Polygon\12.5\17\Polygon_17.shp,C:\Users\c\Desktop\대학생활\학연생\Approach_Departure\자료\결과물\Polygon\12.5\안전지대\17\Polygon_17.shp
17,122,5,121.0,"[7,15,25,33,35]",360,C:\Users\c\Desktop\대학생활\학연생\Approach_Departure\자료\결과물\Polygon\12.5\17\Polygon_17.shp,C:\Users\c\Desktop\대학생활\학연생\Approach_Departure\자료\결과물\Polygon\12.5\안전지대\17\Polygon_17.shp
17,123,5,122.0,"[7,15,25,33,35]",360,C:\Users\c\Desktop\대학생활\학연생\Approach_Departure\자료\결과물\Polygon\12.5\17\Polygon_17.shp,C:\Users\c\Desktop\대학생활\학연생\Approach_Departure\자료\결과물\Polygon\12.5\안전지대\17\Polygon_17.shp
17,124,5,279.0,"[7,15,25,33,35]",360,C:\Users\c\Desktop\대학생활\학연생\Approach_Departure\자료\결과물\Polygon\12.5\17\Polygon_17.shp,C:\Users\c\Desktop\대학생활\학연생\Approach_Departure\자료\결과물\Polygon\12.5\안전지대\17\Polygon_17.shp
17,125,5,280.0,"[7,15,25,33,35]",360,C:\Users\c\Desktop\대학생활\학연생\Approach_Departure\자료\결과물\Polygon\12.5\17\Polygon_17.shp,C:\Users\c\Desktop\대학생활\학연생\Approach_Departure\자료\결과물\Polygon\12.5\안전지대\17\Polygon_17.shp
17,126,5,281.0,"[7,15,25,33,35]",360,C:\Users\c\Desktop\대학생활\학연생\Approach_Departure\자료\결과물\Polygon\12.5\17\Polygon_17.shp,C:\Users\c\Desktop\대학생활\학연생\Approach_Departure\자료\결과물\Polygon\12.5\안전지대\17\Polygon_17.shp
17,127,5,282.0,"[7,15,25,33,35]",360,C:\Users\c\Desktop\대학생활\학연생\Approach_Departure\자료\결과물\Polygon\12.5\17\Polygon_17.shp,C:\Users\c\Desktop\대학생활\학연생\Approach_Departure\자료\결과물\Polygon\12.5\안전지대\17\Polygon_17.shp
17,128,5,283.0,"[7,15,25,33,35]",360,C:\Users\c\Desktop\대학생활\학연생\Approach_Departure\자료\결과물\Polygon\12.5\17\Polygon_17.shp,C:\Users\c\Desktop\대학생활\학연생\Approach_Departure\자료\결과물\Polygon\12.5\안전지대\17\Polygon_17.shp
17,129,5,284.0,"[7,15,25,33,35]",360,C:\Users\c\Desktop\대학생활\학연생\Approach_Departure\자료\결과물\Polygon\12.5\17\Polygon_17.shp,C:\Users\c\Desktop\대학생활\학연생\Approach_Departure\자료\결과물\Polygon\12.5\안전지대\17\Polygon_17.shp
17,130,5,285.0,"[7,15,25,33,35]",360,C:\Users\c\Desktop\대학생활\학연생\Approach_Departure\자료\결과물\Polygon\12.5\17\Polygon_17.shp,C:\Users\c\Desktop\대학생활\학연생\Approach_Departure\자료\결과물\Polygon\12.5\안전지대\17\Polygon_17.shp
17,131,5,286.0,"[7,15,25,33,35]",360,C:\Users\c\Desktop\대학생활\학연생\Approach_Departure\자료\결과물\Polygon\12.5\17\Polygon_17.shp,C:\Users\c\Desktop\대학생활\학연생\Approach_Departure\자료\결과물\Polygon\12.5\안전지대\17\Polygon_17.shp
17,132,5,287.0,"[7,15,25,33,35]",360,C:\Users\c\Desktop\대학생활\학연생\Approach_Departure\자료\결과물\Polygon\12.5\17\Polygon_17.shp,C:\Users\c\Desktop\대학생활\학연생\Approach_Departure\자료\결과물\Polygon\12.5\안전지대\17\Polygon_17.shp
17,133,5,288.0,"[7,15,25,33,35]",360,C:\Users\c\Desktop\대학생활\학연생\Approach_Departure\자료\결과물\Polygon\12.5\17\Polygon_17.shp,C:\Users\c\Desktop\대학생활\학연생\Approach_Departure\자료\결과물\Polygon\12.5\안전지대\17\Polygon_17.shp
17,134,5,289.0,"[7,15,25,33,35]",360,C:\Users\c\Desktop\대학생활\학연생\Approach_Departure\자료\결과물\Polygon\12.5\17\Polygon_17.shp,C:\Users\c\Desktop\대학생활\학연생\Approach_Departure\자료\결과물\Polygon\12.5\안전지대\17\Polygon_17.shp
17,135,5,290.0,"[7,15,25,33,35]",360,C:\Users\c\Desktop\대학생활\학연생\Approach_Departure\자료\결과물\Polygon\12.5\17\Polygon_17.shp,C:\Users\c\Desktop\대학생활\학연생\Approach_Departure\자료\결과물\Polygon\12.5\안전지대\17\Polygon_17.shp
17,136,5,291.0,"[7,15,25,33,35]",360,C:\Users\c\Desktop\대학생활\학연생\Approach_Departure\자료\결과물\Polygon\12.5\17\Polygon_17.shp,C:\Users\c\Desktop\대학생활\학연생\Approach_Departure\자료\결과물\Polygon\12.5\안전지대\17\Polygon_17.shp
17,137,5,292.0,"[7,15,25,33,35]",360,C:\Users\c\Desktop\대학생활\학연생\Approach_Departure\자료\결과물\Polygon\12.5\17\Polygon_17.shp,C:\Users\c\Desktop\대학생활\학연생\Approach_Departure\자료\결과물\Polygon\12.5\안전지대\17\Polygon_17.shp
17,138,5,293.0,"[7,15,25,33,35]",360,C:\Users\c\Desktop\대학생활\학연생\Approach_Departure\자료\결과물\Polygon\12.5\17\Polygon_17.shp,C:\Users\c\Desktop\대학생활\학연생\Approach_Departure\자료\결과물\Polygon\12.5\안전지대\17\Polygon_17.shp
17,139,5,294.0,"[7,15,25,33,35]",360,C:\Users\c\Desktop\대학생활\학연생\Approach_Departure\자료\결과물\Polygon\12.5\17\Polygon_17.shp,C:\Users\c\Desktop\대학생활\학연생\Approach_Departure\자료\결과물\Polygon\12.5\안전지대\17\Polygon_17.shp
17,140,5,295.0,"[7,15,25,33,35]",360,C:\Users\c\Desktop\대학생활\학연생\Approach_Departure\자료\결과물\Polygon\12.5\17\Polygon_17.shp,C:\Users\c\Desktop\대학생활\학연생\Approach_Departure\자료\결과물\Polygon\12.5\안전지대\17\Polygon_17.shp
17,141,5,296.0,"[7,15,25,33,35]",360,C:\Users\c\Desktop\대학생활\학연생\Approach_Departure\자료\결과물\Polygon\12.5\17\Polygon_17.shp,C:\Users\c\Desktop\대학생활\학연생\Approach_Departure\자료\결과물\Polygon\12.5\안전지대\17\Polygon_17.shp
17,142,5,297.0,"[7,15,25,33,35]",360,C:\Users\c\Desktop\대학생활\학연생\Approach_Departure\자료\결과물\Polygon\12.5\17\Polygon_17.shp,C:\Users\c\Desktop\대학생활\학연생\Approach_Departure\자료\결과물\Polygon\12.5\안전지대\17\Polygon_17.shp
17,143,5,298.0,"[7,15,25,33,35]",360,C:\Users\c\Desktop\대학생활\학연생\Approach_Departure\자료\결과물\Polygon\12.5\17\Polygon_17.shp,C:\Users\c\Desktop\대학생활\학연생\Approach_Departure\자료\결과물\Polygon\12.5\안전지대\17\Polygon_17.shp
17,144,5,299.0,"[7,15,25,33,35]",360,C:\Users\c\Desktop\대학생활\학연생\Approach_Departure\자료\결과물\Polygon\12.5\17\Polygon_17.shp,C:\Users\c\Desktop\대학생활\학연생\Approach_Departure\자료\결과물\Polygon\12.5\안전지대\17\Polygon_17.shp
17,145,5,300.0,"[7,15,25,33,35]",360,C:\Users\c\Desktop\대학생활\학연생\Approach_Departure\자료\결과물\Polygon\12.5\17\Polygon_17.shp,C:\Users\c\Desktop\대학생활\학연생\Approach_Departure\자료\결과물\Polygon\12.5\안전지대\17\Polygon_17.shp
17,146,5,301.0,"[7,15,25,33,35]",360,C:\Users\c\Desktop\대학생활\학연생\Approach_Departure\자료\결과물\Polygon\12.5\17\Polygon_17.shp,C:\Users\c\Desktop\대학생활\학연생\Approach_Departure\자료\결과물\Polygon\12.5\안전지대\17\Polygon_17.shp
17,147,5,302.0,"[7,15,25,33,35]",360,C:\Users\c\Desktop\대학생활\학연생\Approach_Departure\자료\결과물\Polygon\12.5\17\Polygon_17.shp,C:\Users\c\Desktop\대학생활\학연생\Approach_Departure\자료\결과물\Polygon\12.5\안전지대\17\Polygon_17.shp
17,148,5,303.0,"[7,15,25,33,35]",360,C:\Users\c\Desktop\대학생활\학연생\Approach_Departure\자료\결과물\Polygon\12.5\17\Polygon_17.shp,C:\Users\c\Desktop\대학생활\학연생\Approach_Departure\자료\결과물\Polygon\12.5\안전지대\17\Polygon_17.shp
17,149,5,304.0,"[7,15,25,33,35]",360,C:\Users\c\Desktop\대학생활\학연생\Approach_Departure\자료\결과물\Polygon\12.5\17\Polygon_17.shp,C:\Users\c\Desktop\대학생활\학연생\Approach_Departure\자료\결과물\Polygon\12.5\안전지대\17\Polygon_17.shp
17,150,5,305.0,"[7,15,25,33,35]",360,C:\Users\c\Desktop\대학생활\학연생\Approach_Departure\자료\결과물\Polygon\12.5\17\Polygon_17.shp,C:\Users\c\Desktop\대학생활\학연생\Approach_Departure\자료\결과물\Polygon\12.5\안전지대\17\Polygon_17.shp
17,151,5,306.0,"[7,15,25,33,35]",360,C:\Users\c\Desktop\대학생활\학연생\Approach_Departure\자료\결과물\Polygon\12.5\17\Polygon_17.shp,C:\Users\c\Desktop\대학생활\학연생\Approach_Departure\자료\결과물\Polygon\12.5\안전지대\17\Polygon_17.shp
17,152,5,307.0,"[7,15,25,33,35]",360,C:\Users\c\Desktop\대학생활\학연생\Approach_Departure\자료\결과물\Polygon\12.5\17\Polygon_17.shp,C:\Users\c\Desktop\대학생활\학연생\Approach_Departure\자료\결과물\Polygon\12.5\안전지대\17\Polygon_17.shp
17,153,5,308.0,"[7,15,25,33,35]",360,C:\Users\c\Desktop\대학생활\학연생\Approach_Departure\자료\결과물\Polygon\12.5\17\Polygon_17.shp,C:\Users\c\Desktop\대학생활\학연생\Approach_Departure\자료\결과물\Polygon\12.5\안전지대\17\Polygon_17.shp
17,154,5,309.0,"[7,15,25,33,35]",360,C:\Users\c\Desktop\대학생활\학연생\Approach_Departure\자료\결과물\Polygon\12.5\17\Polygon_17.shp,C:\Users\c\Desktop\대학생활\학연생\Approach_Departure\자료\결과물\Polygon\12.5\안전지대\17\Polygon_17.shp
17,155,5,310.0,"[7,15,25,33,35]",360,C:\Users\c\Desktop\대학생활\학연생\Approach_Departure\자료\결과물\Polygon\12.5\17\Polygon_17.shp,C:\Users\c\Desktop\대학생활\학연생\Approach_Departure\자료\결과물\Polygon\12.5\안전지대\17\Polygon_17.shp
17,156,5,311.0,"[7,15,25,33,35]",360,C:\Users\c\Desktop\대학생활\학연생\Approach_Departure\자료\결과물\Polygon\12.5\17\Polygon_17.shp,C:\Users\c\Desktop\대학생활\학연생\Approach_Departure\자료\결과물\Polygon\12.5\안전지대\17\Polygon_17.shp
17,157,5,312.0,"[7,15,25,33,35]",360,C:\Users\c\Desktop\대학생활\학연생\Approach_Departure\자료\결과물\Polygon\12.5\17\Polygon_17.shp,C:\Users\c\Desktop\대학생활\학연생\Approach_Departure\자료\결과물\Polygon\12.5\안전지대\17\Polygon_17.shp
17,158,5,313.0,"[7,15,25,33,35]",360,C:\Users\c\Desktop\대학생활\학연생\Approach_Departure\자료\결과물\Polygon\12.5\17\Polygon_17.shp,C:\Users\c\Desktop\대학생활\학연생\Approach_Departure\자료\결과물\Polygon\12.5\안전지대\17\Polygon_17.shp
17,159,5,314.0,"[7,15,25,33,35]",360,C:\Users\c\Desktop\대학생활\학연생\Approach_Departure\자료\결과물\Polygon\12.5\17\Polygon_17.shp,C:\Users\c\Desktop\대학생활\학연생\Approach_Departure\자료\결과물\Polygon\12.5\안전지대\17\Polygon_17.shp
17,160,5,315.0,"[7,15,25,33,35]",360,C:\Users\c\Desktop\대학생활\학연생\Approach_Departure\자료\결과물\Polygon\12.5\17\Polygon_17.shp,C:\Users\c\Desktop\대학생활\학연생\Approach_Departure\자료\결과물\Polygon\12.5\안전지대\17\Polygon_17.shp
17,161,5,316.0,"[7,15,25,33,35]",360,C:\Users\c\Desktop\대학생활\학연생\Approach_Departure\자료\결과물\Polygon\12.5\17\Polygon_17.shp,C:\Users\c\Desktop\대학생활\학연생\Approach_Departure\자료\결과물\Polygon\12.5\안전지대\17\Polygon_17.shp
17,162,5,317.0,"[7,15,25,33,35]",360,C:\Users\c\Desktop\대학생활\학연생\Approach_Departure\자료\결과물\Polygon\12.5\17\Polygon_17.shp,C:\Users\c\Desktop\대학생활\학연생\Approach_Departure\자료\결과물\Polygon\12.5\안전지대\17\Polygon_17.shp
17,163,5,318.0,"[7,15,25,33,35]",360,C:\Users\c\Desktop\대학생활\학연생\Approach_Departure\자료\결과물\Polygon\12.5\17\Polygon_17.shp,C:\Users\c\Desktop\대학생활\학연생\Approach_Departure\자료\결과물\Polygon\12.5\안전지대\17\Polygon_17.shp
17,164,5,319.0,"[7,15,25,33,35]",360,C:\Users\c\Desktop\대학생활\학연생\Approach_Departure\자료\결과물\Polygon\12.5\17\Polygon_17.shp,C:\Users\c\Desktop\대학생활\학연생\Approach_Departure\자료\결과물\Polygon\12.5\안전지대\17\Polygon_17.shp
17,165,5,320.0,"[7,15,25,33,35]",360,C:\Users\c\Desktop\대학생활\학연생\Approach_Departure\자료\결과물\Polygon\12.5\17\Polygon_17.shp,C:\Users\c\Desktop\대학생활\학연생\Approach_Departure\자료\결과물\Polygon\12.5\안전지대\17\Polygon_17.shp
17,166,5,321.0,"[7,15,25,33,35]",360,C:\Users\c\Desktop\대학생활\학연생\Approach_Departure\자료\결과물\Polygon\12.5\17\Polygon_17.shp,C:\Users\c\Desktop\대학생활\학연생\Approach_Departure\자료\결과물\Polygon\12.5\안전지대\17\Polygon_17.shp
17,167,5,322.0,"[7,15,25,33,35]",360,C:\Users\c\Desktop\대학생활\학연생\Approach_Departure\자료\결과물\Polygon\12.5\17\Polygon_17.shp,C:\Users\c\Desktop\대학생활\학연생\Approach_Departure\자료\결과물\Polygon\12.5\안전지대\17\Polygon_17.shp
17,168,5,323.0,"[7,15,25,33,35]",360,C:\Users\c\Desktop\대학생활\학연생\Approach_Departure\자료\결과물\Polygon\12.5\17\Polygon_17.shp,C:\Users\c\Desktop\대학생활\학연생\Approach_Departure\자료\결과물\Polygon\12.5\안전지대\17\Polygon_17.shp
17,169,5,324.0,"[7,15,25,33,35]",360,C:\Users\c\Desktop\대학생활\학연생\Approach_Departure\자료\결과물\Polygon\12.5\17\Polygon_17.shp,C:\Users\c\Desktop\대학생활\학연생\Approach_Departure\자료\결과물\Polygon\12.5\안전지대\17\Polygon_17.shp
17,170,5,325.0,"[7,15,25,33,35]",360,C:\Users\c\Desktop\대학생활\학연생\Approach_Departure\자료\결과물\Polygon\12.5\17\Polygon_17.shp,C:\Users\c\Desktop\대학생활\학연생\Approach_Departure\자료\결과물\Polygon\12.5\안전지대\17\Polygon_17.shp
17,171,5,326.0,"[7,15,25,33,35]",360,C:\Users\c\Desktop\대학생활\학연생\Approach_Departure\자료\결과물\Polygon\12.5\17\Polygon_17.shp,C:\Users\c\Desktop\대학생활\학연생\Approach_Departure\자료\결과물\Polygon\12.5\안전지대\17\Polygon_17.shp
17,172,5,327.0,"[7,15,25,33,35]",360,C:\Users\c\Desktop\대학생활\학연생\Approach_Departure\자료\결과물\Polygon\12.5\17\Polygon_17.shp,C:\Users\c\Desktop\대학생활\학연생\Approach_Departure\자료\결과물\Polygon\12.5\안전지대\17\Polygon_17.shp
17,173,5,328.0,"[7,15,25,33,35]",360,C:\Users\c\Desktop\대학생활\학연생\Approach_Departure\자료\결과물\Polygon\12.5\17\Polygon_17.shp,C:\Users\c\Desktop\대학생활\학연생\Approach_Departure\자료\결과물\Polygon\12.5\안전지대\17\Polygon_17.shp
17,174,5,329.0,"[7,15,25,33,35]",360,C:\Users\c\Desktop\대학생활\학연생\Approach_Departure\자료\결과물\Polygon\12.5\17\Polygon_17.shp,C:\Users\c\Desktop\대학생활\학연생\Approach_Departure\자료\결과물\Polygon\12.5\안전지대\17\Polygon_17.shp
17,175,5,330.0,"[7,15,25,33,35]",360,C:\Users\c\Desktop\대학생활\학연생\Approach_Departure\자료\결과물\Polygon\12.5\17\Polygon_17.shp,C:\Users\c\Desktop\대학생활\학연생\Approach_Departure\자료\결과물\Polygon\12.5\안전지대\17\Polygon_17.shp
17,176,5,331.0,"[7,15,25,33,35]",360,C:\Users\c\Desktop\대학생활\학연생\Approach_Departure\자료\결과물\Polygon\12.5\17\Polygon_17.shp,C:\Users\c\Desktop\대학생활\학연생\Approach_Departure\자료\결과물\Polygon\12.5\안전지대\17\Polygon_17.shp
17,177,5,332.0,"[7,15,25,33,35]",360,C:\Users\c\Desktop\대학생활\학연생\Approach_Departure\자료\결과물\Polygon\12.5\17\Polygon_17.shp,C:\Users\c\Desktop\대학생활\학연생\Approach_Departure\자료\결과물\Polygon\12.5\안전지대\17\Polygon_17.shp
17,178,5,333.0,"[7,15,25,33,35]",360,C:\Users\c\Desktop\대학생활\학연생\Approach_Departure\자료\결과물\Polygon\12.5\17\Polygon_17.shp,C:\Users\c\Desktop\대학생활\학연생\Approach_Departure\자료\결과물\Polygon\12.5\안전지대\17\Polygon_17.shp
17,179,5,334.0,"[7,15,25,33,35]",360,C:\Users\c\Desktop\대학생활\학연생\Approach_Departure\자료\결과물\Polygon\12.5\17\Polygon_17.shp,C:\Users\c\Desktop\대학생활\학연생\Approach_Departure\자료\결과물\Polygon\12.5\안전지대\17\Polygon_17.shp
17,180,5,335.0,"[7,15,25,33,35]",360,C:\Users\c\Desktop\대학생활\학연생\Approach_Departure\자료\결과물\Polygon\12.5\17\Polygon_17.shp,C:\Users\c\Desktop\대학생활\학연생\Approach_Departure\자료\결과물\Polygon\12.5\안전지대\17\Polygon_17.shp
17,181,5,336.0,"[7,15,25,33,35]",360,C:\Users\c\Desktop\대학생활\학연생\Approach_Departure\자료\결과물\Polygon\12.5\17\Polygon_17.shp,C:\Users\c\Desktop\대학생활\학연생\Approach_Departure\자료\결과물\Polygon\12.5\안전지대\17\Polygon_17.shp
17,182,5,337.0,"[7,15,25,33,35]",360,C:\Users\c\Desktop\대학생활\학연생\Approach_Departure\자료\결과물\Polygon\12.5\17\Polygon_17.shp,C:\Users\c\Desktop\대학생활\학연생\Approach_Departure\자료\결과물\Polygon\12.5\안전지대\17\Polygon_17.shp
17,183,5,338.0,"[7,15,25,33,35]",360,C:\Users\c\Desktop\대학생활\학연생\Approach_Departure\자료\결과물\Polygon\12.5\17\Polygon_17.shp,C:\Users\c\Desktop\대학생활\학연생\Approach_Departure\자료\결과물\Polygon\12.5\안전지대\17\Polygon_17.shp
17,184,5,339.0,"[7,15,25,33,35]",360,C:\Users\c\Desktop\대학생활\학연생\Approach_Departure\자료\결과물\Polygon\12.5\17\Polygon_17.shp,C:\Users\c\Desktop\대학생활\학연생\Approach_Departure\자료\결과물\Polygon\12.5\안전지대\17\Polygon_17.shp
17,185,5,340.0,"[7,15,25,33,35]",360,C:\Users\c\Desktop\대학생활\학연생\Approach_Departure\자료\결과물\Polygon\12.5\17\Polygon_17.shp,C:\Users\c\Desktop\대학생활\학연생\Approach_Departure\자료\결과물\Polygon\12.5\안전지대\17\Polygon_17.shp
17,186,5,341.0,"[7,15,25,33,35]",360,C:\Users\c\Desktop\대학생활\학연생\Approach_Departure\자료\결과물\Polygon\12.5\17\Polygon_17.shp,C:\Users\c\Desktop\대학생활\학연생\Approach_Departure\자료\결과물\Polygon\12.5\안전지대\17\Polygon_17.shp
17,187,5,342.0,"[7,15,25,33,35]",360,C:\Users\c\Desktop\대학생활\학연생\Approach_Departure\자료\결과물\Polygon\12.5\17\Polygon_17.shp,C:\Users\c\Desktop\대학생활\학연생\Approach_Departure\자료\결과물\Polygon\12.5\안전지대\17\Polygon_17.shp
17,188,5,343.0,"[7,15,25,33,35]",360,C:\Users\c\Desktop\대학생활\학연생\Approach_Departure\자료\결과물\Polygon\12.5\17\Polygon_17.shp,C:\Users\c\Desktop\대학생활\학연생\Approach_Departure\자료\결과물\Polygon\12.5\안전지대\17\Polygon_17.shp
17,189,5,344.0,"[7,15,25,33,35]",360,C:\Users\c\Desktop\대학생활\학연생\Approach_Departure\자료\결과물\Polygon\12.5\17\Polygon_17.shp,C:\Users\c\Desktop\대학생활\학연생\Approach_Departure\자료\결과물\Polygon\12.5\안전지대\17\Polygon_17.shp
17,190,5,345.0,"[7,15,25,33,35]",360,C:\Users\c\Desktop\대학생활\학연생\Approach_Departure\자료\결과물\Polygon\12.5\17\Polygon_17.shp,C:\Users\c\Desktop\대학생활\학연생\Approach_Departure\자료\결과물\Polygon\12.5\안전지대\17\Polygon_17.shp
17,191,5,346.0,"[7,15,25,33,35]",360,C:\Users\c\Desktop\대학생활\학연생\Approach_Departure\자료\결과물\Polygon\12.5\17\Polygon_17.shp,C:\Users\c\Desktop\대학생활\학연생\Approach_Departure\자료\결과물\Polygon\12.5\안전지대\17\Polygon_17.shp
17,192,5,347.0,"[7,15,25,33,35]",360,C:\Users\c\Desktop\대학생활\학연생\Approach_Departure\자료\결과물\Polygon\12.5\17\Polygon_17.shp,C:\Users\c\Desktop\대학생활\학연생\Approach_Departure\자료\결과물\Polygon\12.5\안전지대\17\Polygon_17.shp
17,193,5,348.0,"[7,15,25,33,35]",360,C:\Users\c\Desktop\대학생활\학연생\Approach_Departure\자료\결과물\Polygon\12.5\17\Polygon_17.shp,C:\Users\c\Desktop\대학생활\학연생\Approach_Departure\자료\결과물\Polygon\12.5\안전지대\17\Polygon_17.shp
17,194,5,349.0,"[7,15,25,33,35]",360,C:\Users\c\Desktop\대학생활\학연생\Approach_Departure\자료\결과물\Polygon\12.5\17\Polygon_17.shp,C:\Users\c\Desktop\대학생활\학연생\Approach_Departure\자료\결과물\Polygon\12.5\안전지대\17\Polygon_17.shp
17,195,5,350.0,"[7,15,25,33,35]",360,C:\Users\c\Desktop\대학생활\학연생\Approach_Departure\자료\결과물\Polygon\12.5\17\Polygon_17.shp,C:\Users\c\Desktop\대학생활\학연생\Approach_Departure\자료\결과물\Polygon\12.5\안전지대\17\Polygon_17.shp
17,196,5,351.0,"[7,15,25,33,35]",360,C:\Users\c\Desktop\대학생활\학연생\Approach_Departure\자료\결과물\Polygon\12.5\17\Polygon_17.shp,C:\Users\c\Desktop\대학생활\학연생\Approach_Departure\자료\결과물\Polygon\12.5\안전지대\17\Polygon_17.shp
17,197,5,352.0,"[7,15,25,33,35]",360,C:\Users\c\Desktop\대학생활\학연생\Approach_Departure\자료\결과물\Polygon\12.5\17\Polygon_17.shp,C:\Users\c\Desktop\대학생활\학연생\Approach_Departure\자료\결과물\Polygon\12.5\안전지대\17\Polygon_17.shp
17,198,5,353.0,"[7,15,25,33,35]",360,C:\Users\c\Desktop\대학생활\학연생\Approach_Departure\자료\결과물\Polygon\12.5\17\Polygon_17.shp,C:\Users\c\Desktop\대학생활\학연생\Approach_Departure\자료\결과물\Polygon\12.5\안전지대\17\Polygon_17.shp
17,199,5,354.0,"[7,15,25,33,35]",360,C:\Users\c\Desktop\대학생활\학연생\Approach_Departure\자료\결과물\Polygon\12.5\17\Polygon_17.shp,C:\Users\c\Desktop\대학생활\학연생\Approach_Departure\자료\결과물\Polygon\12.5\안전지대\17\Polygon_17.shp
17,200,5,355.0,"[7,15,25,33,35]",360,C:\Users\c\Desktop\대학생활\학연생\Approach_Departure\자료\결과물\Polygon\12.5\17\Polygon_17.shp,C:\Users\c\Desktop\대학생활\학연생\Approach_Departure\자료\결과물\Polygon\12.5\안전지대\17\Polygon_17.shp
17,201,5,356.0,"[7,15,25,33,35]",360,C:\Users\c\Desktop\대학생활\학연생\Approach_Departure\자료\결과물\Polygon\12.5\17\Polygon_17.shp,C:\Users\c\Desktop\대학생활\학연생\Approach_Departure\자료\결과물\Polygon\12.5\안전지대\17\Polygon_17.shp
17,202,5,357.0,"[7,15,25,33,35]",360,C:\Users\c\Desktop\대학생활\학연생\Approach_Departure\자료\결과물\Polygon\12.5\17\Polygon_17.shp,C:\Users\c\Desktop\대학생활\학연생\Approach_Departure\자료\결과물\Polygon\12.5\안전지대\17\Polygon_17.shp
17,203,5,358.0,"[7,15,25,33,35]",360,C:\Users\c\Desktop\대학생활\학연생\Approach_Departure\자료\결과물\Polygon\12.5\17\Polygon_17.shp,C:\Users\c\Desktop\대학생활\학연생\Approach_Departure\자료\결과물\Polygon\12.5\안전지대\17\Polygon_17.shp
17,204,5,359.0,"[7,15,25,33,35]",360,C:\Users\c\Desktop\대학생활\학연생\Approach_Departure\자료\결과물\Polygon\12.5\17\Polygon_17.shp,C:\Users\c\Desktop\대학생활\학연생\Approach_Departure\자료\결과물\Polygon\12.5\안전지대\17\Polygon_17.shp
18,1,23,229.0,"[1,2,4,5,6,10,11,12,13,14,16,19,20,22,23,24,28,29,30,31,32,34,36]",247,C:\Users\c\Desktop\대학생활\학연생\Approach_Departure\자료\결과물\Polygon\12.5\18\Polygon_18.shp,C:\Users\c\Desktop\대학생활\학연생\Approach_Departure\자료\결과물\Polygon\12.5\안전지대\18\Polygon_18.shp
18,2,23,230.0,"[1,2,4,5,6,10,11,12,13,14,16,19,20,22,23,24,28,29,30,31,32,34,36]",247,C:\Users\c\Desktop\대학생활\학연생\Approach_Departure\자료\결과물\Polygon\12.5\18\Polygon_18.shp,C:\Users\c\Desktop\대학생활\학연생\Approach_Departure\자료\결과물\Polygon\12.5\안전지대\18\Polygon_18.shp
18,3,23,291.0,"[1,2,4,5,6,10,11,12,13,14,16,19,20,22,23,24,28,29,30,31,32,34,36]",247,C:\Users\c\Desktop\대학생활\학연생\Approach_Departure\자료\결과물\Polygon\12.5\18\Polygon_18.shp,C:\Users\c\Desktop\대학생활\학연생\Approach_Departure\자료\결과물\Polygon\12.5\안전지대\18\Polygon_18.shp
18,4,23,292.0,"[1,2,4,5,6,10,11,12,13,14,16,19,20,22,23,24,28,29,30,31,32,34,36]",247,C:\Users\c\Desktop\대학생활\학연생\Approach_Departure\자료\결과물\Polygon\12.5\18\Polygon_18.shp,C:\Users\c\Desktop\대학생활\학연생\Approach_Departure\자료\결과물\Polygon\12.5\안전지대\18\Polygon_18.shp
18,5,23,293.0,"[1,2,4,5,6,10,11,12,13,14,16,19,20,22,23,24,28,29,30,31,32,34,36]",247,C:\Users\c\Desktop\대학생활\학연생\Approach_Departure\자료\결과물\Polygon\12.5\18\Polygon_18.shp,C:\Users\c\Desktop\대학생활\학연생\Approach_Departure\자료\결과물\Polygon\12.5\안전지대\18\Polygon_18.shp
18,6,23,294.0,"[1,2,4,5,6,10,11,12,13,14,16,19,20,22,23,24,28,29,30,31,32,34,36]",247,C:\Users\c\Desktop\대학생활\학연생\Approach_Departure\자료\결과물\Polygon\12.5\18\Polygon_18.shp,C:\Users\c\Desktop\대학생활\학연생\Approach_Departure\자료\결과물\Polygon\12.5\안전지대\18\Polygon_18.shp
18,7,23,295.0,"[1,2,4,5,6,10,11,12,13,14,16,19,20,22,23,24,28,29,30,31,32,34,36]",247,C:\Users\c\Desktop\대학생활\학연생\Approach_Departure\자료\결과물\Polygon\12.5\18\Polygon_18.shp,C:\Users\c\Desktop\대학생활\학연생\Approach_Departure\자료\결과물\Polygon\12.5\안전지대\18\Polygon_18.shp
18,8,23,296.0,"[1,2,4,5,6,10,11,12,13,14,16,19,20,22,23,24,28,29,30,31,32,34,36]",247,C:\Users\c\Desktop\대학생활\학연생\Approach_Departure\자료\결과물\Polygon\12.5\18\Polygon_18.shp,C:\Users\c\Desktop\대학생활\학연생\Approach_Departure\자료\결과물\Polygon\12.5\안전지대\18\Polygon_18.shp
18,9,23,297.0,"[1,2,4,5,6,10,11,12,13,14,16,19,20,22,23,24,28,29,30,31,32,34,36]",247,C:\Users\c\Desktop\대학생활\학연생\Approach_Departure\자료\결과물\Polygon\12.5\18\Polygon_18.shp,C:\Users\c\Desktop\대학생활\학연생\Approach_Departure\자료\결과물\Polygon\12.5\안전지대\18\Polygon_18.shp
18,10,23,298.0,"[1,2,4,5,6,10,11,12,13,14,16,19,20,22,23,24,28,29,30,31,32,34,36]",247,C:\Users\c\Desktop\대학생활\학연생\Approach_Departure\자료\결과물\Polygon\12.5\18\Polygon_18.shp,C:\Users\c\Desktop\대학생활\학연생\Approach_Departure\자료\결과물\Polygon\12.5\안전지대\18\Polygon_18.shp
19,1,23,222.0,"[1,2,4,5,6,10,11,12,13,14,16,18,20,22,23,24,28,29,30,31,32,34,36]",312,C:\Users\c\Desktop\대학생활\학연생\Approach_Departure\자료\결과물\Polygon\12.5\19\Polygon_19.shp,C:\Users\c\Desktop\대학생활\학연생\Approach_Departure\자료\결과물\Polygon\12.5\안전지대\19\Polygon_19.shp
19,2,23,223.0,"[1,2,4,5,6,10,11,12,13,14,16,18,20,22,23,24,28,29,30,31,32,34,36]",312,C:\Users\c\Desktop\대학생활\학연생\Approach_Departure\자료\결과물\Polygon\12.5\19\Polygon_19.shp,C:\Users\c\Desktop\대학생활\학연생\Approach_Departure\자료\결과물\Polygon\12.5\안전지대\19\Polygon_19.shp
19,3,23,224.0,"[1,2,4,5,6,10,11,12,13,14,16,18,20,22,23,24,28,29,30,31,32,34,36]",312,C:\Users\c\Desktop\대학생활\학연생\Approach_Departure\자료\결과물\Polygon\12.5\19\Polygon_19.shp,C:\Users\c\Desktop\대학생활\학연생\Approach_Departure\자료\결과물\Polygon\12.5\안전지대\19\Polygon_19.shp
19,4,23,225.0,"[1,2,4,5,6,10,11,12,13,14,16,18,20,22,23,24,28,29,30,31,32,34,36]",312,C:\Users\c\Desktop\대학생활\학연생\Approach_Departure\자료\결과물\Polygon\12.5\19\Polygon_19.shp,C:\Users\c\Desktop\대학생활\학연생\Approach_Departure\자료\결과물\Polygon\12.5\안전지대\19\Polygon_19.shp
19,5,23,226.0,"[1,2,4,5,6,10,11,12,13,14,16,18,20,22,23,24,28,29,30,31,32,34,36]",312,C:\Users\c\Desktop\대학생활\학연생\Approach_Departure\자료\결과물\Polygon\12.5\19\Polygon_19.shp,C:\Users\c\Desktop\대학생활\학연생\Approach_Departure\자료\결과물\Polygon\12.5\안전지대\19\Polygon_19.shp
19,6,23,227.0,"[1,2,4,5,6,10,11,12,13,14,16,18,20,22,23,24,28,29,30,31,32,34,36]",312,C:\Users\c\Desktop\대학생활\학연생\Approach_Departure\자료\결과물\Polygon\12.5\19\Polygon_19.shp,C:\Users\c\Desktop\대학생활\학연생\Approach_Departure\자료\결과물\Polygon\12.5\안전지대\19\Polygon_19.shp
19,7,23,228.0,"[1,2,4,5,6,10,11,12,13,14,16,18,20,22,23,24,28,29,30,31,32,34,36]",312,C:\Users\c\Desktop\대학생활\학연생\Approach_Departure\자료\결과물\Polygon\12.5\19\Polygon_19.shp,C:\Users\c\Desktop\대학생활\학연생\Approach_Departure\자료\결과물\Polygon\12.5\안전지대\19\Polygon_19.shp
19,8,23,229.0,"[1,2,4,5,6,10,11,12,13,14,16,18,20,22,23,24,28,29,30,31,32,34,36]",312,C:\Users\c\Desktop\대학생활\학연생\Approach_Departure\자료\결과물\Polygon\12.5\19\Polygon_19.shp,C:\Users\c\Desktop\대학생활\학연생\Approach_Departure\자료\결과물\Polygon\12.5\안전지대\19\Polygon_19.shp
19,9,23,230.0,"[1,2,4,5,6,10,11,12,13,14,16,18,20,22,23,24,28,29,30,31,32,34,36]",312,C:\Users\c\Desktop\대학생활\학연생\Approach_Departure\자료\결과물\Polygon\12.5\19\Polygon_19.shp,C:\Users\c\Desktop\대학생활\학연생\Approach_Departure\자료\결과물\Polygon\12.5\안전지대\19\Polygon_19.shp
19,10,23,231.0,"[1,2,4,5,6,10,11,12,13,14,16,18,20,22,23,24,28,29,30,31,32,34,36]",312,C:\Users\c\Desktop\대학생활\학연생\Approach_Departure\자료\결과물\Polygon\12.5\19\Polygon_19.shp,C:\Users\c\Desktop\대학생활\학연생\Approach_Departure\자료\결과물\Polygon\12.5\안전지대\19\Polygon_19.shp
20,1,23,267.0,"[1,2,4,5,6,10,11,12,13,14,16,18,19,22,23,24,28,29,30,31,32,34,36]",263,C:\Users\c\Desktop\대학생활\학연생\Approach_Departure\자료\결과물\Polygon\12.5\20\Polygon_20.shp,C:\Users\c\Desktop\대학생활\학연생\Approach_Departure\자료\결과물\Polygon\12.5\안전지대\20\Polygon_20.shp
20,2,23,268.0,"[1,2,4,5,6,10,11,12,13,14,16,18,19,22,23,24,28,29,30,31,32,34,36]",263,C:\Users\c\Desktop\대학생활\학연생\Approach_Departure\자료\결과물\Polygon\12.5\20\Polygon_20.shp,C:\Users\c\Desktop\대학생활\학연생\Approach_Departure\자료\결과물\Polygon\12.5\안전지대\20\Polygon_20.shp
20,3,23,269.0,"[1,2,4,5,6,10,11,12,13,14,16,18,19,22,23,24,28,29,30,31,32,34,36]",263,C:\Users\c\Desktop\대학생활\학연생\Approach_Departure\자료\결과물\Polygon\12.5\20\Polygon_20.shp,C:\Users\c\Desktop\대학생활\학연생\Approach_Departure\자료\결과물\Polygon\12.5\안전지대\20\Polygon_20.shp
20,4,23,270.0,"[1,2,4,5,6,10,11,12,13,14,16,18,19,22,23,24,28,29,30,31,32,34,36]",263,C:\Users\c\Desktop\대학생활\학연생\Approach_Departure\자료\결과물\Polygon\12.5\20\Polygon_20.shp,C:\Users\c\Desktop\대학생활\학연생\Approach_Departure\자료\결과물\Polygon\12.5\안전지대\20\Polygon_20.shp
20,5,23,271.0,"[1,2,4,5,6,10,11,12,13,14,16,18,19,22,23,24,28,29,30,31,32,34,36]",263,C:\Users\c\Desktop\대학생활\학연생\Approach_Departure\자료\결과물\Polygon\12.5\20\Polygon_20.shp,C:\Users\c\Desktop\대학생활\학연생\Approach_Departure\자료\결과물\Polygon\12.5\안전지대\20\Polygon_20.shp
20,6,23,272.0,"[1,2,4,5,6,10,11,12,13,14,16,18,19,22,23,24,28,29,30,31,32,34,36]",263,C:\Users\c\Desktop\대학생활\학연생\Approach_Departure\자료\결과물\Polygon\12.5\20\Polygon_20.shp,C:\Users\c\Desktop\대학생활\학연생\Approach_Departure\자료\결과물\Polygon\12.5\안전지대\20\Polygon_20.shp
20,7,23,273.0,"[1,2,4,5,6,10,11,12,13,14,16,18,19,22,23,24,28,29,30,31,32,34,36]",263,C:\Users\c\Desktop\대학생활\학연생\Approach_Departure\자료\결과물\Polygon\12.5\20\Polygon_20.shp,C:\Users\c\Desktop\대학생활\학연생\Approach_Departure\자료\결과물\Polygon\12.5\안전지대\20\Polygon_20.shp
20,8,23,274.0,"[1,2,4,5,6,10,11,12,13,14,16,18,19,22,23,24,28,29,30,31,32,34,36]",263,C:\Users\c\Desktop\대학생활\학연생\Approach_Departure\자료\결과물\Polygon\12.5\20\Polygon_20.shp,C:\Users\c\Desktop\대학생활\학연생\Approach_Departure\자료\결과물\Polygon\12.5\안전지대\20\Polygon_20.shp
20,9,23,275.0,"[1,2,4,5,6,10,11,12,13,14,16,18,19,22,23,24,28,29,30,31,32,34,36]",263,C:\Users\c\Desktop\대학생활\학연생\Approach_Departure\자료\결과물\Polygon\12.5\20\Polygon_20.shp,C:\Users\c\Desktop\대학생활\학연생\Approach_Departure\자료\결과물\Polygon\12.5\안전지대\20\Polygon_20.shp
20,10,23,276.0,"[1,2,4,5,6,10,11,12,13,14,16,18,19,22,23,24,28,29,30,31,32,34,36]",263,C:\Users\c\Desktop\대학생활\학연생\Approach_Departure\자료\결과물\Polygon\12.5\20\Polygon_20.shp,C:\Users\c\Desktop\대학생활\학연생\Approach_Departure\자료\결과물\Polygon\12.5\안전지대\20\Polygon_20.shp
21,1,25,135.0,"[1,2,3,4,5,6,8,9,12,13,14,16,18,19,20,22,23,24,26,27,30,31,32,34,36]",55,C:\Users\c\Desktop\대학생활\학연생\Approach_Departure\자료\결과물\Polygon\12.5\21\Polygon_21.shp,C:\Users\c\Desktop\대학생활\학연생\Approach_Departure\자료\결과물\Polygon\12.5\안전지대\21\Polygon_21.shp
21,2,25,136.0,"[1,2,3,4,5,6,8,9,12,13,14,16,18,19,20,22,23,24,26,27,30,31,32,34,36]",55,C:\Users\c\Desktop\대학생활\학연생\Approach_Departure\자료\결과물\Polygon\12.5\21\Polygon_21.shp,C:\Users\c\Desktop\대학생활\학연생\Approach_Departure\자료\결과물\Polygon\12.5\안전지대\21\Polygon_21.shp
21,3,25,137.0,"[1,2,3,4,5,6,8,9,12,13,14,16,18,19,20,22,23,24,26,27,30,31,32,34,36]",55,C:\Users\c\Desktop\대학생활\학연생\Approach_Departure\자료\결과물\Polygon\12.5\21\Polygon_21.shp,C:\Users\c\Desktop\대학생활\학연생\Approach_Departure\자료\결과물\Polygon\12.5\안전지대\21\Polygon_21.shp
21,4,25,138.0,"[1,2,3,4,5,6,8,9,12,13,14,16,18,19,20,22,23,24,26,27,30,31,32,34,36]",55,C:\Users\c\Desktop\대학생활\학연생\Approach_Departure\자료\결과물\Polygon\12.5\21\Polygon_21.shp,C:\Users\c\Desktop\대학생활\학연생\Approach_Departure\자료\결과물\Polygon\12.5\안전지대\21\Polygon_21.shp
21,5,25,139.0,"[1,2,3,4,5,6,8,9,12,13,14,16,18,19,20,22,23,24,26,27,30,31,32,34,36]",55,C:\Users\c\Desktop\대학생활\학연생\Approach_Departure\자료\결과물\Polygon\12.5\21\Polygon_21.shp,C:\Users\c\Desktop\대학생활\학연생\Approach_Departure\자료\결과물\Polygon\12.5\안전지대\21\Polygon_21.shp
21,6,25,140.0,"[1,2,3,4,5,6,8,9,12,13,14,16,18,19,20,22,23,24,26,27,30,31,32,34,36]",55,C:\Users\c\Desktop\대학생활\학연생\Approach_Departure\자료\결과물\Polygon\12.5\21\Polygon_21.shp,C:\Users\c\Desktop\대학생활\학연생\Approach_Departure\자료\결과물\Polygon\12.5\안전지대\21\Polygon_21.shp
21,7,25,141.0,"[1,2,3,4,5,6,8,9,12,13,14,16,18,19,20,22,23,24,26,27,30,31,32,34,36]",55,C:\Users\c\Desktop\대학생활\학연생\Approach_Departure\자료\결과물\Polygon\12.5\21\Polygon_21.shp,C:\Users\c\Desktop\대학생활\학연생\Approach_Departure\자료\결과물\Polygon\12.5\안전지대\21\Polygon_21.shp
21,8,25,142.0,"[1,2,3,4,5,6,8,9,12,13,14,16,18,19,20,22,23,24,26,27,30,31,32,34,36]",55,C:\Users\c\Desktop\대학생활\학연생\Approach_Departure\자료\결과물\Polygon\12.5\21\Polygon_21.shp,C:\Users\c\Desktop\대학생활\학연생\Approach_Departure\자료\결과물\Polygon\12.5\안전지대\21\Polygon_21.shp
21,9,25,143.0,"[1,2,3,4,5,6,8,9,12,13,14,16,18,19,20,22,23,24,26,27,30,31,32,34,36]",55,C:\Users\c\Desktop\대학생활\학연생\Approach_Departure\자료\결과물\Polygon\12.5\21\Polygon_21.shp,C:\Users\c\Desktop\대학생활\학연생\Approach_Departure\자료\결과물\Polygon\12.5\안전지대\21\Polygon_21.shp
21,10,25,144.0,"[1,2,3,4,5,6,8,9,12,13,14,16,18,19,20,22,23,24,26,27,30,31,32,34,36]",55,C:\Users\c\Desktop\대학생활\학연생\Approach_Departure\자료\결과물\Polygon\12.5\21\Polygon_21.shp,C:\Users\c\Desktop\대학생활\학연생\Approach_Departure\자료\결과물\Polygon\12.5\안전지대\21\Polygon_21.shp
22,1,15,215.0,"[1,4,5,10,11,13,16,18,19,23,28,29,31,34,36]",322,C:\Users\c\Desktop\대학생활\학연생\Approach_Departure\자료\결과물\Polygon\12.5\22\Polygon_22.shp,C:\Users\c\Desktop\대학생활\학연생\Approach_Departure\자료\결과물\Polygon\12.5\안전지대\22\Polygon_22.shp
22,2,15,216.0,"[1,4,5,10,11,13,16,18,19,23,28,29,31,34,36]",322,C:\Users\c\Desktop\대학생활\학연생\Approach_Departure\자료\결과물\Polygon\12.5\22\Polygon_22.shp,C:\Users\c\Desktop\대학생활\학연생\Approach_Departure\자료\결과물\Polygon\12.5\안전지대\22\Polygon_22.shp
22,3,15,217.0,"[1,4,5,10,11,13,16,18,19,23,28,29,31,34,36]",322,C:\Users\c\Desktop\대학생활\학연생\Approach_Departure\자료\결과물\Polygon\12.5\22\Polygon_22.shp,C:\Users\c\Desktop\대학생활\학연생\Approach_Departure\자료\결과물\Polygon\12.5\안전지대\22\Polygon_22.shp
22,4,15,218.0,"[1,4,5,10,11,13,16,18,19,23,28,29,31,34,36]",322,C:\Users\c\Desktop\대학생활\학연생\Approach_Departure\자료\결과물\Polygon\12.5\22\Polygon_22.shp,C:\Users\c\Desktop\대학생활\학연생\Approach_Departure\자료\결과물\Polygon\12.5\안전지대\22\Polygon_22.shp
22,5,15,219.0,"[1,4,5,10,11,13,16,18,19,23,28,29,31,34,36]",322,C:\Users\c\Desktop\대학생활\학연생\Approach_Departure\자료\결과물\Polygon\12.5\22\Polygon_22.shp,C:\Users\c\Desktop\대학생활\학연생\Approach_Departure\자료\결과물\Polygon\12.5\안전지대\22\Polygon_22.shp
22,6,15,220.0,"[1,4,5,10,11,13,16,18,19,23,28,29,31,34,36]",322,C:\Users\c\Desktop\대학생활\학연생\Approach_Departure\자료\결과물\Polygon\12.5\22\Polygon_22.shp,C:\Users\c\Desktop\대학생활\학연생\Approach_Departure\자료\결과물\Polygon\12.5\안전지대\22\Polygon_22.shp
22,7,15,221.0,"[1,4,5,10,11,13,16,18,19,23,28,29,31,34,36]",322,C:\Users\c\Desktop\대학생활\학연생\Approach_Departure\자료\결과물\Polygon\12.5\22\Polygon_22.shp,C:\Users\c\Desktop\대학생활\학연생\Approach_Departure\자료\결과물\Polygon\12.5\안전지대\22\Polygon_22.shp
22,8,15,222.0,"[1,4,5,10,11,13,16,18,19,23,28,29,31,34,36]",322,C:\Users\c\Desktop\대학생활\학연생\Approach_Departure\자료\결과물\Polygon\12.5\22\Polygon_22.shp,C:\Users\c\Desktop\대학생활\학연생\Approach_Departure\자료\결과물\Polygon\12.5\안전지대\22\Polygon_22.shp
22,9,15,223.0,"[1,4,5,10,11,13,16,18,19,23,28,29,31,34,36]",322,C:\Users\c\Desktop\대학생활\학연생\Approach_Departure\자료\결과물\Polygon\12.5\22\Polygon_22.shp,C:\Users\c\Desktop\대학생활\학연생\Approach_Departure\자료\결과물\Polygon\12.5\안전지대\22\Polygon_22.shp
22,10,15,224.0,"[1,4,5,10,11,13,16,18,19,23,28,29,31,34,36]",322,C:\Users\c\Desktop\대학생활\학연생\Approach_Departure\자료\결과물\Polygon\12.5\22\Polygon_22.shp,C:\Users\c\Desktop\대학생활\학연생\Approach_Departure\자료\결과물\Polygon\12.5\안전지대\22\Polygon_22.shp
23,1,21,259.0,"[1,2,4,5,6,10,11,12,13,14,16,19,20,22,24,28,29,30,31,32,34]",311,C:\Users\c\Desktop\대학생활\학연생\Approach_Departure\자료\결과물\Polygon\12.5\23\Polygon_23.shp,C:\Users\c\Desktop\대학생활\학연생\Approach_Departure\자료\결과물\Polygon\12.5\안전지대\23\Polygon_23.shp
23,2,21,260.0,"[1,2,4,5,6,10,11,12,13,14,16,19,20,22,24,28,29,30,31,32,34]",311,C:\Users\c\Desktop\대학생활\학연생\Approach_Departure\자료\결과물\Polygon\12.5\23\Polygon_23.shp,C:\Users\c\Desktop\대학생활\학연생\Approach_Departure\자료\결과물\Polygon\12.5\안전지대\23\Polygon_23.shp
23,3,21,261.0,"[1,2,4,5,6,10,11,12,13,14,16,19,20,22,24,28,29,30,31,32,34]",311,C:\Users\c\Desktop\대학생활\학연생\Approach_Departure\자료\결과물\Polygon\12.5\23\Polygon_23.shp,C:\Users\c\Desktop\대학생활\학연생\Approach_Departure\자료\결과물\Polygon\12.5\안전지대\23\Polygon_23.shp
23,4,23,220.0,"[1,2,4,5,6,10,11,12,13,14,16,18,19,20,22,24,28,29,30,31,32,34,36]",311,C:\Users\c\Desktop\대학생활\학연생\Approach_Departure\자료\결과물\Polygon\12.5\23\Polygon_23.shp,C:\Users\c\Desktop\대학생활\학연생\Approach_Departure\자료\결과물\Polygon\12.5\안전지대\23\Polygon_23.shp
23,5,23,221.0,"[1,2,4,5,6,10,11,12,13,14,16,18,19,20,22,24,28,29,30,31,32,34,36]",311,C:\Users\c\Desktop\대학생활\학연생\Approach_Departure\자료\결과물\Polygon\12.5\23\Polygon_23.shp,C:\Users\c\Desktop\대학생활\학연생\Approach_Departure\자료\결과물\Polygon\12.5\안전지대\23\Polygon_23.shp
23,6,23,222.0,"[1,2,4,5,6,10,11,12,13,14,16,18,19,20,22,24,28,29,30,31,32,34,36]",311,C:\Users\c\Desktop\대학생활\학연생\Approach_Departure\자료\결과물\Polygon\12.5\23\Polygon_23.shp,C:\Users\c\Desktop\대학생활\학연생\Approach_Departure\자료\결과물\Polygon\12.5\안전지대\23\Polygon_23.shp
23,7,23,223.0,"[1,2,4,5,6,10,11,12,13,14,16,18,19,20,22,24,28,29,30,31,32,34,36]",311,C:\Users\c\Desktop\대학생활\학연생\Approach_Departure\자료\결과물\Polygon\12.5\23\Polygon_23.shp,C:\Users\c\Desktop\대학생활\학연생\Approach_Departure\자료\결과물\Polygon\12.5\안전지대\23\Polygon_23.shp
23,8,23,224.0,"[1,2,4,5,6,10,11,12,13,14,16,18,19,20,22,24,28,29,30,31,32,34,36]",311,C:\Users\c\Desktop\대학생활\학연생\Approach_Departure\자료\결과물\Polygon\12.5\23\Polygon_23.shp,C:\Users\c\Desktop\대학생활\학연생\Approach_Departure\자료\결과물\Polygon\12.5\안전지대\23\Polygon_23.shp
23,9,23,225.0,"[1,2,4,5,6,10,11,12,13,14,16,18,19,20,22,24,28,29,30,31,32,34,36]",311,C:\Users\c\Desktop\대학생활\학연생\Approach_Departure\자료\결과물\Polygon\12.5\23\Polygon_23.shp,C:\Users\c\Desktop\대학생활\학연생\Approach_Departure\자료\결과물\Polygon\12.5\안전지대\23\Polygon_23.shp
23,10,23,226.0,"[1,2,4,5,6,10,11,12,13,14,16,18,19,20,22,24,28,29,30,31,32,34,36]",311,C:\Users\c\Desktop\대학생활\학연생\Approach_Departure\자료\결과물\Polygon\12.5\23\Polygon_23.shp,C:\Users\c\Desktop\대학생활\학연생\Approach_Departure\자료\결과물\Polygon\12.5\안전지대\23\Polygon_23.shp
24,1,21,96.0,"[1,2,5,6,7,8,12,13,14,16,18,19,20,23,25,26,30,31,32,34,36]",252,C:\Users\c\Desktop\대학생활\학연생\Approach_Departure\자료\결과물\Polygon\12.5\24\Polygon_24.shp,C:\Users\c\Desktop\대학생활\학연생\Approach_Departure\자료\결과물\Polygon\12.5\안전지대\24\Polygon_24.shp
24,2,21,97.0,"[1,2,5,6,7,8,12,13,14,16,18,19,20,23,25,26,30,31,32,34,36]",252,C:\Users\c\Desktop\대학생활\학연생\Approach_Departure\자료\결과물\Polygon\12.5\24\Polygon_24.shp,C:\Users\c\Desktop\대학생활\학연생\Approach_Departure\자료\결과물\Polygon\12.5\안전지대\24\Polygon_24.shp
24,3,21,98.0,"[1,2,5,6,7,8,12,13,14,16,18,19,20,23,25,26,30,31,32,34,36]",252,C:\Users\c\Desktop\대학생활\학연생\Approach_Departure\자료\결과물\Polygon\12.5\24\Polygon_24.shp,C:\Users\c\Desktop\대학생활\학연생\Approach_Departure\자료\결과물\Polygon\12.5\안전지대\24\Polygon_24.shp
24,4,21,99.0,"[1,2,5,6,7,8,12,13,14,16,18,19,20,23,25,26,30,31,32,34,36]",252,C:\Users\c\Desktop\대학생활\학연생\Approach_Departure\자료\결과물\Polygon\12.5\24\Polygon_24.shp,C:\Users\c\Desktop\대학생활\학연생\Approach_Departure\자료\결과물\Polygon\12.5\안전지대\24\Polygon_24.shp
24,5,21,100.0,"[1,2,5,6,7,8,12,13,14,16,18,19,20,23,25,26,30,31,32,34,36]",252,C:\Users\c\Desktop\대학생활\학연생\Approach_Departure\자료\결과물\Polygon\12.5\24\Polygon_24.shp,C:\Users\c\Desktop\대학생활\학연생\Approach_Departure\자료\결과물\Polygon\12.5\안전지대\24\Polygon_24.shp
24,6,21,101.0,"[1,2,5,6,7,8,12,13,14,16,18,19,20,23,25,26,30,31,32,34,36]",252,C:\Users\c\Desktop\대학생활\학연생\Approach_Departure\자료\결과물\Polygon\12.5\24\Polygon_24.shp,C:\Users\c\Desktop\대학생활\학연생\Approach_Departure\자료\결과물\Polygon\12.5\안전지대\24\Polygon_24.shp
24,7,23,89.0,"[1,2,5,6,7,8,12,13,14,15,16,18,19,20,23,25,26,30,31,32,33,34,36]",252,C:\Users\c\Desktop\대학생활\학연생\Approach_Departure\자료\결과물\Polygon\12.5\24\Polygon_24.shp,C:\Users\c\Desktop\대학생활\학연생\Approach_Departure\자료\결과물\Polygon\12.5\안전지대\24\Polygon_24.shp
24,8,23,90.0,"[1,2,5,6,7,8,12,13,14,15,16,18,19,20,23,25,26,30,31,32,33,34,36]",252,C:\Users\c\Desktop\대학생활\학연생\Approach_Departure\자료\결과물\Polygon\12.5\24\Polygon_24.shp,C:\Users\c\Desktop\대학생활\학연생\Approach_Departure\자료\결과물\Polygon\12.5\안전지대\24\Polygon_24.shp
24,9,23,91.0,"[1,2,5,6,7,8,12,13,14,15,16,18,19,20,23,25,26,30,31,32,33,34,36]",252,C:\Users\c\Desktop\대학생활\학연생\Approach_Departure\자료\결과물\Polygon\12.5\24\Polygon_24.shp,C:\Users\c\Desktop\대학생활\학연생\Approach_Departure\자료\결과물\Polygon\12.5\안전지대\24\Polygon_24.shp
24,10,23,92.0,"[1,2,5,6,7,8,12,13,14,15,16,18,19,20,23,25,26,30,31,32,33,34,36]",252,C:\Users\c\Desktop\대학생활\학연생\Approach_Departure\자료\결과물\Polygon\12.5\24\Polygon_24.shp,C:\Users\c\Desktop\대학생활\학연생\Approach_Departure\자료\결과물\Polygon\12.5\안전지대\24\Polygon_24.shp
25,1,9,0.0,"[6,7,12,15,17,24,30,33,35]",360,C:\Users\c\Desktop\대학생활\학연생\Approach_Departure\자료\결과물\Polygon\12.5\25\Polygon_25.shp,C:\Users\c\Desktop\대학생활\학연생\Approach_Departure\자료\결과물\Polygon\12.5\안전지대\25\Polygon_25.shp
25,2,9,1.0,"[6,7,12,15,17,24,30,33,35]",360,C:\Users\c\Desktop\대학생활\학연생\Approach_Departure\자료\결과물\Polygon\12.5\25\Polygon_25.shp,C:\Users\c\Desktop\대학생활\학연생\Approach_Departure\자료\결과물\Polygon\12.5\안전지대\25\Polygon_25.shp
25,3,9,2.0,"[6,7,12,15,17,24,30,33,35]",360,C:\Users\c\Desktop\대학생활\학연생\Approach_Departure\자료\결과물\Polygon\12.5\25\Polygon_25.shp,C:\Users\c\Desktop\대학생활\학연생\Approach_Departure\자료\결과물\Polygon\12.5\안전지대\25\Polygon_25.shp
25,4,9,3.0,"[6,7,12,15,17,24,30,33,35]",360,C:\Users\c\Desktop\대학생활\학연생\Approach_Departure\자료\결과물\Polygon\12.5\25\Polygon_25.shp,C:\Users\c\Desktop\대학생활\학연생\Approach_Departure\자료\결과물\Polygon\12.5\안전지대\25\Polygon_25.shp
25,5,9,4.0,"[6,7,12,15,17,24,30,33,35]",360,C:\Users\c\Desktop\대학생활\학연생\Approach_Departure\자료\결과물\Polygon\12.5\25\Polygon_25.shp,C:\Users\c\Desktop\대학생활\학연생\Approach_Departure\자료\결과물\Polygon\12.5\안전지대\25\Polygon_25.shp
25,6,9,5.0,"[6,7,12,15,17,24,30,33,35]",360,C:\Users\c\Desktop\대학생활\학연생\Approach_Departure\자료\결과물\Polygon\12.5\25\Polygon_25.shp,C:\Users\c\Desktop\대학생활\학연생\Approach_Departure\자료\결과물\Polygon\12.5\안전지대\25\Polygon_25.shp
25,7,9,6.0,"[6,7,12,15,17,24,30,33,35]",360,C:\Users\c\Desktop\대학생활\학연생\Approach_Departure\자료\결과물\Polygon\12.5\25\Polygon_25.shp,C:\Users\c\Desktop\대학생활\학연생\Approach_Departure\자료\결과물\Polygon\12.5\안전지대\25\Polygon_25.shp
25,8,9,7.0,"[6,7,12,15,17,24,30,33,35]",360,C:\Users\c\Desktop\대학생활\학연생\Approach_Departure\자료\결과물\Polygon\12.5\25\Polygon_25.shp,C:\Users\c\Desktop\대학생활\학연생\Approach_Departure\자료\결과물\Polygon\12.5\안전지대\25\Polygon_25.shp
25,9,9,8.0,"[6,7,12,15,17,24,30,33,35]",360,C:\Users\c\Desktop\대학생활\학연생\Approach_Departure\자료\결과물\Polygon\12.5\25\Polygon_25.shp,C:\Users\c\Desktop\대학생활\학연생\Approach_Departure\자료\결과물\Polygon\12.5\안전지대\25\Polygon_25.shp
25,10,9,9.0,"[6,7,12,15,17,24,30,33,35]",360,C:\Users\c\Desktop\대학생활\학연생\Approach_Departure\자료\결과물\Polygon\12.5\25\Polygon_25.shp,C:\Users\c\Desktop\대학생활\학연생\Approach_Departure\자료\결과물\Polygon\12.5\안전지대\25\Polygon_25.shp
26,1,29,88.0,"[1,2,3,4,5,6,8,9,10,11,12,13,14,16,18,19,20,21,22,23,24,27,28,29,30,31,32,34,36]",142,C:\Users\c\Desktop\대학생활\학연생\Approach_Departure\자료\결과물\Polygon\12.5\26\Polygon_26.shp,C:\Users\c\Desktop\대학생활\학연생\Approach_Departure\자료\결과물\Polygon\12.5\안전지대\26\Polygon_26.shp
26,2,29,89.0,"[1,2,3,4,5,6,8,9,10,11,12,13,14,16,18,19,20,21,22,23,24,27,28,29,30,31,32,34,36]",142,C:\Users\c\Desktop\대학생활\학연생\Approach_Departure\자료\결과물\Polygon\12.5\26\Polygon_26.shp,C:\Users\c\Desktop\대학생활\학연생\Approach_Departure\자료\결과물\Polygon\12.5\안전지대\26\Polygon_26.shp
26,3,29,90.0,"[1,2,3,4,5,6,8,9,10,11,12,13,14,16,18,19,20,21,22,23,24,27,28,29,30,31,32,34,36]",142,C:\Users\c\Desktop\대학생활\학연생\Approach_Departure\자료\결과물\Polygon\12.5\26\Polygon_26.shp,C:\Users\c\Desktop\대학생활\학연생\Approach_Departure\자료\결과물\Polygon\12.5\안전지대\26\Polygon_26.shp
26,4,29,91.0,"[1,2,3,4,5,6,8,9,10,11,12,13,14,16,18,19,20,21,22,23,24,27,28,29,30,31,32,34,36]",142,C:\Users\c\Desktop\대학생활\학연생\Approach_Departure\자료\결과물\Polygon\12.5\26\Polygon_26.shp,C:\Users\c\Desktop\대학생활\학연생\Approach_Departure\자료\결과물\Polygon\12.5\안전지대\26\Polygon_26.shp
26,5,29,92.0,"[1,2,3,4,5,6,8,9,10,11,12,13,14,16,18,19,20,21,22,23,24,27,28,29,30,31,32,34,36]",142,C:\Users\c\Desktop\대학생활\학연생\Approach_Departure\자료\결과물\Polygon\12.5\26\Polygon_26.shp,C:\Users\c\Desktop\대학생활\학연생\Approach_Departure\자료\결과물\Polygon\12.5\안전지대\26\Polygon_26.shp
26,6,29,93.0,"[1,2,3,4,5,6,8,9,10,11,12,13,14,16,18,19,20,21,22,23,24,27,28,29,30,31,32,34,36]",142,C:\Users\c\Desktop\대학생활\학연생\Approach_Departure\자료\결과물\Polygon\12.5\26\Polygon_26.shp,C:\Users\c\Desktop\대학생활\학연생\Approach_Departure\자료\결과물\Polygon\12.5\안전지대\26\Polygon_26.shp
26,7,29,94.0,"[1,2,3,4,5,6,8,9,10,11,12,13,14,16,18,19,20,21,22,23,24,27,28,29,30,31,32,34,36]",142,C:\Users\c\Desktop\대학생활\학연생\Approach_Departure\자료\결과물\Polygon\12.5\26\Polygon_26.shp,C:\Users\c\Desktop\대학생활\학연생\Approach_Departure\자료\결과물\Polygon\12.5\안전지대\26\Polygon_26.shp
26,8,29,95.0,"[1,2,3,4,5,6,8,9,10,11,12,13,14,16,18,19,20,21,22,23,24,27,28,29,30,31,32,34,36]",142,C:\Users\c\Desktop\대학생활\학연생\Approach_Departure\자료\결과물\Polygon\12.5\26\Polygon_26.shp,C:\Users\c\Desktop\대학생활\학연생\Approach_Departure\자료\결과물\Polygon\12.5\안전지대\26\Polygon_26.shp
26,9,29,96.0,"[1,2,3,4,5,6,8,9,10,11,12,13,14,16,18,19,20,21,22,23,24,27,28,29,30,31,32,34,36]",142,C:\Users\c\Desktop\대학생활\학연생\Approach_Departure\자료\결과물\Polygon\12.5\26\Polygon_26.shp,C:\Users\c\Desktop\대학생활\학연생\Approach_Departure\자료\결과물\Polygon\12.5\안전지대\26\Polygon_26.shp
26,10,29,97.0,"[1,2,3,4,5,6,8,9,10,11,12,13,14,16,18,19,20,21,22,23,24,27,28,29,30,31,32,34,36]",142,C:\Users\c\Desktop\대학생활\학연생\Approach_Departure\자료\결과물\Polygon\12.5\26\Polygon_26.shp,C:\Users\c\Desktop\대학생활\학연생\Approach_Departure\자료\결과물\Polygon\12.5\안전지대\26\Polygon_26.shp
27,1,25,176.0,"[1,2,4,5,6,9,10,11,12,13,14,16,18,19,20,22,23,24,28,29,30,31,32,34,36]",108,C:\Users\c\Desktop\대학생활\학연생\Approach_Departure\자료\결과물\Polygon\12.5\27\Polygon_27.shp,C:\Users\c\Desktop\대학생활\학연생\Approach_Departure\자료\결과물\Polygon\12.5\안전지대\27\Polygon_27.shp
27,2,25,177.0,"[1,2,4,5,6,9,10,11,12,13,14,16,18,19,20,22,23,24,28,29,30,31,32,34,36]",108,C:\Users\c\Desktop\대학생활\학연생\Approach_Departure\자료\결과물\Polygon\12.5\27\Polygon_27.shp,C:\Users\c\Desktop\대학생활\학연생\Approach_Departure\자료\결과물\Polygon\12.5\안전지대\27\Polygon_27.shp
27,3,25,178.0,"[1,2,4,5,6,9,10,11,12,13,14,16,18,19,20,22,23,24,28,29,30,31,32,34,36]",108,C:\Users\c\Desktop\대학생활\학연생\Approach_Departure\자료\결과물\Polygon\12.5\27\Polygon_27.shp,C:\Users\c\Desktop\대학생활\학연생\Approach_Departure\자료\결과물\Polygon\12.5\안전지대\27\Polygon_27.shp
27,4,25,179.0,"[1,2,4,5,6,9,10,11,12,13,14,16,18,19,20,22,23,24,28,29,30,31,32,34,36]",108,C:\Users\c\Desktop\대학생활\학연생\Approach_Departure\자료\결과물\Polygon\12.5\27\Polygon_27.shp,C:\Users\c\Desktop\대학생활\학연생\Approach_Departure\자료\결과물\Polygon\12.5\안전지대\27\Polygon_27.shp
27,5,25,180.0,"[1,2,4,5,6,9,10,11,12,13,14,16,18,19,20,22,23,24,28,29,30,31,32,34,36]",108,C:\Users\c\Desktop\대학생활\학연생\Approach_Departure\자료\결과물\Polygon\12.5\27\Polygon_27.shp,C:\Users\c\Desktop\대학생활\학연생\Approach_Departure\자료\결과물\Polygon\12.5\안전지대\27\Polygon_27.shp
27,6,25,181.0,"[1,2,4,5,6,9,10,11,12,13,14,16,18,19,20,22,23,24,28,29,30,31,32,34,36]",108,C:\Users\c\Desktop\대학생활\학연생\Approach_Departure\자료\결과물\Polygon\12.5\27\Polygon_27.shp,C:\Users\c\Desktop\대학생활\학연생\Approach_Departure\자료\결과물\Polygon\12.5\안전지대\27\Polygon_27.shp
27,7,25,182.0,"[1,2,4,5,6,9,10,11,12,13,14,16,18,19,20,22,23,24,28,29,30,31,32,34,36]",108,C:\Users\c\Desktop\대학생활\학연생\Approach_Departure\자료\결과물\Polygon\12.5\27\Polygon_27.shp,C:\Users\c\Desktop\대학생활\학연생\Approach_Departure\자료\결과물\Polygon\12.5\안전지대\27\Polygon_27.shp
27,8,25,183.0,"[1,2,4,5,6,9,10,11,12,13,14,16,18,19,20,22,23,24,28,29,30,31,32,34,36]",108,C:\Users\c\Desktop\대학생활\학연생\Approach_Departure\자료\결과물\Polygon\12.5\27\Polygon_27.shp,C:\Users\c\Desktop\대학생활\학연생\Approach_Departure\자료\결과물\Polygon\12.5\안전지대\27\Polygon_27.shp
27,9,25,184.0,"[1,2,4,5,6,9,10,11,12,13,14,16,18,19,20,22,23,24,28,29,30,31,32,34,36]",108,C:\Users\c\Desktop\대학생활\학연생\Approach_Departure\자료\결과물\Polygon\12.5\27\Polygon_27.shp,C:\Users\c\Desktop\대학생활\학연생\Approach_Departure\자료\결과물\Polygon\12.5\안전지대\27\Polygon_27.shp
27,10,25,185.0,"[1,2,4,5,6,9,10,11,12,13,14,16,18,19,20,22,23,24,28,29,30,31,32,34,36]",108,C:\Users\c\Desktop\대학생활\학연생\Approach_Departure\자료\결과물\Polygon\12.5\27\Polygon_27.shp,C:\Users\c\Desktop\대학생활\학연생\Approach_Departure\자료\결과물\Polygon\12.5\안전지대\27\Polygon_27.shp
28,1,15,220.0,"[1,4,5,10,11,13,16,18,19,22,23,29,31,34,36]",321,C:\Users\c\Desktop\대학생활\학연생\Approach_Departure\자료\결과물\Polygon\12.5\28\Polygon_28.shp,C:\Users\c\Desktop\대학생활\학연생\Approach_Departure\자료\결과물\Polygon\12.5\안전지대\28\Polygon_28.shp
28,2,15,221.0,"[1,4,5,10,11,13,16,18,19,22,23,29,31,34,36]",321,C:\Users\c\Desktop\대학생활\학연생\Approach_Departure\자료\결과물\Polygon\12.5\28\Polygon_28.shp,C:\Users\c\Desktop\대학생활\학연생\Approach_Departure\자료\결과물\Polygon\12.5\안전지대\28\Polygon_28.shp
28,3,15,222.0,"[1,4,5,10,11,13,16,18,19,22,23,29,31,34,36]",321,C:\Users\c\Desktop\대학생활\학연생\Approach_Departure\자료\결과물\Polygon\12.5\28\Polygon_28.shp,C:\Users\c\Desktop\대학생활\학연생\Approach_Departure\자료\결과물\Polygon\12.5\안전지대\28\Polygon_28.shp
28,4,15,223.0,"[1,4,5,10,11,13,16,18,19,22,23,29,31,34,36]",321,C:\Users\c\Desktop\대학생활\학연생\Approach_Departure\자료\결과물\Polygon\12.5\28\Polygon_28.shp,C:\Users\c\Desktop\대학생활\학연생\Approach_Departure\자료\결과물\Polygon\12.5\안전지대\28\Polygon_28.shp
28,5,15,224.0,"[1,4,5,10,11,13,16,18,19,22,23,29,31,34,36]",321,C:\Users\c\Desktop\대학생활\학연생\Approach_Departure\자료\결과물\Polygon\12.5\28\Polygon_28.shp,C:\Users\c\Desktop\대학생활\학연생\Approach_Departure\자료\결과물\Polygon\12.5\안전지대\28\Polygon_28.shp
28,6,15,225.0,"[1,4,5,10,11,13,16,18,19,22,23,29,31,34,36]",321,C:\Users\c\Desktop\대학생활\학연생\Approach_Departure\자료\결과물\Polygon\12.5\28\Polygon_28.shp,C:\Users\c\Desktop\대학생활\학연생\Approach_Departure\자료\결과물\Polygon\12.5\안전지대\28\Polygon_28.shp
28,7,15,226.0,"[1,4,5,10,11,13,16,18,19,22,23,29,31,34,36]",321,C:\Users\c\Desktop\대학생활\학연생\Approach_Departure\자료\결과물\Polygon\12.5\28\Polygon_28.shp,C:\Users\c\Desktop\대학생활\학연생\Approach_Departure\자료\결과물\Polygon\12.5\안전지대\28\Polygon_28.shp
28,8,15,227.0,"[1,4,5,10,11,13,16,18,19,22,23,29,31,34,36]",321,C:\Users\c\Desktop\대학생활\학연생\Approach_Departure\자료\결과물\Polygon\12.5\28\Polygon_28.shp,C:\Users\c\Desktop\대학생활\학연생\Approach_Departure\자료\결과물\Polygon\12.5\안전지대\28\Polygon_28.shp
28,9,15,228.0,"[1,4,5,10,11,13,16,18,19,22,23,29,31,34,36]",321,C:\Users\c\Desktop\대학생활\학연생\Approach_Departure\자료\결과물\Polygon\12.5\28\Polygon_28.shp,C:\Users\c\Desktop\대학생활\학연생\Approach_Departure\자료\결과물\Polygon\12.5\안전지대\28\Polygon_28.shp
28,10,15,229.0,"[1,4,5,10,11,13,16,18,19,22,23,29,31,34,36]",321,C:\Users\c\Desktop\대학생활\학연생\Approach_Departure\자료\결과물\Polygon\12.5\28\Polygon_28.shp,C:\Users\c\Desktop\대학생활\학연생\Approach_Departure\자료\결과물\Polygon\12.5\안전지대\28\Polygon_28.shp
29,1,13,261.0,"[1,4,5,10,11,13,16,19,22,23,28,31,34]",322,C:\Users\c\Desktop\대학생활\학연생\Approach_Departure\자료\결과물\Polygon\12.5\29\Polygon_29.shp,C:\Users\c\Desktop\대학생활\학연생\Approach_Departure\자료\결과물\Polygon\12.5\안전지대\29\Polygon_29.shp
29,2,13,262.0,"[1,4,5,10,11,13,16,19,22,23,28,31,34]",322,C:\Users\c\Desktop\대학생활\학연생\Approach_Departure\자료\결과물\Polygon\12.5\29\Polygon_29.shp,C:\Users\c\Desktop\대학생활\학연생\Approach_Departure\자료\결과물\Polygon\12.5\안전지대\29\Polygon_29.shp
29,3,13,263.0,"[1,4,5,10,11,13,16,19,22,23,28,31,34]",322,C:\Users\c\Desktop\대학생활\학연생\Approach_Departure\자료\결과물\Polygon\12.5\29\Polygon_29.shp,C:\Users\c\Desktop\대학생활\학연생\Approach_Departure\자료\결과물\Polygon\12.5\안전지대\29\Polygon_29.shp
29,4,13,264.0,"[1,4,5,10,11,13,16,19,22,23,28,31,34]",322,C:\Users\c\Desktop\대학생활\학연생\Approach_Departure\자료\결과물\Polygon\12.5\29\Polygon_29.shp,C:\Users\c\Desktop\대학생활\학연생\Approach_Departure\자료\결과물\Polygon\12.5\안전지대\29\Polygon_29.shp
29,5,13,265.0,"[1,4,5,10,11,13,16,19,22,23,28,31,34]",322,C:\Users\c\Desktop\대학생활\학연생\Approach_Departure\자료\결과물\Polygon\12.5\29\Polygon_29.shp,C:\Users\c\Desktop\대학생활\학연생\Approach_Departure\자료\결과물\Polygon\12.5\안전지대\29\Polygon_29.shp
29,6,13,266.0,"[1,4,5,10,11,13,16,19,22,23,28,31,34]",322,C:\Users\c\Desktop\대학생활\학연생\Approach_Departure\자료\결과물\Polygon\12.5\29\Polygon_29.shp,C:\Users\c\Desktop\대학생활\학연생\Approach_Departure\자료\결과물\Polygon\12.5\안전지대\29\Polygon_29.shp
29,7,13,267.0,"[1,4,5,10,11,13,16,19,22,23,28,31,34]",322,C:\Users\c\Desktop\대학생활\학연생\Approach_Departure\자료\결과물\Polygon\12.5\29\Polygon_29.shp,C:\Users\c\Desktop\대학생활\학연생\Approach_Departure\자료\결과물\Polygon\12.5\안전지대\29\Polygon_29.shp
29,8,13,268.0,"[1,4,5,10,11,13,16,19,22,23,28,31,34]",322,C:\Users\c\Desktop\대학생활\학연생\Approach_Departure\자료\결과물\Polygon\12.5\29\Polygon_29.shp,C:\Users\c\Desktop\대학생활\학연생\Approach_Departure\자료\결과물\Polygon\12.5\안전지대\29\Polygon_29.shp
29,9,13,269.0,"[1,4,5,10,11,13,16,19,22,23,28,31,34]",322,C:\Users\c\Desktop\대학생활\학연생\Approach_Departure\자료\결과물\Polygon\12.5\29\Polygon_29.shp,C:\Users\c\Desktop\대학생활\학연생\Approach_Departure\자료\결과물\Polygon\12.5\안전지대\29\Polygon_29.shp
29,10,13,270.0,"[1,4,5,10,11,13,16,19,22,23,28,31,34]",322,C:\Users\c\Desktop\대학생활\학연생\Approach_Departure\자료\결과물\Polygon\12.5\29\Polygon_29.shp,C:\Users\c\Desktop\대학생활\학연생\Approach_Departure\자료\결과물\Polygon\12.5\안전지대\29\Polygon_29.shp
30,1,23,319.0,"[1,2,5,7,8,12,13,14,15,16,17,18,19,20,23,25,26,31,32,33,34,35,36]",320,C:\Users\c\Desktop\대학생활\학연생\Approach_Departure\자료\결과물\Polygon\12.5\30\Polygon_30.shp,C:\Users\c\Desktop\대학생활\학연생\Approach_Departure\자료\결과물\Polygon\12.5\안전지대\30\Polygon_30.shp
30,2,23,320.0,"[1,2,5,7,8,12,13,14,15,16,17,18,19,20,23,25,26,31,32,33,34,35,36]",320,C:\Users\c\Desktop\대학생활\학연생\Approach_Departure\자료\결과물\Polygon\12.5\30\Polygon_30.shp,C:\Users\c\Desktop\대학생활\학연생\Approach_Departure\자료\결과물\Polygon\12.5\안전지대\30\Polygon_30.shp
30,3,23,321.0,"[1,2,5,7,8,12,13,14,15,16,17,18,19,20,23,25,26,31,32,33,34,35,36]",320,C:\Users\c\Desktop\대학생활\학연생\Approach_Departure\자료\결과물\Polygon\12.5\30\Polygon_30.shp,C:\Users\c\Desktop\대학생활\학연생\Approach_Departure\자료\결과물\Polygon\12.5\안전지대\30\Polygon_30.shp
30,4,25,0.0,"[1,2,5,6,7,8,12,13,14,15,16,17,18,19,20,23,24,25,26,31,32,33,34,35,36]",320,C:\Users\c\Desktop\대학생활\학연생\Approach_Departure\자료\결과물\Polygon\12.5\30\Polygon_30.shp,C:\Users\c\Desktop\대학생활\학연생\Approach_Departure\자료\결과물\Polygon\12.5\안전지대\30\Polygon_30.shp
30,5,25,1.0,"[1,2,5,6,7,8,12,13,14,15,16,17,18,19,20,23,24,25,26,31,32,33,34,35,36]",320,C:\Users\c\Desktop\대학생활\학연생\Approach_Departure\자료\결과물\Polygon\12.5\30\Polygon_30.shp,C:\Users\c\Desktop\대학생활\학연생\Approach_Departure\자료\결과물\Polygon\12.5\안전지대\30\Polygon_30.shp
30,6,25,2.0,"[1,2,5,6,7,8,12,13,14,15,16,17,18,19,20,23,24,25,26,31,32,33,34,35,36]",320,C:\Users\c\Desktop\대학생활\학연생\Approach_Departure\자료\결과물\Polygon\12.5\30\Polygon_30.shp,C:\Users\c\Desktop\대학생활\학연생\Approach_Departure\자료\결과물\Polygon\12.5\안전지대\30\Polygon_30.shp
30,7,25,3.0,"[1,2,5,6,7,8,12,13,14,15,16,17,18,19,20,23,24,25,26,31,32,33,34,35,36]",320,C:\Users\c\Desktop\대학생활\학연생\Approach_Departure\자료\결과물\Polygon\12.5\30\Polygon_30.shp,C:\Users\c\Desktop\대학생활\학연생\Approach_Departure\자료\결과물\Polygon\12.5\안전지대\30\Polygon_30.shp
30,8,25,4.0,"[1,2,5,6,7,8,12,13,14,15,16,17,18,19,20,23,24,25,26,31,32,33,34,35,36]",320,C:\Users\c\Desktop\대학생활\학연생\Approach_Departure\자료\결과물\Polygon\12.5\30\Polygon_30.shp,C:\Users\c\Desktop\대학생활\학연생\Approach_Departure\자료\결과물\Polygon\12.5\안전지대\30\Polygon_30.shp
30,9,25,5.0,"[1,2,5,6,7,8,12,13,14,15,16,17,18,19,20,23,24,25,26,31,32,33,34,35,36]",320,C:\Users\c\Desktop\대학생활\학연생\Approach_Departure\자료\결과물\Polygon\12.5\30\Polygon_30.shp,C:\Users\c\Desktop\대학생활\학연생\Approach_Departure\자료\결과물\Polygon\12.5\안전지대\30\Polygon_30.shp
30,10,25,6.0,"[1,2,5,6,7,8,12,13,14,15,16,17,18,19,20,23,24,25,26,31,32,33,34,35,36]",320,C:\Users\c\Desktop\대학생활\학연생\Approach_Departure\자료\결과물\Polygon\12.5\30\Polygon_30.shp,C:\Users\c\Desktop\대학생활\학연생\Approach_Departure\자료\결과물\Polygon\12.5\안전지대\30\Polygon_30.shp
31,1,23,220.0,"[1,2,4,5,6,10,11,12,13,14,16,18,19,20,22,23,24,28,29,30,32,34,36]",318,C:\Users\c\Desktop\대학생활\학연생\Approach_Departure\자료\결과물\Polygon\12.5\31\Polygon_31.shp,C:\Users\c\Desktop\대학생활\학연생\Approach_Departure\자료\결과물\Polygon\12.5\안전지대\31\Polygon_31.shp
31,2,23,221.0,"[1,2,4,5,6,10,11,12,13,14,16,18,19,20,22,23,24,28,29,30,32,34,36]",318,C:\Users\c\Desktop\대학생활\학연생\Approach_Departure\자료\결과물\Polygon\12.5\31\Polygon_31.shp,C:\Users\c\Desktop\대학생활\학연생\Approach_Departure\자료\결과물\Polygon\12.5\안전지대\31\Polygon_31.shp
31,3,23,222.0,"[1,2,4,5,6,10,11,12,13,14,16,18,19,20,22,23,24,28,29,30,32,34,36]",318,C:\Users\c\Desktop\대학생활\학연생\Approach_Departure\자료\결과물\Polygon\12.5\31\Polygon_31.shp,C:\Users\c\Desktop\대학생활\학연생\Approach_Departure\자료\결과물\Polygon\12.5\안전지대\31\Polygon_31.shp
31,4,23,223.0,"[1,2,4,5,6,10,11,12,13,14,16,18,19,20,22,23,24,28,29,30,32,34,36]",318,C:\Users\c\Desktop\대학생활\학연생\Approach_Departure\자료\결과물\Polygon\12.5\31\Polygon_31.shp,C:\Users\c\Desktop\대학생활\학연생\Approach_Departure\자료\결과물\Polygon\12.5\안전지대\31\Polygon_31.shp
31,5,23,224.0,"[1,2,4,5,6,10,11,12,13,14,16,18,19,20,22,23,24,28,29,30,32,34,36]",318,C:\Users\c\Desktop\대학생활\학연생\Approach_Departure\자료\결과물\Polygon\12.5\31\Polygon_31.shp,C:\Users\c\Desktop\대학생활\학연생\Approach_Departure\자료\결과물\Polygon\12.5\안전지대\31\Polygon_31.shp
31,6,23,225.0,"[1,2,4,5,6,10,11,12,13,14,16,18,19,20,22,23,24,28,29,30,32,34,36]",318,C:\Users\c\Desktop\대학생활\학연생\Approach_Departure\자료\결과물\Polygon\12.5\31\Polygon_31.shp,C:\Users\c\Desktop\대학생활\학연생\Approach_Departure\자료\결과물\Polygon\12.5\안전지대\31\Polygon_31.shp
31,7,23,226.0,"[1,2,4,5,6,10,11,12,13,14,16,18,19,20,22,23,24,28,29,30,32,34,36]",318,C:\Users\c\Desktop\대학생활\학연생\Approach_Departure\자료\결과물\Polygon\12.5\31\Polygon_31.shp,C:\Users\c\Desktop\대학생활\학연생\Approach_Departure\자료\결과물\Polygon\12.5\안전지대\31\Polygon_31.shp
31,8,23,227.0,"[1,2,4,5,6,10,11,12,13,14,16,18,19,20,22,23,24,28,29,30,32,34,36]",318,C:\Users\c\Desktop\대학생활\학연생\Approach_Departure\자료\결과물\Polygon\12.5\31\Polygon_31.shp,C:\Users\c\Desktop\대학생활\학연생\Approach_Departure\자료\결과물\Polygon\12.5\안전지대\31\Polygon_31.shp
31,9,23,228.0,"[1,2,4,5,6,10,11,12,13,14,16,18,19,20,22,23,24,28,29,30,32,34,36]",318,C:\Users\c\Desktop\대학생활\학연생\Approach_Departure\자료\결과물\Polygon\12.5\31\Polygon_31.shp,C:\Users\c\Desktop\대학생활\학연생\Approach_Departure\자료\결과물\Polygon\12.5\안전지대\31\Polygon_31.shp
31,10,23,229.0,"[1,2,4,5,6,10,11,12,13,14,16,18,19,20,22,23,24,28,29,30,32,34,36]",318,C:\Users\c\Desktop\대학생활\학연생\Approach_Departure\자료\결과물\Polygon\12.5\31\Polygon_31.shp,C:\Users\c\Desktop\대학생활\학연생\Approach_Departure\자료\결과물\Polygon\12.5\안전지대\31\Polygon_31.shp
32,1,21,73.0,"[1,2,3,5,6,8,12,13,14,16,18,19,20,21,23,24,26,30,31,34,36]",318,C:\Users\c\Desktop\대학생활\학연생\Approach_Departure\자료\결과물\Polygon\12.5\32\Polygon_32.shp,C:\Users\c\Desktop\대학생활\학연생\Approach_Departure\자료\결과물\Polygon\12.5\안전지대\32\Polygon_32.shp
32,2,21,74.0,"[1,2,3,5,6,8,12,13,14,16,18,19,20,21,23,24,26,30,31,34,36]",318,C:\Users\c\Desktop\대학생활\학연생\Approach_Departure\자료\결과물\Polygon\12.5\32\Polygon_32.shp,C:\Users\c\Desktop\대학생활\학연생\Approach_Departure\자료\결과물\Polygon\12.5\안전지대\32\Polygon_32.shp
32,3,21,75.0,"[1,2,3,5,6,8,12,13,14,16,18,19,20,21,23,24,26,30,31,34,36]",318,C:\Users\c\Desktop\대학생활\학연생\Approach_Departure\자료\결과물\Polygon\12.5\32\Polygon_32.shp,C:\Users\c\Desktop\대학생활\학연생\Approach_Departure\자료\결과물\Polygon\12.5\안전지대\32\Polygon_32.shp
32,4,21,76.0,"[1,2,3,5,6,8,12,13,14,16,18,19,20,21,23,24,26,30,31,34,36]",318,C:\Users\c\Desktop\대학생활\학연생\Approach_Departure\자료\결과물\Polygon\12.5\32\Polygon_32.shp,C:\Users\c\Desktop\대학생활\학연생\Approach_Departure\자료\결과물\Polygon\12.5\안전지대\32\Polygon_32.shp
32,5,21,77.0,"[1,2,3,5,6,8,12,13,14,16,18,19,20,21,23,24,26,30,31,34,36]",318,C:\Users\c\Desktop\대학생활\학연생\Approach_Departure\자료\결과물\Polygon\12.5\32\Polygon_32.shp,C:\Users\c\Desktop\대학생활\학연생\Approach_Departure\자료\결과물\Polygon\12.5\안전지대\32\Polygon_32.shp
32,6,21,78.0,"[1,2,3,5,6,8,12,13,14,16,18,19,20,21,23,24,26,30,31,34,36]",318,C:\Users\c\Desktop\대학생활\학연생\Approach_Departure\자료\결과물\Polygon\12.5\32\Polygon_32.shp,C:\Users\c\Desktop\대학생활\학연생\Approach_Departure\자료\결과물\Polygon\12.5\안전지대\32\Polygon_32.shp
32,7,21,79.0,"[1,2,3,5,6,8,12,13,14,16,18,19,20,21,23,24,26,30,31,34,36]",318,C:\Users\c\Desktop\대학생활\학연생\Approach_Departure\자료\결과물\Polygon\12.5\32\Polygon_32.shp,C:\Users\c\Desktop\대학생활\학연생\Approach_Departure\자료\결과물\Polygon\12.5\안전지대\32\Polygon_32.shp
32,8,23,70.0,"[1,2,3,5,6,7,8,12,13,14,16,18,19,20,21,23,24,25,26,30,31,34,36]",318,C:\Users\c\Desktop\대학생활\학연생\Approach_Departure\자료\결과물\Polygon\12.5\32\Polygon_32.shp,C:\Users\c\Desktop\대학생활\학연생\Approach_Departure\자료\결과물\Polygon\12.5\안전지대\32\Polygon_32.shp
32,9,23,71.0,"[1,2,3,5,6,7,8,12,13,14,16,18,19,20,21,23,24,25,26,30,31,34,36]",318,C:\Users\c\Desktop\대학생활\학연생\Approach_Departure\자료\결과물\Polygon\12.5\32\Polygon_32.shp,C:\Users\c\Desktop\대학생활\학연생\Approach_Departure\자료\결과물\Polygon\12.5\안전지대\32\Polygon_32.shp
32,10,23,72.0,"[1,2,3,5,6,7,8,12,13,14,16,18,19,20,21,23,24,25,26,30,31,34,36]",318,C:\Users\c\Desktop\대학생활\학연생\Approach_Departure\자료\결과물\Polygon\12.5\32\Polygon_32.shp,C:\Users\c\Desktop\대학생활\학연생\Approach_Departure\자료\결과물\Polygon\12.5\안전지대\32\Polygon_32.shp
33,1,5,0.0,"[7,15,17,25,35]",178,C:\Users\c\Desktop\대학생활\학연생\Approach_Departure\자료\결과물\Polygon\12.5\33\Polygon_33.shp,C:\Users\c\Desktop\대학생활\학연생\Approach_Departure\자료\결과물\Polygon\12.5\안전지대\33\Polygon_33.shp
33,2,5,1.0,"[7,15,17,25,35]",178,C:\Users\c\Desktop\대학생활\학연생\Approach_Departure\자료\결과물\Polygon\12.5\33\Polygon_33.shp,C:\Users\c\Desktop\대학생활\학연생\Approach_Departure\자료\결과물\Polygon\12.5\안전지대\33\Polygon_33.shp
33,3,5,2.0,"[7,15,17,25,35]",178,C:\Users\c\Desktop\대학생활\학연생\Approach_Departure\자료\결과물\Polygon\12.5\33\Polygon_33.shp,C:\Users\c\Desktop\대학생활\학연생\Approach_Departure\자료\결과물\Polygon\12.5\안전지대\33\Polygon_33.shp
33,4,5,75.0,"[7,15,17,25,35]",178,C:\Users\c\Desktop\대학생활\학연생\Approach_Departure\자료\결과물\Polygon\12.5\33\Polygon_33.shp,C:\Users\c\Desktop\대학생활\학연생\Approach_Departure\자료\결과물\Polygon\12.5\안전지대\33\Polygon_33.shp
33,5,5,76.0,"[7,15,17,25,35]",178,C:\Users\c\Desktop\대학생활\학연생\Approach_Departure\자료\결과물\Polygon\12.5\33\Polygon_33.shp,C:\Users\c\Desktop\대학생활\학연생\Approach_Departure\자료\결과물\Polygon\12.5\안전지대\33\Polygon_33.shp
33,6,5,77.0,"[7,15,17,25,35]",178,C:\Users\c\Desktop\대학생활\학연생\Approach_Departure\자료\결과물\Polygon\12.5\33\Polygon_33.shp,C:\Users\c\Desktop\대학생활\학연생\Approach_Departure\자료\결과물\Polygon\12.5\안전지대\33\Polygon_33.shp
33,7,5,78.0,"[7,15,17,25,35]",178,C:\Users\c\Desktop\대학생활\학연생\Approach_Departure\자료\결과물\Polygon\12.5\33\Polygon_33.shp,C:\Users\c\Desktop\대학생활\학연생\Approach_Departure\자료\결과물\Polygon\12.5\안전지대\33\Polygon_33.shp
33,8,5,79.0,"[7,15,17,25,35]",178,C:\Users\c\Desktop\대학생활\학연생\Approach_Departure\자료\결과물\Polygon\12.5\33\Polygon_33.shp,C:\Users\c\Desktop\대학생활\학연생\Approach_Departure\자료\결과물\Polygon\12.5\안전지대\33\Polygon_33.shp
33,9,5,80.0,"[7,15,17,25,35]",178,C:\Users\c\Desktop\대학생활\학연생\Approach_Departure\자료\결과물\Polygon\12.5\33\Polygon_33.shp,C:\Users\c\Desktop\대학생활\학연생\Approach_Departure\자료\결과물\Polygon\12.5\안전지대\33\Polygon_33.shp
33,10,5,81.0,"[7,15,17,25,35]",178,C:\Users\c\Desktop\대학생활\학연생\Approach_Departure\자료\결과물\Polygon\12.5\33\Polygon_33.shp,C:\Users\c\Desktop\대학생활\학연생\Approach_Departure\자료\결과물\Polygon\12.5\안전지대\33\Polygon_33.shp
33,11,5,82.0,"[7,15,17,25,35]",178,C:\Users\c\Desktop\대학생활\학연생\Approach_Departure\자료\결과물\Polygon\12.5\33\Polygon_33.shp,C:\Users\c\Desktop\대학생활\학연생\Approach_Departure\자료\결과물\Polygon\12.5\안전지대\33\Polygon_33.shp
33,12,5,83.0,"[7,15,17,25,35]",178,C:\Users\c\Desktop\대학생활\학연생\Approach_Departure\자료\결과물\Polygon\12.5\33\Polygon_33.shp,C:\Users\c\Desktop\대학생활\학연생\Approach_Departure\자료\결과물\Polygon\12.5\안전지대\33\Polygon_33.shp
33,13,5,84.0,"[7,15,17,25,35]",178,C:\Users\c\Desktop\대학생활\학연생\Approach_Departure\자료\결과물\Polygon\12.5\33\Polygon_33.shp,C:\Users\c\Desktop\대학생활\학연생\Approach_Departure\자료\결과물\Polygon\12.5\안전지대\33\Polygon_33.shp
33,14,5,85.0,"[7,15,17,25,35]",178,C:\Users\c\Desktop\대학생활\학연생\Approach_Departure\자료\결과물\Polygon\12.5\33\Polygon_33.shp,C:\Users\c\Desktop\대학생활\학연생\Approach_Departure\자료\결과물\Polygon\12.5\안전지대\33\Polygon_33.shp
33,15,5,86.0,"[7,15,17,25,35]",178,C:\Users\c\Desktop\대학생활\학연생\Approach_Departure\자료\결과물\Polygon\12.5\33\Polygon_33.shp,C:\Users\c\Desktop\대학생활\학연생\Approach_Departure\자료\결과물\Polygon\12.5\안전지대\33\Polygon_33.shp
33,16,5,87.0,"[7,15,17,25,35]",178,C:\Users\c\Desktop\대학생활\학연생\Approach_Departure\자료\결과물\Polygon\12.5\33\Polygon_33.shp,C:\Users\c\Desktop\대학생활\학연생\Approach_Departure\자료\결과물\Polygon\12.5\안전지대\33\Polygon_33.shp
33,17,5,88.0,"[7,15,17,25,35]",178,C:\Users\c\Desktop\대학생활\학연생\Approach_Departure\자료\결과물\Polygon\12.5\33\Polygon_33.shp,C:\Users\c\Desktop\대학생활\학연생\Approach_Departure\자료\결과물\Polygon\12.5\안전지대\33\Polygon_33.shp
33,18,5,89.0,"[7,15,17,25,35]",178,C:\Users\c\Desktop\대학생활\학연생\Approach_Departure\자료\결과물\Polygon\12.5\33\Polygon_33.shp,C:\Users\c\Desktop\대학생활\학연생\Approach_Departure\자료\결과물\Polygon\12.5\안전지대\33\Polygon_33.shp
33,19,5,90.0,"[7,15,17,25,35]",178,C:\Users\c\Desktop\대학생활\학연생\Approach_Departure\자료\결과물\Polygon\12.5\33\Polygon_33.shp,C:\Users\c\Desktop\대학생활\학연생\Approach_Departure\자료\결과물\Polygon\12.5\안전지대\33\Polygon_33.shp
33,20,5,91.0,"[7,15,17,25,35]",178,C:\Users\c\Desktop\대학생활\학연생\Approach_Departure\자료\결과물\Polygon\12.5\33\Polygon_33.shp,C:\Users\c\Desktop\대학생활\학연생\Approach_Departure\자료\결과물\Polygon\12.5\안전지대\33\Polygon_33.shp
33,21,5,92.0,"[7,15,17,25,35]",178,C:\Users\c\Desktop\대학생활\학연생\Approach_Departure\자료\결과물\Polygon\12.5\33\Polygon_33.shp,C:\Users\c\Desktop\대학생활\학연생\Approach_Departure\자료\결과물\Polygon\12.5\안전지대\33\Polygon_33.shp
33,22,5,93.0,"[7,15,17,25,35]",178,C:\Users\c\Desktop\대학생활\학연생\Approach_Departure\자료\결과물\Polygon\12.5\33\Polygon_33.shp,C:\Users\c\Desktop\대학생활\학연생\Approach_Departure\자료\결과물\Polygon\12.5\안전지대\33\Polygon_33.shp
33,23,5,94.0,"[7,15,17,25,35]",178,C:\Users\c\Desktop\대학생활\학연생\Approach_Departure\자료\결과물\Polygon\12.5\33\Polygon_33.shp,C:\Users\c\Desktop\대학생활\학연생\Approach_Departure\자료\결과물\Polygon\12.5\안전지대\33\Polygon_33.shp
33,24,5,95.0,"[7,15,17,25,35]",178,C:\Users\c\Desktop\대학생활\학연생\Approach_Departure\자료\결과물\Polygon\12.5\33\Polygon_33.shp,C:\Users\c\Desktop\대학생활\학연생\Approach_Departure\자료\결과물\Polygon\12.5\안전지대\33\Polygon_33.shp
33,25,5,96.0,"[7,15,17,25,35]",178,C:\Users\c\Desktop\대학생활\학연생\Approach_Departure\자료\결과물\Polygon\12.5\33\Polygon_33.shp,C:\Users\c\Desktop\대학생활\학연생\Approach_Departure\자료\결과물\Polygon\12.5\안전지대\33\Polygon_33.shp
33,26,5,97.0,"[7,15,17,25,35]",178,C:\Users\c\Desktop\대학생활\학연생\Approach_Departure\자료\결과물\Polygon\12.5\33\Polygon_33.shp,C:\Users\c\Desktop\대학생활\학연생\Approach_Departure\자료\결과물\Polygon\12.5\안전지대\33\Polygon_33.shp
33,27,5,98.0,"[7,15,17,25,35]",178,C:\Users\c\Desktop\대학생활\학연생\Approach_Departure\자료\결과물\Polygon\12.5\33\Polygon_33.shp,C:\Users\c\Desktop\대학생활\학연생\Approach_Departure\자료\결과물\Polygon\12.5\안전지대\33\Polygon_33.shp
33,28,5,99.0,"[7,15,17,25,35]",178,C:\Users\c\Desktop\대학생활\학연생\Approach_Departure\자료\결과물\Polygon\12.5\33\Polygon_33.shp,C:\Users\c\Desktop\대학생활\학연생\Approach_Departure\자료\결과물\Polygon\12.5\안전지대\33\Polygon_33.shp
33,29,5,100.0,"[7,15,17,25,35]",178,C:\Users\c\Desktop\대학생활\학연생\Approach_Departure\자료\결과물\Polygon\12.5\33\Polygon_33.shp,C:\Users\c\Desktop\대학생활\학연생\Approach_Departure\자료\결과물\Polygon\12.5\안전지대\33\Polygon_33.shp
33,30,5,101.0,"[7,15,17,25,35]",178,C:\Users\c\Desktop\대학생활\학연생\Approach_Departure\자료\결과물\Polygon\12.5\33\Polygon_33.shp,C:\Users\c\Desktop\대학생활\학연생\Approach_Departure\자료\결과물\Polygon\12.5\안전지대\33\Polygon_33.shp
33,31,5,102.0,"[7,15,17,25,35]",178,C:\Users\c\Desktop\대학생활\학연생\Approach_Departure\자료\결과물\Polygon\12.5\33\Polygon_33.shp,C:\Users\c\Desktop\대학생활\학연생\Approach_Departure\자료\결과물\Polygon\12.5\안전지대\33\Polygon_33.shp
33,32,5,103.0,"[7,15,17,25,35]",178,C:\Users\c\Desktop\대학생활\학연생\Approach_Departure\자료\결과물\Polygon\12.5\33\Polygon_33.shp,C:\Users\c\Desktop\대학생활\학연생\Approach_Departure\자료\결과물\Polygon\12.5\안전지대\33\Polygon_33.shp
33,33,5,104.0,"[7,15,17,25,35]",178,C:\Users\c\Desktop\대학생활\학연생\Approach_Departure\자료\결과물\Polygon\12.5\33\Polygon_33.shp,C:\Users\c\Desktop\대학생활\학연생\Approach_Departure\자료\결과물\Polygon\12.5\안전지대\33\Polygon_33.shp
33,34,5,105.0,"[7,15,17,25,35]",178,C:\Users\c\Desktop\대학생활\학연생\Approach_Departure\자료\결과물\Polygon\12.5\33\Polygon_33.shp,C:\Users\c\Desktop\대학생활\학연생\Approach_Departure\자료\결과물\Polygon\12.5\안전지대\33\Polygon_33.shp
33,35,5,106.0,"[7,15,17,25,35]",178,C:\Users\c\Desktop\대학생활\학연생\Approach_Departure\자료\결과물\Polygon\12.5\33\Polygon_33.shp,C:\Users\c\Desktop\대학생활\학연생\Approach_Departure\자료\결과물\Polygon\12.5\안전지대\33\Polygon_33.shp
33,36,5,107.0,"[7,15,17,25,35]",178,C:\Users\c\Desktop\대학생활\학연생\Approach_Departure\자료\결과물\Polygon\12.5\33\Polygon_33.shp,C:\Users\c\Desktop\대학생활\학연생\Approach_Departure\자료\결과물\Polygon\12.5\안전지대\33\Polygon_33.shp
33,37,5,108.0,"[7,15,17,25,35]",178,C:\Users\c\Desktop\대학생활\학연생\Approach_Departure\자료\결과물\Polygon\12.5\33\Polygon_33.shp,C:\Users\c\Desktop\대학생활\학연생\Approach_Departure\자료\결과물\Polygon\12.5\안전지대\33\Polygon_33.shp
33,38,5,290.0,"[7,15,17,25,35]",178,C:\Users\c\Desktop\대학생활\학연생\Approach_Departure\자료\결과물\Polygon\12.5\33\Polygon_33.shp,C:\Users\c\Desktop\대학생활\학연생\Approach_Departure\자료\결과물\Polygon\12.5\안전지대\33\Polygon_33.shp
33,39,5,291.0,"[7,15,17,25,35]",178,C:\Users\c\Desktop\대학생활\학연생\Approach_Departure\자료\결과물\Polygon\12.5\33\Polygon_33.shp,C:\Users\c\Desktop\대학생활\학연생\Approach_Departure\자료\결과물\Polygon\12.5\안전지대\33\Polygon_33.shp
33,40,5,292.0,"[7,15,17,25,35]",178,C:\Users\c\Desktop\대학생활\학연생\Approach_Departure\자료\결과물\Polygon\12.5\33\Polygon_33.shp,C:\Users\c\Desktop\대학생활\학연생\Approach_Departure\자료\결과물\Polygon\12.5\안전지대\33\Polygon_33.shp
33,41,5,293.0,"[7,15,17,25,35]",178,C:\Users\c\Desktop\대학생활\학연생\Approach_Departure\자료\결과물\Polygon\12.5\33\Polygon_33.shp,C:\Users\c\Desktop\대학생활\학연생\Approach_Departure\자료\결과물\Polygon\12.5\안전지대\33\Polygon_33.shp
33,42,5,294.0,"[7,15,17,25,35]",178,C:\Users\c\Desktop\대학생활\학연생\Approach_Departure\자료\결과물\Polygon\12.5\33\Polygon_33.shp,C:\Users\c\Desktop\대학생활\학연생\Approach_Departure\자료\결과물\Polygon\12.5\안전지대\33\Polygon_33.shp
33,43,5,295.0,"[7,15,17,25,35]",178,C:\Users\c\Desktop\대학생활\학연생\Approach_Departure\자료\결과물\Polygon\12.5\33\Polygon_33.shp,C:\Users\c\Desktop\대학생활\학연생\Approach_Departure\자료\결과물\Polygon\12.5\안전지대\33\Polygon_33.shp
33,44,5,296.0,"[7,15,17,25,35]",178,C:\Users\c\Desktop\대학생활\학연생\Approach_Departure\자료\결과물\Polygon\12.5\33\Polygon_33.shp,C:\Users\c\Desktop\대학생활\학연생\Approach_Departure\자료\결과물\Polygon\12.5\안전지대\33\Polygon_33.shp
33,45,5,297.0,"[7,15,17,25,35]",178,C:\Users\c\Desktop\대학생활\학연생\Approach_Departure\자료\결과물\Polygon\12.5\33\Polygon_33.shp,C:\Users\c\Desktop\대학생활\학연생\Approach_Departure\자료\결과물\Polygon\12.5\안전지대\33\Polygon_33.shp
33,46,5,298.0,"[7,15,17,25,35]",178,C:\Users\c\Desktop\대학생활\학연생\Approach_Departure\자료\결과물\Polygon\12.5\33\Polygon_33.shp,C:\Users\c\Desktop\대학생활\학연생\Approach_Departure\자료\결과물\Polygon\12.5\안전지대\33\Polygon_33.shp
33,47,5,299.0,"[7,15,17,25,35]",178,C:\Users\c\Desktop\대학생활\학연생\Approach_Departure\자료\결과물\Polygon\12.5\33\Polygon_33.shp,C:\Users\c\Desktop\대학생활\학연생\Approach_Departure\자료\결과물\Polygon\12.5\안전지대\33\Polygon_33.shp
33,48,5,300.0,"[7,15,17,25,35]",178,C:\Users\c\Desktop\대학생활\학연생\Approach_Departure\자료\결과물\Polygon\12.5\33\Polygon_33.shp,C:\Users\c\Desktop\대학생활\학연생\Approach_Departure\자료\결과물\Polygon\12.5\안전지대\33\Polygon_33.shp
33,49,5,301.0,"[7,15,17,25,35]",178,C:\Users\c\Desktop\대학생활\학연생\Approach_Departure\자료\결과물\Polygon\12.5\33\Polygon_33.shp,C:\Users\c\Desktop\대학생활\학연생\Approach_Departure\자료\결과물\Polygon\12.5\안전지대\33\Polygon_33.shp
33,50,5,302.0,"[7,15,17,25,35]",178,C:\Users\c\Desktop\대학생활\학연생\Approach_Departure\자료\결과물\Polygon\12.5\33\Polygon_33.shp,C:\Users\c\Desktop\대학생활\학연생\Approach_Departure\자료\결과물\Polygon\12.5\안전지대\33\Polygon_33.shp
33,51,5,303.0,"[7,15,17,25,35]",178,C:\Users\c\Desktop\대학생활\학연생\Approach_Departure\자료\결과물\Polygon\12.5\33\Polygon_33.shp,C:\Users\c\Desktop\대학생활\학연생\Approach_Departure\자료\결과물\Polygon\12.5\안전지대\33\Polygon_33.shp
33,52,5,304.0,"[7,15,17,25,35]",178,C:\Users\c\Desktop\대학생활\학연생\Approach_Departure\자료\결과물\Polygon\12.5\33\Polygon_33.shp,C:\Users\c\Desktop\대학생활\학연생\Approach_Departure\자료\결과물\Polygon\12.5\안전지대\33\Polygon_33.shp
33,53,5,305.0,"[7,15,17,25,35]",178,C:\Users\c\Desktop\대학생활\학연생\Approach_Departure\자료\결과물\Polygon\12.5\33\Polygon_33.shp,C:\Users\c\Desktop\대학생활\학연생\Approach_Departure\자료\결과물\Polygon\12.5\안전지대\33\Polygon_33.shp
33,54,5,306.0,"[7,15,17,25,35]",178,C:\Users\c\Desktop\대학생활\학연생\Approach_Departure\자료\결과물\Polygon\12.5\33\Polygon_33.shp,C:\Users\c\Desktop\대학생활\학연생\Approach_Departure\자료\결과물\Polygon\12.5\안전지대\33\Polygon_33.shp
33,55,5,307.0,"[7,15,17,25,35]",178,C:\Users\c\Desktop\대학생활\학연생\Approach_Departure\자료\결과물\Polygon\12.5\33\Polygon_33.shp,C:\Users\c\Desktop\대학생활\학연생\Approach_Departure\자료\결과물\Polygon\12.5\안전지대\33\Polygon_33.shp
33,56,5,308.0,"[7,15,17,25,35]",178,C:\Users\c\Desktop\대학생활\학연생\Approach_Departure\자료\결과물\Polygon\12.5\33\Polygon_33.shp,C:\Users\c\Desktop\대학생활\학연생\Approach_Departure\자료\결과물\Polygon\12.5\안전지대\33\Polygon_33.shp
33,57,5,309.0,"[7,15,17,25,35]",178,C:\Users\c\Desktop\대학생활\학연생\Approach_Departure\자료\결과물\Polygon\12.5\33\Polygon_33.shp,C:\Users\c\Desktop\대학생활\학연생\Approach_Departure\자료\결과물\Polygon\12.5\안전지대\33\Polygon_33.shp
33,58,5,310.0,"[7,15,17,25,35]",178,C:\Users\c\Desktop\대학생활\학연생\Approach_Departure\자료\결과물\Polygon\12.5\33\Polygon_33.shp,C:\Users\c\Desktop\대학생활\학연생\Approach_Departure\자료\결과물\Polygon\12.5\안전지대\33\Polygon_33.shp
33,59,5,311.0,"[7,15,17,25,35]",178,C:\Users\c\Desktop\대학생활\학연생\Approach_Departure\자료\결과물\Polygon\12.5\33\Polygon_33.shp,C:\Users\c\Desktop\대학생활\학연생\Approach_Departure\자료\결과물\Polygon\12.5\안전지대\33\Polygon_33.shp
33,60,5,312.0,"[7,15,17,25,35]",178,C:\Users\c\Desktop\대학생활\학연생\Approach_Departure\자료\결과물\Polygon\12.5\33\Polygon_33.shp,C:\Users\c\Desktop\대학생활\학연생\Approach_Departure\자료\결과물\Polygon\12.5\안전지대\33\Polygon_33.shp
33,61,5,313.0,"[7,15,17,25,35]",178,C:\Users\c\Desktop\대학생활\학연생\Approach_Departure\자료\결과물\Polygon\12.5\33\Polygon_33.shp,C:\Users\c\Desktop\대학생활\학연생\Approach_Departure\자료\결과물\Polygon\12.5\안전지대\33\Polygon_33.shp
33,62,5,314.0,"[7,15,17,25,35]",178,C:\Users\c\Desktop\대학생활\학연생\Approach_Departure\자료\결과물\Polygon\12.5\33\Polygon_33.shp,C:\Users\c\Desktop\대학생활\학연생\Approach_Departure\자료\결과물\Polygon\12.5\안전지대\33\Polygon_33.shp
33,63,5,315.0,"[7,15,17,25,35]",178,C:\Users\c\Desktop\대학생활\학연생\Approach_Departure\자료\결과물\Polygon\12.5\33\Polygon_33.shp,C:\Users\c\Desktop\대학생활\학연생\Approach_Departure\자료\결과물\Polygon\12.5\안전지대\33\Polygon_33.shp
33,64,5,316.0,"[7,15,17,25,35]",178,C:\Users\c\Desktop\대학생활\학연생\Approach_Departure\자료\결과물\Polygon\12.5\33\Polygon_33.shp,C:\Users\c\Desktop\대학생활\학연생\Approach_Departure\자료\결과물\Polygon\12.5\안전지대\33\Polygon_33.shp
33,65,5,317.0,"[7,15,17,25,35]",178,C:\Users\c\Desktop\대학생활\학연생\Approach_Departure\자료\결과물\Polygon\12.5\33\Polygon_33.shp,C:\Users\c\Desktop\대학생활\학연생\Approach_Departure\자료\결과물\Polygon\12.5\안전지대\33\Polygon_33.shp
33,66,5,318.0,"[7,15,17,25,35]",178,C:\Users\c\Desktop\대학생활\학연생\Approach_Departure\자료\결과물\Polygon\12.5\33\Polygon_33.shp,C:\Users\c\Desktop\대학생활\학연생\Approach_Departure\자료\결과물\Polygon\12.5\안전지대\33\Polygon_33.shp
33,67,5,319.0,"[7,15,17,25,35]",178,C:\Users\c\Desktop\대학생활\학연생\Approach_Departure\자료\결과물\Polygon\12.5\33\Polygon_33.shp,C:\Users\c\Desktop\대학생활\학연생\Approach_Departure\자료\결과물\Polygon\12.5\안전지대\33\Polygon_33.shp
33,68,5,320.0,"[7,15,17,25,35]",178,C:\Users\c\Desktop\대학생활\학연생\Approach_Departure\자료\결과물\Polygon\12.5\33\Polygon_33.shp,C:\Users\c\Desktop\대학생활\학연생\Approach_Departure\자료\결과물\Polygon\12.5\안전지대\33\Polygon_33.shp
33,69,5,321.0,"[7,15,17,25,35]",178,C:\Users\c\Desktop\대학생활\학연생\Approach_Departure\자료\결과물\Polygon\12.5\33\Polygon_33.shp,C:\Users\c\Desktop\대학생활\학연생\Approach_Departure\자료\결과물\Polygon\12.5\안전지대\33\Polygon_33.shp
33,70,5,322.0,"[7,15,17,25,35]",178,C:\Users\c\Desktop\대학생활\학연생\Approach_Departure\자료\결과물\Polygon\12.5\33\Polygon_33.shp,C:\Users\c\Desktop\대학생활\학연생\Approach_Departure\자료\결과물\Polygon\12.5\안전지대\33\Polygon_33.shp
33,71,5,323.0,"[7,15,17,25,35]",178,C:\Users\c\Desktop\대학생활\학연생\Approach_Departure\자료\결과물\Polygon\12.5\33\Polygon_33.shp,C:\Users\c\Desktop\대학생활\학연생\Approach_Departure\자료\결과물\Polygon\12.5\안전지대\33\Polygon_33.shp
33,72,5,324.0,"[7,15,17,25,35]",178,C:\Users\c\Desktop\대학생활\학연생\Approach_Departure\자료\결과물\Polygon\12.5\33\Polygon_33.shp,C:\Users\c\Desktop\대학생활\학연생\Approach_Departure\자료\결과물\Polygon\12.5\안전지대\33\Polygon_33.shp
33,73,5,325.0,"[7,15,17,25,35]",178,C:\Users\c\Desktop\대학생활\학연생\Approach_Departure\자료\결과물\Polygon\12.5\33\Polygon_33.shp,C:\Users\c\Desktop\대학생활\학연생\Approach_Departure\자료\결과물\Polygon\12.5\안전지대\33\Polygon_33.shp
33,74,5,326.0,"[7,15,17,25,35]",178,C:\Users\c\Desktop\대학생활\학연생\Approach_Departure\자료\결과물\Polygon\12.5\33\Polygon_33.shp,C:\Users\c\Desktop\대학생활\학연생\Approach_Departure\자료\결과물\Polygon\12.5\안전지대\33\Polygon_33.shp
33,75,5,327.0,"[7,15,17,25,35]",178,C:\Users\c\Desktop\대학생활\학연생\Approach_Departure\자료\결과물\Polygon\12.5\33\Polygon_33.shp,C:\Users\c\Desktop\대학생활\학연생\Approach_Departure\자료\결과물\Polygon\12.5\안전지대\33\Polygon_33.shp
33,76,5,328.0,"[7,15,17,25,35]",178,C:\Users\c\Desktop\대학생활\학연생\Approach_Departure\자료\결과물\Polygon\12.5\33\Polygon_33.shp,C:\Users\c\Desktop\대학생활\학연생\Approach_Departure\자료\결과물\Polygon\12.5\안전지대\33\Polygon_33.shp
33,77,5,329.0,"[7,15,17,25,35]",178,C:\Users\c\Desktop\대학생활\학연생\Approach_Departure\자료\결과물\Polygon\12.5\33\Polygon_33.shp,C:\Users\c\Desktop\대학생활\학연생\Approach_Departure\자료\결과물\Polygon\12.5\안전지대\33\Polygon_33.shp
33,78,5,330.0,"[7,15,17,25,35]",178,C:\Users\c\Desktop\대학생활\학연생\Approach_Departure\자료\결과물\Polygon\12.5\33\Polygon_33.shp,C:\Users\c\Desktop\대학생활\학연생\Approach_Departure\자료\결과물\Polygon\12.5\안전지대\33\Polygon_33.shp
33,79,5,331.0,"[7,15,17,25,35]",178,C:\Users\c\Desktop\대학생활\학연생\Approach_Departure\자료\결과물\Polygon\12.5\33\Polygon_33.shp,C:\Users\c\Desktop\대학생활\학연생\Approach_Departure\자료\결과물\Polygon\12.5\안전지대\33\Polygon_33.shp
33,80,5,332.0,"[7,15,17,25,35]",178,C:\Users\c\Desktop\대학생활\학연생\Approach_Departure\자료\결과물\Polygon\12.5\33\Polygon_33.shp,C:\Users\c\Desktop\대학생활\학연생\Approach_Departure\자료\결과물\Polygon\12.5\안전지대\33\Polygon_33.shp
33,81,5,333.0,"[7,15,17,25,35]",178,C:\Users\c\Desktop\대학생활\학연생\Approach_Departure\자료\결과물\Polygon\12.5\33\Polygon_33.shp,C:\Users\c\Desktop\대학생활\학연생\Approach_Departure\자료\결과물\Polygon\12.5\안전지대\33\Polygon_33.shp
33,82,5,334.0,"[7,15,17,25,35]",178,C:\Users\c\Desktop\대학생활\학연생\Approach_Departure\자료\결과물\Polygon\12.5\33\Polygon_33.shp,C:\Users\c\Desktop\대학생활\학연생\Approach_Departure\자료\결과물\Polygon\12.5\안전지대\33\Polygon_33.shp
33,83,5,335.0,"[7,15,17,25,35]",178,C:\Users\c\Desktop\대학생활\학연생\Approach_Departure\자료\결과물\Polygon\12.5\33\Polygon_33.shp,C:\Users\c\Desktop\대학생활\학연생\Approach_Departure\자료\결과물\Polygon\12.5\안전지대\33\Polygon_33.shp
33,84,5,336.0,"[7,15,17,25,35]",178,C:\Users\c\Desktop\대학생활\학연생\Approach_Departure\자료\결과물\Polygon\12.5\33\Polygon_33.shp,C:\Users\c\Desktop\대학생활\학연생\Approach_Departure\자료\결과물\Polygon\12.5\안전지대\33\Polygon_33.shp
33,85,5,337.0,"[7,15,17,25,35]",178,C:\Users\c\Desktop\대학생활\학연생\Approach_Departure\자료\결과물\Polygon\12.5\33\Polygon_33.shp,C:\Users\c\Desktop\대학생활\학연생\Approach_Departure\자료\결과물\Polygon\12.5\안전지대\33\Polygon_33.shp
33,86,5,338.0,"[7,15,17,25,35]",178,C:\Users\c\Desktop\대학생활\학연생\Approach_Departure\자료\결과물\Polygon\12.5\33\Polygon_33.shp,C:\Users\c\Desktop\대학생활\학연생\Approach_Departure\자료\결과물\Polygon\12.5\안전지대\33\Polygon_33.shp
33,87,5,339.0,"[7,15,17,25,35]",178,C:\Users\c\Desktop\대학생활\학연생\Approach_Departure\자료\결과물\Polygon\12.5\33\Polygon_33.shp,C:\Users\c\Desktop\대학생활\학연생\Approach_Departure\자료\결과물\Polygon\12.5\안전지대\33\Polygon_33.shp
33,88,5,340.0,"[7,15,17,25,35]",178,C:\Users\c\Desktop\대학생활\학연생\Approach_Departure\자료\결과물\Polygon\12.5\33\Polygon_33.shp,C:\Users\c\Desktop\대학생활\학연생\Approach_Departure\자료\결과물\Polygon\12.5\안전지대\33\Polygon_33.shp
33,89,5,341.0,"[7,15,17,25,35]",178,C:\Users\c\Desktop\대학생활\학연생\Approach_Departure\자료\결과물\Polygon\12.5\33\Polygon_33.shp,C:\Users\c\Desktop\대학생활\학연생\Approach_Departure\자료\결과물\Polygon\12.5\안전지대\33\Polygon_33.shp
33,90,5,342.0,"[7,15,17,25,35]",178,C:\Users\c\Desktop\대학생활\학연생\Approach_Departure\자료\결과물\Polygon\12.5\33\Polygon_33.shp,C:\Users\c\Desktop\대학생활\학연생\Approach_Departure\자료\결과물\Polygon\12.5\안전지대\33\Polygon_33.shp
33,91,5,343.0,"[7,15,17,25,35]",178,C:\Users\c\Desktop\대학생활\학연생\Approach_Departure\자료\결과물\Polygon\12.5\33\Polygon_33.shp,C:\Users\c\Desktop\대학생활\학연생\Approach_Departure\자료\결과물\Polygon\12.5\안전지대\33\Polygon_33.shp
33,92,5,344.0,"[7,15,17,25,35]",178,C:\Users\c\Desktop\대학생활\학연생\Approach_Departure\자료\결과물\Polygon\12.5\33\Polygon_33.shp,C:\Users\c\Desktop\대학생활\학연생\Approach_Departure\자료\결과물\Polygon\12.5\안전지대\33\Polygon_33.shp
33,93,5,345.0,"[7,15,17,25,35]",178,C:\Users\c\Desktop\대학생활\학연생\Approach_Departure\자료\결과물\Polygon\12.5\33\Polygon_33.shp,C:\Users\c\Desktop\대학생활\학연생\Approach_Departure\자료\결과물\Polygon\12.5\안전지대\33\Polygon_33.shp
33,94,5,346.0,"[7,15,17,25,35]",178,C:\Users\c\Desktop\대학생활\학연생\Approach_Departure\자료\결과물\Polygon\12.5\33\Polygon_33.shp,C:\Users\c\Desktop\대학생활\학연생\Approach_Departure\자료\결과물\Polygon\12.5\안전지대\33\Polygon_33.shp
33,95,5,347.0,"[7,15,17,25,35]",178,C:\Users\c\Desktop\대학생활\학연생\Approach_Departure\자료\결과물\Polygon\12.5\33\Polygon_33.shp,C:\Users\c\Desktop\대학생활\학연생\Approach_Departure\자료\결과물\Polygon\12.5\안전지대\33\Polygon_33.shp
33,96,5,348.0,"[7,15,17,25,35]",178,C:\Users\c\Desktop\대학생활\학연생\Approach_Departure\자료\결과물\Polygon\12.5\33\Polygon_33.shp,C:\Users\c\Desktop\대학생활\학연생\Approach_Departure\자료\결과물\Polygon\12.5\안전지대\33\Polygon_33.shp
33,97,5,349.0,"[7,15,17,25,35]",178,C:\Users\c\Desktop\대학생활\학연생\Approach_Departure\자료\결과물\Polygon\12.5\33\Polygon_33.shp,C:\Users\c\Desktop\대학생활\학연생\Approach_Departure\자료\결과물\Polygon\12.5\안전지대\33\Polygon_33.shp
33,98,5,350.0,"[7,15,17,25,35]",178,C:\Users\c\Desktop\대학생활\학연생\Approach_Departure\자료\결과물\Polygon\12.5\33\Polygon_33.shp,C:\Users\c\Desktop\대학생활\학연생\Approach_Departure\자료\결과물\Polygon\12.5\안전지대\33\Polygon_33.shp
33,99,5,351.0,"[7,15,17,25,35]",178,C:\Users\c\Desktop\대학생활\학연생\Approach_Departure\자료\결과물\Polygon\12.5\33\Polygon_33.shp,C:\Users\c\Desktop\대학생활\학연생\Approach_Departure\자료\결과물\Polygon\12.5\안전지대\33\Polygon_33.shp
33,100,5,352.0,"[7,15,17,25,35]",178,C:\Users\c\Desktop\대학생활\학연생\Approach_Departure\자료\결과물\Polygon\12.5\33\Polygon_33.shp,C:\Users\c\Desktop\대학생활\학연생\Approach_Departure\자료\결과물\Polygon\12.5\안전지대\33\Polygon_33.shp
33,101,5,353.0,"[7,15,17,25,35]",178,C:\Users\c\Desktop\대학생활\학연생\Approach_Departure\자료\결과물\Polygon\12.5\33\Polygon_33.shp,C:\Users\c\Desktop\대학생활\학연생\Approach_Departure\자료\결과물\Polygon\12.5\안전지대\33\Polygon_33.shp
33,102,5,354.0,"[7,15,17,25,35]",178,C:\Users\c\Desktop\대학생활\학연생\Approach_Departure\자료\결과물\Polygon\12.5\33\Polygon_33.shp,C:\Users\c\Desktop\대학생활\학연생\Approach_Departure\자료\결과물\Polygon\12.5\안전지대\33\Polygon_33.shp
33,103,5,355.0,"[7,15,17,25,35]",178,C:\Users\c\Desktop\대학생활\학연생\Approach_Departure\자료\결과물\Polygon\12.5\33\Polygon_33.shp,C:\Users\c\Desktop\대학생활\학연생\Approach_Departure\자료\결과물\Polygon\12.5\안전지대\33\Polygon_33.shp
33,104,5,356.0,"[7,15,17,25,35]",178,C:\Users\c\Desktop\대학생활\학연생\Approach_Departure\자료\결과물\Polygon\12.5\33\Polygon_33.shp,C:\Users\c\Desktop\대학생활\학연생\Approach_Departure\자료\결과물\Polygon\12.5\안전지대\33\Polygon_33.shp
33,105,5,357.0,"[7,15,17,25,35]",178,C:\Users\c\Desktop\대학생활\학연생\Approach_Departure\자료\결과물\Polygon\12.5\33\Polygon_33.shp,C:\Users\c\Desktop\대학생활\학연생\Approach_Departure\자료\결과물\Polygon\12.5\안전지대\33\Polygon_33.shp
33,106,5,358.0,"[7,15,17,25,35]",178,C:\Users\c\Desktop\대학생활\학연생\Approach_Departure\자료\결과물\Polygon\12.5\33\Polygon_33.shp,C:\Users\c\Desktop\대학생활\학연생\Approach_Departure\자료\결과물\Polygon\12.5\안전지대\33\Polygon_33.shp
33,107,5,359.0,"[7,15,17,25,35]",178,C:\Users\c\Desktop\대학생활\학연생\Approach_Departure\자료\결과물\Polygon\12.5\33\Polygon_33.shp,C:\Users\c\Desktop\대학생활\학연생\Approach_Departure\자료\결과물\Polygon\12.5\안전지대\33\Polygon_33.shp
34,1,23,214.0,"[1,2,4,5,6,10,11,12,13,14,16,18,19,20,22,23,24,28,29,30,31,32,36]",318,C:\Users\c\Desktop\대학생활\학연생\Approach_Departure\자료\결과물\Polygon\12.5\34\Polygon_34.shp,C:\Users\c\Desktop\대학생활\학연생\Approach_Departure\자료\결과물\Polygon\12.5\안전지대\34\Polygon_34.shp
34,2,23,215.0,"[1,2,4,5,6,10,11,12,13,14,16,18,19,20,22,23,24,28,29,30,31,32,36]",318,C:\Users\c\Desktop\대학생활\학연생\Approach_Departure\자료\결과물\Polygon\12.5\34\Polygon_34.shp,C:\Users\c\Desktop\대학생활\학연생\Approach_Departure\자료\결과물\Polygon\12.5\안전지대\34\Polygon_34.shp
34,3,23,216.0,"[1,2,4,5,6,10,11,12,13,14,16,18,19,20,22,23,24,28,29,30,31,32,36]",318,C:\Users\c\Desktop\대학생활\학연생\Approach_Departure\자료\결과물\Polygon\12.5\34\Polygon_34.shp,C:\Users\c\Desktop\대학생활\학연생\Approach_Departure\자료\결과물\Polygon\12.5\안전지대\34\Polygon_34.shp
34,4,23,217.0,"[1,2,4,5,6,10,11,12,13,14,16,18,19,20,22,23,24,28,29,30,31,32,36]",318,C:\Users\c\Desktop\대학생활\학연생\Approach_Departure\자료\결과물\Polygon\12.5\34\Polygon_34.shp,C:\Users\c\Desktop\대학생활\학연생\Approach_Departure\자료\결과물\Polygon\12.5\안전지대\34\Polygon_34.shp
34,5,23,218.0,"[1,2,4,5,6,10,11,12,13,14,16,18,19,20,22,23,24,28,29,30,31,32,36]",318,C:\Users\c\Desktop\대학생활\학연생\Approach_Departure\자료\결과물\Polygon\12.5\34\Polygon_34.shp,C:\Users\c\Desktop\대학생활\학연생\Approach_Departure\자료\결과물\Polygon\12.5\안전지대\34\Polygon_34.shp
34,6,23,219.0,"[1,2,4,5,6,10,11,12,13,14,16,18,19,20,22,23,24,28,29,30,31,32,36]",318,C:\Users\c\Desktop\대학생활\학연생\Approach_Departure\자료\결과물\Polygon\12.5\34\Polygon_34.shp,C:\Users\c\Desktop\대학생활\학연생\Approach_Departure\자료\결과물\Polygon\12.5\안전지대\34\Polygon_34.shp
34,7,23,220.0,"[1,2,4,5,6,10,11,12,13,14,16,18,19,20,22,23,24,28,29,30,31,32,36]",318,C:\Users\c\Desktop\대학생활\학연생\Approach_Departure\자료\결과물\Polygon\12.5\34\Polygon_34.shp,C:\Users\c\Desktop\대학생활\학연생\Approach_Departure\자료\결과물\Polygon\12.5\안전지대\34\Polygon_34.shp
34,8,23,221.0,"[1,2,4,5,6,10,11,12,13,14,16,18,19,20,22,23,24,28,29,30,31,32,36]",318,C:\Users\c\Desktop\대학생활\학연생\Approach_Departure\자료\결과물\Polygon\12.5\34\Polygon_34.shp,C:\Users\c\Desktop\대학생활\학연생\Approach_Departure\자료\결과물\Polygon\12.5\안전지대\34\Polygon_34.shp
34,9,23,222.0,"[1,2,4,5,6,10,11,12,13,14,16,18,19,20,22,23,24,28,29,30,31,32,36]",318,C:\Users\c\Desktop\대학생활\학연생\Approach_Departure\자료\결과물\Polygon\12.5\34\Polygon_34.shp,C:\Users\c\Desktop\대학생활\학연생\Approach_Departure\자료\결과물\Polygon\12.5\안전지대\34\Polygon_34.shp
34,10,23,223.0,"[1,2,4,5,6,10,11,12,13,14,16,18,19,20,22,23,24,28,29,30,31,32,36]",318,C:\Users\c\Desktop\대학생활\학연생\Approach_Departure\자료\결과물\Polygon\12.5\34\Polygon_34.shp,C:\Users\c\Desktop\대학생활\학연생\Approach_Departure\자료\결과물\Polygon\12.5\안전지대\34\Polygon_34.shp
35,1,3,32.0,"[7,17,25]",360,C:\Users\c\Desktop\대학생활\학연생\Approach_Departure\자료\결과물\Polygon\12.5\35\Polygon_35.shp,C:\Users\c\Desktop\대학생활\학연생\Approach_Departure\자료\결과물\Polygon\12.5\안전지대\35\Polygon_35.shp
35,2,3,33.0,"[7,17,25]",360,C:\Users\c\Desktop\대학생활\학연생\Approach_Departure\자료\결과물\Polygon\12.5\35\Polygon_35.shp,C:\Users\c\Desktop\대학생활\학연생\Approach_Departure\자료\결과물\Polygon\12.5\안전지대\35\Polygon_35.shp
35,3,3,34.0,"[7,17,25]",360,C:\Users\c\Desktop\대학생활\학연생\Approach_Departure\자료\결과물\Polygon\12.5\35\Polygon_35.shp,C:\Users\c\Desktop\대학생활\학연생\Approach_Departure\자료\결과물\Polygon\12.5\안전지대\35\Polygon_35.shp
35,4,3,35.0,"[7,17,25]",360,C:\Users\c\Desktop\대학생활\학연생\Approach_Departure\자료\결과물\Polygon\12.5\35\Polygon_35.shp,C:\Users\c\Desktop\대학생활\학연생\Approach_Departure\자료\결과물\Polygon\12.5\안전지대\35\Polygon_35.shp
35,5,3,36.0,"[7,17,25]",360,C:\Users\c\Desktop\대학생활\학연생\Approach_Departure\자료\결과물\Polygon\12.5\35\Polygon_35.shp,C:\Users\c\Desktop\대학생활\학연생\Approach_Departure\자료\결과물\Polygon\12.5\안전지대\35\Polygon_35.shp
35,6,3,37.0,"[7,17,25]",360,C:\Users\c\Desktop\대학생활\학연생\Approach_Departure\자료\결과물\Polygon\12.5\35\Polygon_35.shp,C:\Users\c\Desktop\대학생활\학연생\Approach_Departure\자료\결과물\Polygon\12.5\안전지대\35\Polygon_35.shp
35,7,3,38.0,"[7,17,25]",360,C:\Users\c\Desktop\대학생활\학연생\Approach_Departure\자료\결과물\Polygon\12.5\35\Polygon_35.shp,C:\Users\c\Desktop\대학생활\학연생\Approach_Departure\자료\결과물\Polygon\12.5\안전지대\35\Polygon_35.shp
35,8,3,39.0,"[7,17,25]",360,C:\Users\c\Desktop\대학생활\학연생\Approach_Departure\자료\결과물\Polygon\12.5\35\Polygon_35.shp,C:\Users\c\Desktop\대학생활\학연생\Approach_Departure\자료\결과물\Polygon\12.5\안전지대\35\Polygon_35.shp
35,9,3,40.0,"[7,17,25]",360,C:\Users\c\Desktop\대학생활\학연생\Approach_Departure\자료\결과물\Polygon\12.5\35\Polygon_35.shp,C:\Users\c\Desktop\대학생활\학연생\Approach_Departure\자료\결과물\Polygon\12.5\안전지대\35\Polygon_35.shp
35,10,3,41.0,"[7,17,25]",360,C:\Users\c\Desktop\대학생활\학연생\Approach_Departure\자료\결과물\Polygon\12.5\35\Polygon_35.shp,C:\Users\c\Desktop\대학생활\학연생\Approach_Departure\자료\결과물\Polygon\12.5\안전지대\35\Polygon_35.shp
35,11,3,42.0,"[7,17,25]",360,C:\Users\c\Desktop\대학생활\학연생\Approach_Departure\자료\결과물\Polygon\12.5\35\Polygon_35.shp,C:\Users\c\Desktop\대학생활\학연생\Approach_Departure\자료\결과물\Polygon\12.5\안전지대\35\Polygon_35.shp
35,12,3,43.0,"[7,17,25]",360,C:\Users\c\Desktop\대학생활\학연생\Approach_Departure\자료\결과물\Polygon\12.5\35\Polygon_35.shp,C:\Users\c\Desktop\대학생활\학연생\Approach_Departure\자료\결과물\Polygon\12.5\안전지대\35\Polygon_35.shp
35,13,3,44.0,"[7,17,25]",360,C:\Users\c\Desktop\대학생활\학연생\Approach_Departure\자료\결과물\Polygon\12.5\35\Polygon_35.shp,C:\Users\c\Desktop\대학생활\학연생\Approach_Departure\자료\결과물\Polygon\12.5\안전지대\35\Polygon_35.shp
35,14,5,0.0,"[7,15,17,25,33]",360,C:\Users\c\Desktop\대학생활\학연생\Approach_Departure\자료\결과물\Polygon\12.5\35\Polygon_35.shp,C:\Users\c\Desktop\대학생활\학연생\Approach_Departure\자료\결과물\Polygon\12.5\안전지대\35\Polygon_35.shp
35,15,5,1.0,"[7,15,17,25,33]",360,C:\Users\c\Desktop\대학생활\학연생\Approach_Departure\자료\결과물\Polygon\12.5\35\Polygon_35.shp,C:\Users\c\Desktop\대학생활\학연생\Approach_Departure\자료\결과물\Polygon\12.5\안전지대\35\Polygon_35.shp
35,16,5,2.0,"[7,15,17,25,33]",360,C:\Users\c\Desktop\대학생활\학연생\Approach_Departure\자료\결과물\Polygon\12.5\35\Polygon_35.shp,C:\Users\c\Desktop\대학생활\학연생\Approach_Departure\자료\결과물\Polygon\12.5\안전지대\35\Polygon_35.shp
35,17,5,3.0,"[7,15,17,25,33]",360,C:\Users\c\Desktop\대학생활\학연생\Approach_Departure\자료\결과물\Polygon\12.5\35\Polygon_35.shp,C:\Users\c\Desktop\대학생활\학연생\Approach_Departure\자료\결과물\Polygon\12.5\안전지대\35\Polygon_35.shp
35,18,5,4.0,"[7,15,17,25,33]",360,C:\Users\c\Desktop\대학생활\학연생\Approach_Departure\자료\결과물\Polygon\12.5\35\Polygon_35.shp,C:\Users\c\Desktop\대학생활\학연생\Approach_Departure\자료\결과물\Polygon\12.5\안전지대\35\Polygon_35.shp
35,19,5,5.0,"[7,15,17,25,33]",360,C:\Users\c\Desktop\대학생활\학연생\Approach_Departure\자료\결과물\Polygon\12.5\35\Polygon_35.shp,C:\Users\c\Desktop\대학생활\학연생\Approach_Departure\자료\결과물\Polygon\12.5\안전지대\35\Polygon_35.shp
35,20,5,6.0,"[7,15,17,25,33]",360,C:\Users\c\Desktop\대학생활\학연생\Approach_Departure\자료\결과물\Polygon\12.5\35\Polygon_35.shp,C:\Users\c\Desktop\대학생활\학연생\Approach_Departure\자료\결과물\Polygon\12.5\안전지대\35\Polygon_35.shp
35,21,5,7.0,"[7,15,17,25,33]",360,C:\Users\c\Desktop\대학생활\학연생\Approach_Departure\자료\결과물\Polygon\12.5\35\Polygon_35.shp,C:\Users\c\Desktop\대학생활\학연생\Approach_Departure\자료\결과물\Polygon\12.5\안전지대\35\Polygon_35.shp
35,22,5,8.0,"[7,15,17,25,33]",360,C:\Users\c\Desktop\대학생활\학연생\Approach_Departure\자료\결과물\Polygon\12.5\35\Polygon_35.shp,C:\Users\c\Desktop\대학생활\학연생\Approach_Departure\자료\결과물\Polygon\12.5\안전지대\35\Polygon_35.shp
35,23,5,9.0,"[7,15,17,25,33]",360,C:\Users\c\Desktop\대학생활\학연생\Approach_Departure\자료\결과물\Polygon\12.5\35\Polygon_35.shp,C:\Users\c\Desktop\대학생활\학연생\Approach_Departure\자료\결과물\Polygon\12.5\안전지대\35\Polygon_35.shp
35,24,5,10.0,"[7,15,17,25,33]",360,C:\Users\c\Desktop\대학생활\학연생\Approach_Departure\자료\결과물\Polygon\12.5\35\Polygon_35.shp,C:\Users\c\Desktop\대학생활\학연생\Approach_Departure\자료\결과물\Polygon\12.5\안전지대\35\Polygon_35.shp
35,25,5,11.0,"[7,15,17,25,33]",360,C:\Users\c\Desktop\대학생활\학연생\Approach_Departure\자료\결과물\Polygon\12.5\35\Polygon_35.shp,C:\Users\c\Desktop\대학생활\학연생\Approach_Departure\자료\결과물\Polygon\12.5\안전지대\35\Polygon_35.shp
35,26,5,12.0,"[7,15,17,25,33]",360,C:\Users\c\Desktop\대학생활\학연생\Approach_Departure\자료\결과물\Polygon\12.5\35\Polygon_35.shp,C:\Users\c\Desktop\대학생활\학연생\Approach_Departure\자료\결과물\Polygon\12.5\안전지대\35\Polygon_35.shp
35,27,5,13.0,"[7,15,17,25,33]",360,C:\Users\c\Desktop\대학생활\학연생\Approach_Departure\자료\결과물\Polygon\12.5\35\Polygon_35.shp,C:\Users\c\Desktop\대학생활\학연생\Approach_Departure\자료\결과물\Polygon\12.5\안전지대\35\Polygon_35.shp
35,28,5,14.0,"[7,15,17,25,33]",360,C:\Users\c\Desktop\대학생활\학연생\Approach_Departure\자료\결과물\Polygon\12.5\35\Polygon_35.shp,C:\Users\c\Desktop\대학생활\학연생\Approach_Departure\자료\결과물\Polygon\12.5\안전지대\35\Polygon_35.shp
35,29,5,15.0,"[7,15,17,25,33]",360,C:\Users\c\Desktop\대학생활\학연생\Approach_Departure\자료\결과물\Polygon\12.5\35\Polygon_35.shp,C:\Users\c\Desktop\대학생활\학연생\Approach_Departure\자료\결과물\Polygon\12.5\안전지대\35\Polygon_35.shp
35,30,5,16.0,"[7,15,17,25,33]",360,C:\Users\c\Desktop\대학생활\학연생\Approach_Departure\자료\결과물\Polygon\12.5\35\Polygon_35.shp,C:\Users\c\Desktop\대학생활\학연생\Approach_Departure\자료\결과물\Polygon\12.5\안전지대\35\Polygon_35.shp
35,31,5,17.0,"[7,15,17,25,33]",360,C:\Users\c\Desktop\대학생활\학연생\Approach_Departure\자료\결과물\Polygon\12.5\35\Polygon_35.shp,C:\Users\c\Desktop\대학생활\학연생\Approach_Departure\자료\결과물\Polygon\12.5\안전지대\35\Polygon_35.shp
35,32,5,18.0,"[7,15,17,25,33]",360,C:\Users\c\Desktop\대학생활\학연생\Approach_Departure\자료\결과물\Polygon\12.5\35\Polygon_35.shp,C:\Users\c\Desktop\대학생활\학연생\Approach_Departure\자료\결과물\Polygon\12.5\안전지대\35\Polygon_35.shp
35,33,5,19.0,"[7,15,17,25,33]",360,C:\Users\c\Desktop\대학생활\학연생\Approach_Departure\자료\결과물\Polygon\12.5\35\Polygon_35.shp,C:\Users\c\Desktop\대학생활\학연생\Approach_Departure\자료\결과물\Polygon\12.5\안전지대\35\Polygon_35.shp
35,34,5,20.0,"[7,15,17,25,33]",360,C:\Users\c\Desktop\대학생활\학연생\Approach_Departure\자료\결과물\Polygon\12.5\35\Polygon_35.shp,C:\Users\c\Desktop\대학생활\학연생\Approach_Departure\자료\결과물\Polygon\12.5\안전지대\35\Polygon_35.shp
35,35,5,21.0,"[7,15,17,25,33]",360,C:\Users\c\Desktop\대학생활\학연생\Approach_Departure\자료\결과물\Polygon\12.5\35\Polygon_35.shp,C:\Users\c\Desktop\대학생활\학연생\Approach_Departure\자료\결과물\Polygon\12.5\안전지대\35\Polygon_35.shp
35,36,5,22.0,"[7,15,17,25,33]",360,C:\Users\c\Desktop\대학생활\학연생\Approach_Departure\자료\결과물\Polygon\12.5\35\Polygon_35.shp,C:\Users\c\Desktop\대학생활\학연생\Approach_Departure\자료\결과물\Polygon\12.5\안전지대\35\Polygon_35.shp
35,37,5,23.0,"[7,15,17,25,33]",360,C:\Users\c\Desktop\대학생활\학연생\Approach_Departure\자료\결과물\Polygon\12.5\35\Polygon_35.shp,C:\Users\c\Desktop\대학생활\학연생\Approach_Departure\자료\결과물\Polygon\12.5\안전지대\35\Polygon_35.shp
35,38,5,24.0,"[7,15,17,25,33]",360,C:\Users\c\Desktop\대학생활\학연생\Approach_Departure\자료\결과물\Polygon\12.5\35\Polygon_35.shp,C:\Users\c\Desktop\대학생활\학연생\Approach_Departure\자료\결과물\Polygon\12.5\안전지대\35\Polygon_35.shp
35,39,5,25.0,"[7,15,17,25,33]",360,C:\Users\c\Desktop\대학생활\학연생\Approach_Departure\자료\결과물\Polygon\12.5\35\Polygon_35.shp,C:\Users\c\Desktop\대학생활\학연생\Approach_Departure\자료\결과물\Polygon\12.5\안전지대\35\Polygon_35.shp
35,40,5,26.0,"[7,15,17,25,33]",360,C:\Users\c\Desktop\대학생활\학연생\Approach_Departure\자료\결과물\Polygon\12.5\35\Polygon_35.shp,C:\Users\c\Desktop\대학생활\학연생\Approach_Departure\자료\결과물\Polygon\12.5\안전지대\35\Polygon_35.shp
35,41,5,27.0,"[7,15,17,25,33]",360,C:\Users\c\Desktop\대학생활\학연생\Approach_Departure\자료\결과물\Polygon\12.5\35\Polygon_35.shp,C:\Users\c\Desktop\대학생활\학연생\Approach_Departure\자료\결과물\Polygon\12.5\안전지대\35\Polygon_35.shp
35,42,5,28.0,"[7,15,17,25,33]",360,C:\Users\c\Desktop\대학생활\학연생\Approach_Departure\자료\결과물\Polygon\12.5\35\Polygon_35.shp,C:\Users\c\Desktop\대학생활\학연생\Approach_Departure\자료\결과물\Polygon\12.5\안전지대\35\Polygon_35.shp
35,43,5,29.0,"[7,15,17,25,33]",360,C:\Users\c\Desktop\대학생활\학연생\Approach_Departure\자료\결과물\Polygon\12.5\35\Polygon_35.shp,C:\Users\c\Desktop\대학생활\학연생\Approach_Departure\자료\결과물\Polygon\12.5\안전지대\35\Polygon_35.shp
35,44,5,30.0,"[7,15,17,25,33]",360,C:\Users\c\Desktop\대학생활\학연생\Approach_Departure\자료\결과물\Polygon\12.5\35\Polygon_35.shp,C:\Users\c\Desktop\대학생활\학연생\Approach_Departure\자료\결과물\Polygon\12.5\안전지대\35\Polygon_35.shp
35,45,5,31.0,"[7,15,17,25,33]",360,C:\Users\c\Desktop\대학생활\학연생\Approach_Departure\자료\결과물\Polygon\12.5\35\Polygon_35.shp,C:\Users\c\Desktop\대학생활\학연생\Approach_Departure\자료\결과물\Polygon\12.5\안전지대\35\Polygon_35.shp
35,46,5,45.0,"[7,15,17,25,33]",360,C:\Users\c\Desktop\대학생활\학연생\Approach_Departure\자료\결과물\Polygon\12.5\35\Polygon_35.shp,C:\Users\c\Desktop\대학생활\학연생\Approach_Departure\자료\결과물\Polygon\12.5\안전지대\35\Polygon_35.shp
35,47,5,46.0,"[7,15,17,25,33]",360,C:\Users\c\Desktop\대학생활\학연생\Approach_Departure\자료\결과물\Polygon\12.5\35\Polygon_35.shp,C:\Users\c\Desktop\대학생활\학연생\Approach_Departure\자료\결과물\Polygon\12.5\안전지대\35\Polygon_35.shp
35,48,5,47.0,"[7,15,17,25,33]",360,C:\Users\c\Desktop\대학생활\학연생\Approach_Departure\자료\결과물\Polygon\12.5\35\Polygon_35.shp,C:\Users\c\Desktop\대학생활\학연생\Approach_Departure\자료\결과물\Polygon\12.5\안전지대\35\Polygon_35.shp
35,49,5,48.0,"[7,15,17,25,33]",360,C:\Users\c\Desktop\대학생활\학연생\Approach_Departure\자료\결과물\Polygon\12.5\35\Polygon_35.shp,C:\Users\c\Desktop\대학생활\학연생\Approach_Departure\자료\결과물\Polygon\12.5\안전지대\35\Polygon_35.shp
35,50,5,49.0,"[7,15,17,25,33]",360,C:\Users\c\Desktop\대학생활\학연생\Approach_Departure\자료\결과물\Polygon\12.5\35\Polygon_35.shp,C:\Users\c\Desktop\대학생활\학연생\Approach_Departure\자료\결과물\Polygon\12.5\안전지대\35\Polygon_35.shp
35,51,5,50.0,"[7,15,17,25,33]",360,C:\Users\c\Desktop\대학생활\학연생\Approach_Departure\자료\결과물\Polygon\12.5\35\Polygon_35.shp,C:\Users\c\Desktop\대학생활\학연생\Approach_Departure\자료\결과물\Polygon\12.5\안전지대\35\Polygon_35.shp
35,52,5,51.0,"[7,15,17,25,33]",360,C:\Users\c\Desktop\대학생활\학연생\Approach_Departure\자료\결과물\Polygon\12.5\35\Polygon_35.shp,C:\Users\c\Desktop\대학생활\학연생\Approach_Departure\자료\결과물\Polygon\12.5\안전지대\35\Polygon_35.shp
35,53,5,52.0,"[7,15,17,25,33]",360,C:\Users\c\Desktop\대학생활\학연생\Approach_Departure\자료\결과물\Polygon\12.5\35\Polygon_35.shp,C:\Users\c\Desktop\대학생활\학연생\Approach_Departure\자료\결과물\Polygon\12.5\안전지대\35\Polygon_35.shp
35,54,5,53.0,"[7,15,17,25,33]",360,C:\Users\c\Desktop\대학생활\학연생\Approach_Departure\자료\결과물\Polygon\12.5\35\Polygon_35.shp,C:\Users\c\Desktop\대학생활\학연생\Approach_Departure\자료\결과물\Polygon\12.5\안전지대\35\Polygon_35.shp
35,55,5,54.0,"[7,15,17,25,33]",360,C:\Users\c\Desktop\대학생활\학연생\Approach_Departure\자료\결과물\Polygon\12.5\35\Polygon_35.shp,C:\Users\c\Desktop\대학생활\학연생\Approach_Departure\자료\결과물\Polygon\12.5\안전지대\35\Polygon_35.shp
35,56,5,55.0,"[7,15,17,25,33]",360,C:\Users\c\Desktop\대학생활\학연생\Approach_Departure\자료\결과물\Polygon\12.5\35\Polygon_35.shp,C:\Users\c\Desktop\대학생활\학연생\Approach_Departure\자료\결과물\Polygon\12.5\안전지대\35\Polygon_35.shp
35,57,5,56.0,"[7,15,17,25,33]",360,C:\Users\c\Desktop\대학생활\학연생\Approach_Departure\자료\결과물\Polygon\12.5\35\Polygon_35.shp,C:\Users\c\Desktop\대학생활\학연생\Approach_Departure\자료\결과물\Polygon\12.5\안전지대\35\Polygon_35.shp
35,58,5,57.0,"[7,15,17,25,33]",360,C:\Users\c\Desktop\대학생활\학연생\Approach_Departure\자료\결과물\Polygon\12.5\35\Polygon_35.shp,C:\Users\c\Desktop\대학생활\학연생\Approach_Departure\자료\결과물\Polygon\12.5\안전지대\35\Polygon_35.shp
35,59,5,58.0,"[7,15,17,25,33]",360,C:\Users\c\Desktop\대학생활\학연생\Approach_Departure\자료\결과물\Polygon\12.5\35\Polygon_35.shp,C:\Users\c\Desktop\대학생활\학연생\Approach_Departure\자료\결과물\Polygon\12.5\안전지대\35\Polygon_35.shp
35,60,5,59.0,"[7,15,17,25,33]",360,C:\Users\c\Desktop\대학생활\학연생\Approach_Departure\자료\결과물\Polygon\12.5\35\Polygon_35.shp,C:\Users\c\Desktop\대학생활\학연생\Approach_Departure\자료\결과물\Polygon\12.5\안전지대\35\Polygon_35.shp
35,61,5,60.0,"[7,15,17,25,33]",360,C:\Users\c\Desktop\대학생활\학연생\Approach_Departure\자료\결과물\Polygon\12.5\35\Polygon_35.shp,C:\Users\c\Desktop\대학생활\학연생\Approach_Departure\자료\결과물\Polygon\12.5\안전지대\35\Polygon_35.shp
35,62,5,61.0,"[7,15,17,25,33]",360,C:\Users\c\Desktop\대학생활\학연생\Approach_Departure\자료\결과물\Polygon\12.5\35\Polygon_35.shp,C:\Users\c\Desktop\대학생활\학연생\Approach_Departure\자료\결과물\Polygon\12.5\안전지대\35\Polygon_35.shp
35,63,5,62.0,"[7,15,17,25,33]",360,C:\Users\c\Desktop\대학생활\학연생\Approach_Departure\자료\결과물\Polygon\12.5\35\Polygon_35.shp,C:\Users\c\Desktop\대학생활\학연생\Approach_Departure\자료\결과물\Polygon\12.5\안전지대\35\Polygon_35.shp
35,64,5,63.0,"[7,15,17,25,33]",360,C:\Users\c\Desktop\대학생활\학연생\Approach_Departure\자료\결과물\Polygon\12.5\35\Polygon_35.shp,C:\Users\c\Desktop\대학생활\학연생\Approach_Departure\자료\결과물\Polygon\12.5\안전지대\35\Polygon_35.shp
35,65,5,64.0,"[7,15,17,25,33]",360,C:\Users\c\Desktop\대학생활\학연생\Approach_Departure\자료\결과물\Polygon\12.5\35\Polygon_35.shp,C:\Users\c\Desktop\대학생활\학연생\Approach_Departure\자료\결과물\Polygon\12.5\안전지대\35\Polygon_35.shp
35,66,5,65.0,"[7,15,17,25,33]",360,C:\Users\c\Desktop\대학생활\학연생\Approach_Departure\자료\결과물\Polygon\12.5\35\Polygon_35.shp,C:\Users\c\Desktop\대학생활\학연생\Approach_Departure\자료\결과물\Polygon\12.5\안전지대\35\Polygon_35.shp
35,67,5,66.0,"[7,15,17,25,33]",360,C:\Users\c\Desktop\대학생활\학연생\Approach_Departure\자료\결과물\Polygon\12.5\35\Polygon_35.shp,C:\Users\c\Desktop\대학생활\학연생\Approach_Departure\자료\결과물\Polygon\12.5\안전지대\35\Polygon_35.shp
35,68,5,67.0,"[7,15,17,25,33]",360,C:\Users\c\Desktop\대학생활\학연생\Approach_Departure\자료\결과물\Polygon\12.5\35\Polygon_35.shp,C:\Users\c\Desktop\대학생활\학연생\Approach_Departure\자료\결과물\Polygon\12.5\안전지대\35\Polygon_35.shp
35,69,5,68.0,"[7,15,17,25,33]",360,C:\Users\c\Desktop\대학생활\학연생\Approach_Departure\자료\결과물\Polygon\12.5\35\Polygon_35.shp,C:\Users\c\Desktop\대학생활\학연생\Approach_Departure\자료\결과물\Polygon\12.5\안전지대\35\Polygon_35.shp
35,70,5,69.0,"[7,15,17,25,33]",360,C:\Users\c\Desktop\대학생활\학연생\Approach_Departure\자료\결과물\Polygon\12.5\35\Polygon_35.shp,C:\Users\c\Desktop\대학생활\학연생\Approach_Departure\자료\결과물\Polygon\12.5\안전지대\35\Polygon_35.shp
35,71,5,70.0,"[7,15,17,25,33]",360,C:\Users\c\Desktop\대학생활\학연생\Approach_Departure\자료\결과물\Polygon\12.5\35\Polygon_35.shp,C:\Users\c\Desktop\대학생활\학연생\Approach_Departure\자료\결과물\Polygon\12.5\안전지대\35\Polygon_35.shp
35,72,5,71.0,"[7,15,17,25,33]",360,C:\Users\c\Desktop\대학생활\학연생\Approach_Departure\자료\결과물\Polygon\12.5\35\Polygon_35.shp,C:\Users\c\Desktop\대학생활\학연생\Approach_Departure\자료\결과물\Polygon\12.5\안전지대\35\Polygon_35.shp
35,73,5,72.0,"[7,15,17,25,33]",360,C:\Users\c\Desktop\대학생활\학연생\Approach_Departure\자료\결과물\Polygon\12.5\35\Polygon_35.shp,C:\Users\c\Desktop\대학생활\학연생\Approach_Departure\자료\결과물\Polygon\12.5\안전지대\35\Polygon_35.shp
35,74,5,73.0,"[7,15,17,25,33]",360,C:\Users\c\Desktop\대학생활\학연생\Approach_Departure\자료\결과물\Polygon\12.5\35\Polygon_35.shp,C:\Users\c\Desktop\대학생활\학연생\Approach_Departure\자료\결과물\Polygon\12.5\안전지대\35\Polygon_35.shp
35,75,5,74.0,"[7,15,17,25,33]",360,C:\Users\c\Desktop\대학생활\학연생\Approach_Departure\자료\결과물\Polygon\12.5\35\Polygon_35.shp,C:\Users\c\Desktop\대학생활\학연생\Approach_Departure\자료\결과물\Polygon\12.5\안전지대\35\Polygon_35.shp
35,76,5,75.0,"[7,15,17,25,33]",360,C:\Users\c\Desktop\대학생활\학연생\Approach_Departure\자료\결과물\Polygon\12.5\35\Polygon_35.shp,C:\Users\c\Desktop\대학생활\학연생\Approach_Departure\자료\결과물\Polygon\12.5\안전지대\35\Polygon_35.shp
35,77,5,76.0,"[7,15,17,25,33]",360,C:\Users\c\Desktop\대학생활\학연생\Approach_Departure\자료\결과물\Polygon\12.5\35\Polygon_35.shp,C:\Users\c\Desktop\대학생활\학연생\Approach_Departure\자료\결과물\Polygon\12.5\안전지대\35\Polygon_35.shp
35,78,5,77.0,"[7,15,17,25,33]",360,C:\Users\c\Desktop\대학생활\학연생\Approach_Departure\자료\결과물\Polygon\12.5\35\Polygon_35.shp,C:\Users\c\Desktop\대학생활\학연생\Approach_Departure\자료\결과물\Polygon\12.5\안전지대\35\Polygon_35.shp
35,79,5,78.0,"[7,15,17,25,33]",360,C:\Users\c\Desktop\대학생활\학연생\Approach_Departure\자료\결과물\Polygon\12.5\35\Polygon_35.shp,C:\Users\c\Desktop\대학생활\학연생\Approach_Departure\자료\결과물\Polygon\12.5\안전지대\35\Polygon_35.shp
35,80,5,79.0,"[7,15,17,25,33]",360,C:\Users\c\Desktop\대학생활\학연생\Approach_Departure\자료\결과물\Polygon\12.5\35\Polygon_35.shp,C:\Users\c\Desktop\대학생활\학연생\Approach_Departure\자료\결과물\Polygon\12.5\안전지대\35\Polygon_35.shp
35,81,5,80.0,"[7,15,17,25,33]",360,C:\Users\c\Desktop\대학생활\학연생\Approach_Departure\자료\결과물\Polygon\12.5\35\Polygon_35.shp,C:\Users\c\Desktop\대학생활\학연생\Approach_Departure\자료\결과물\Polygon\12.5\안전지대\35\Polygon_35.shp
35,82,5,81.0,"[7,15,17,25,33]",360,C:\Users\c\Desktop\대학생활\학연생\Approach_Departure\자료\결과물\Polygon\12.5\35\Polygon_35.shp,C:\Users\c\Desktop\대학생활\학연생\Approach_Departure\자료\결과물\Polygon\12.5\안전지대\35\Polygon_35.shp
35,83,5,82.0,"[7,15,17,25,33]",360,C:\Users\c\Desktop\대학생활\학연생\Approach_Departure\자료\결과물\Polygon\12.5\35\Polygon_35.shp,C:\Users\c\Desktop\대학생활\학연생\Approach_Departure\자료\결과물\Polygon\12.5\안전지대\35\Polygon_35.shp
35,84,5,83.0,"[7,15,17,25,33]",360,C:\Users\c\Desktop\대학생활\학연생\Approach_Departure\자료\결과물\Polygon\12.5\35\Polygon_35.shp,C:\Users\c\Desktop\대학생활\학연생\Approach_Departure\자료\결과물\Polygon\12.5\안전지대\35\Polygon_35.shp
35,85,5,84.0,"[7,15,17,25,33]",360,C:\Users\c\Desktop\대학생활\학연생\Approach_Departure\자료\결과물\Polygon\12.5\35\Polygon_35.shp,C:\Users\c\Desktop\대학생활\학연생\Approach_Departure\자료\결과물\Polygon\12.5\안전지대\35\Polygon_35.shp
35,86,5,85.0,"[7,15,17,25,33]",360,C:\Users\c\Desktop\대학생활\학연생\Approach_Departure\자료\결과물\Polygon\12.5\35\Polygon_35.shp,C:\Users\c\Desktop\대학생활\학연생\Approach_Departure\자료\결과물\Polygon\12.5\안전지대\35\Polygon_35.shp
35,87,5,86.0,"[7,15,17,25,33]",360,C:\Users\c\Desktop\대학생활\학연생\Approach_Departure\자료\결과물\Polygon\12.5\35\Polygon_35.shp,C:\Users\c\Desktop\대학생활\학연생\Approach_Departure\자료\결과물\Polygon\12.5\안전지대\35\Polygon_35.shp
35,88,5,87.0,"[7,15,17,25,33]",360,C:\Users\c\Desktop\대학생활\학연생\Approach_Departure\자료\결과물\Polygon\12.5\35\Polygon_35.shp,C:\Users\c\Desktop\대학생활\학연생\Approach_Departure\자료\결과물\Polygon\12.5\안전지대\35\Polygon_35.shp
35,89,5,88.0,"[7,15,17,25,33]",360,C:\Users\c\Desktop\대학생활\학연생\Approach_Departure\자료\결과물\Polygon\12.5\35\Polygon_35.shp,C:\Users\c\Desktop\대학생활\학연생\Approach_Departure\자료\결과물\Polygon\12.5\안전지대\35\Polygon_35.shp
35,90,5,89.0,"[7,15,17,25,33]",360,C:\Users\c\Desktop\대학생활\학연생\Approach_Departure\자료\결과물\Polygon\12.5\35\Polygon_35.shp,C:\Users\c\Desktop\대학생활\학연생\Approach_Departure\자료\결과물\Polygon\12.5\안전지대\35\Polygon_35.shp
35,91,5,90.0,"[7,15,17,25,33]",360,C:\Users\c\Desktop\대학생활\학연생\Approach_Departure\자료\결과물\Polygon\12.5\35\Polygon_35.shp,C:\Users\c\Desktop\대학생활\학연생\Approach_Departure\자료\결과물\Polygon\12.5\안전지대\35\Polygon_35.shp
35,92,5,91.0,"[7,15,17,25,33]",360,C:\Users\c\Desktop\대학생활\학연생\Approach_Departure\자료\결과물\Polygon\12.5\35\Polygon_35.shp,C:\Users\c\Desktop\대학생활\학연생\Approach_Departure\자료\결과물\Polygon\12.5\안전지대\35\Polygon_35.shp
35,93,5,92.0,"[7,15,17,25,33]",360,C:\Users\c\Desktop\대학생활\학연생\Approach_Departure\자료\결과물\Polygon\12.5\35\Polygon_35.shp,C:\Users\c\Desktop\대학생활\학연생\Approach_Departure\자료\결과물\Polygon\12.5\안전지대\35\Polygon_35.shp
35,94,5,93.0,"[7,15,17,25,33]",360,C:\Users\c\Desktop\대학생활\학연생\Approach_Departure\자료\결과물\Polygon\12.5\35\Polygon_35.shp,C:\Users\c\Desktop\대학생활\학연생\Approach_Departure\자료\결과물\Polygon\12.5\안전지대\35\Polygon_35.shp
35,95,5,94.0,"[7,15,17,25,33]",360,C:\Users\c\Desktop\대학생활\학연생\Approach_Departure\자료\결과물\Polygon\12.5\35\Polygon_35.shp,C:\Users\c\Desktop\대학생활\학연생\Approach_Departure\자료\결과물\Polygon\12.5\안전지대\35\Polygon_35.shp
35,96,5,95.0,"[7,15,17,25,33]",360,C:\Users\c\Desktop\대학생활\학연생\Approach_Departure\자료\결과물\Polygon\12.5\35\Polygon_35.shp,C:\Users\c\Desktop\대학생활\학연생\Approach_Departure\자료\결과물\Polygon\12.5\안전지대\35\Polygon_35.shp
35,97,5,96.0,"[7,15,17,25,33]",360,C:\Users\c\Desktop\대학생활\학연생\Approach_Departure\자료\결과물\Polygon\12.5\35\Polygon_35.shp,C:\Users\c\Desktop\대학생활\학연생\Approach_Departure\자료\결과물\Polygon\12.5\안전지대\35\Polygon_35.shp
35,98,5,97.0,"[7,15,17,25,33]",360,C:\Users\c\Desktop\대학생활\학연생\Approach_Departure\자료\결과물\Polygon\12.5\35\Polygon_35.shp,C:\Users\c\Desktop\대학생활\학연생\Approach_Departure\자료\결과물\Polygon\12.5\안전지대\35\Polygon_35.shp
35,99,5,98.0,"[7,15,17,25,33]",360,C:\Users\c\Desktop\대학생활\학연생\Approach_Departure\자료\결과물\Polygon\12.5\35\Polygon_35.shp,C:\Users\c\Desktop\대학생활\학연생\Approach_Departure\자료\결과물\Polygon\12.5\안전지대\35\Polygon_35.shp
35,100,5,99.0,"[7,15,17,25,33]",360,C:\Users\c\Desktop\대학생활\학연생\Approach_Departure\자료\결과물\Polygon\12.5\35\Polygon_35.shp,C:\Users\c\Desktop\대학생활\학연생\Approach_Departure\자료\결과물\Polygon\12.5\안전지대\35\Polygon_35.shp
35,101,5,100.0,"[7,15,17,25,33]",360,C:\Users\c\Desktop\대학생활\학연생\Approach_Departure\자료\결과물\Polygon\12.5\35\Polygon_35.shp,C:\Users\c\Desktop\대학생활\학연생\Approach_Departure\자료\결과물\Polygon\12.5\안전지대\35\Polygon_35.shp
35,102,5,101.0,"[7,15,17,25,33]",360,C:\Users\c\Desktop\대학생활\학연생\Approach_Departure\자료\결과물\Polygon\12.5\35\Polygon_35.shp,C:\Users\c\Desktop\대학생활\학연생\Approach_Departure\자료\결과물\Polygon\12.5\안전지대\35\Polygon_35.shp
35,103,5,102.0,"[7,15,17,25,33]",360,C:\Users\c\Desktop\대학생활\학연생\Approach_Departure\자료\결과물\Polygon\12.5\35\Polygon_35.shp,C:\Users\c\Desktop\대학생활\학연생\Approach_Departure\자료\결과물\Polygon\12.5\안전지대\35\Polygon_35.shp
35,104,5,103.0,"[7,15,17,25,33]",360,C:\Users\c\Desktop\대학생활\학연생\Approach_Departure\자료\결과물\Polygon\12.5\35\Polygon_35.shp,C:\Users\c\Desktop\대학생활\학연생\Approach_Departure\자료\결과물\Polygon\12.5\안전지대\35\Polygon_35.shp
35,105,5,104.0,"[7,15,17,25,33]",360,C:\Users\c\Desktop\대학생활\학연생\Approach_Departure\자료\결과물\Polygon\12.5\35\Polygon_35.shp,C:\Users\c\Desktop\대학생활\학연생\Approach_Departure\자료\결과물\Polygon\12.5\안전지대\35\Polygon_35.shp
35,106,5,105.0,"[7,15,17,25,33]",360,C:\Users\c\Desktop\대학생활\학연생\Approach_Departure\자료\결과물\Polygon\12.5\35\Polygon_35.shp,C:\Users\c\Desktop\대학생활\학연생\Approach_Departure\자료\결과물\Polygon\12.5\안전지대\35\Polygon_35.shp
35,107,5,106.0,"[7,15,17,25,33]",360,C:\Users\c\Desktop\대학생활\학연생\Approach_Departure\자료\결과물\Polygon\12.5\35\Polygon_35.shp,C:\Users\c\Desktop\대학생활\학연생\Approach_Departure\자료\결과물\Polygon\12.5\안전지대\35\Polygon_35.shp
35,108,5,107.0,"[7,15,17,25,33]",360,C:\Users\c\Desktop\대학생활\학연생\Approach_Departure\자료\결과물\Polygon\12.5\35\Polygon_35.shp,C:\Users\c\Desktop\대학생활\학연생\Approach_Departure\자료\결과물\Polygon\12.5\안전지대\35\Polygon_35.shp
35,109,5,108.0,"[7,15,17,25,33]",360,C:\Users\c\Desktop\대학생활\학연생\Approach_Departure\자료\결과물\Polygon\12.5\35\Polygon_35.shp,C:\Users\c\Desktop\대학생활\학연생\Approach_Departure\자료\결과물\Polygon\12.5\안전지대\35\Polygon_35.shp
35,110,5,109.0,"[7,15,17,25,33]",360,C:\Users\c\Desktop\대학생활\학연생\Approach_Departure\자료\결과물\Polygon\12.5\35\Polygon_35.shp,C:\Users\c\Desktop\대학생활\학연생\Approach_Departure\자료\결과물\Polygon\12.5\안전지대\35\Polygon_35.shp
35,111,5,110.0,"[7,15,17,25,33]",360,C:\Users\c\Desktop\대학생활\학연생\Approach_Departure\자료\결과물\Polygon\12.5\35\Polygon_35.shp,C:\Users\c\Desktop\대학생활\학연생\Approach_Departure\자료\결과물\Polygon\12.5\안전지대\35\Polygon_35.shp
35,112,5,111.0,"[7,15,17,25,33]",360,C:\Users\c\Desktop\대학생활\학연생\Approach_Departure\자료\결과물\Polygon\12.5\35\Polygon_35.shp,C:\Users\c\Desktop\대학생활\학연생\Approach_Departure\자료\결과물\Polygon\12.5\안전지대\35\Polygon_35.shp
35,113,5,112.0,"[7,15,17,25,33]",360,C:\Users\c\Desktop\대학생활\학연생\Approach_Departure\자료\결과물\Polygon\12.5\35\Polygon_35.shp,C:\Users\c\Desktop\대학생활\학연생\Approach_Departure\자료\결과물\Polygon\12.5\안전지대\35\Polygon_35.shp
35,114,5,113.0,"[7,15,17,25,33]",360,C:\Users\c\Desktop\대학생활\학연생\Approach_Departure\자료\결과물\Polygon\12.5\35\Polygon_35.shp,C:\Users\c\Desktop\대학생활\학연생\Approach_Departure\자료\결과물\Polygon\12.5\안전지대\35\Polygon_35.shp
35,115,5,114.0,"[7,15,17,25,33]",360,C:\Users\c\Desktop\대학생활\학연생\Approach_Departure\자료\결과물\Polygon\12.5\35\Polygon_35.shp,C:\Users\c\Desktop\대학생활\학연생\Approach_Departure\자료\결과물\Polygon\12.5\안전지대\35\Polygon_35.shp
35,116,5,115.0,"[7,15,17,25,33]",360,C:\Users\c\Desktop\대학생활\학연생\Approach_Departure\자료\결과물\Polygon\12.5\35\Polygon_35.shp,C:\Users\c\Desktop\대학생활\학연생\Approach_Departure\자료\결과물\Polygon\12.5\안전지대\35\Polygon_35.shp
35,117,5,116.0,"[7,15,17,25,33]",360,C:\Users\c\Desktop\대학생활\학연생\Approach_Departure\자료\결과물\Polygon\12.5\35\Polygon_35.shp,C:\Users\c\Desktop\대학생활\학연생\Approach_Departure\자료\결과물\Polygon\12.5\안전지대\35\Polygon_35.shp
35,118,5,117.0,"[7,15,17,25,33]",360,C:\Users\c\Desktop\대학생활\학연생\Approach_Departure\자료\결과물\Polygon\12.5\35\Polygon_35.shp,C:\Users\c\Desktop\대학생활\학연생\Approach_Departure\자료\결과물\Polygon\12.5\안전지대\35\Polygon_35.shp
35,119,5,118.0,"[7,15,17,25,33]",360,C:\Users\c\Desktop\대학생활\학연생\Approach_Departure\자료\결과물\Polygon\12.5\35\Polygon_35.shp,C:\Users\c\Desktop\대학생활\학연생\Approach_Departure\자료\결과물\Polygon\12.5\안전지대\35\Polygon_35.shp
35,120,5,119.0,"[7,15,17,25,33]",360,C:\Users\c\Desktop\대학생활\학연생\Approach_Departure\자료\결과물\Polygon\12.5\35\Polygon_35.shp,C:\Users\c\Desktop\대학생활\학연생\Approach_Departure\자료\결과물\Polygon\12.5\안전지대\35\Polygon_35.shp
35,121,5,120.0,"[7,15,17,25,33]",360,C:\Users\c\Desktop\대학생활\학연생\Approach_Departure\자료\결과물\Polygon\12.5\35\Polygon_35.shp,C:\Users\c\Desktop\대학생활\학연생\Approach_Departure\자료\결과물\Polygon\12.5\안전지대\35\Polygon_35.shp
35,122,5,121.0,"[7,15,17,25,33]",360,C:\Users\c\Desktop\대학생활\학연생\Approach_Departure\자료\결과물\Polygon\12.5\35\Polygon_35.shp,C:\Users\c\Desktop\대학생활\학연생\Approach_Departure\자료\결과물\Polygon\12.5\안전지대\35\Polygon_35.shp
35,123,5,122.0,"[7,15,17,25,33]",360,C:\Users\c\Desktop\대학생활\학연생\Approach_Departure\자료\결과물\Polygon\12.5\35\Polygon_35.shp,C:\Users\c\Desktop\대학생활\학연생\Approach_Departure\자료\결과물\Polygon\12.5\안전지대\35\Polygon_35.shp
35,124,5,279.0,"[7,15,17,25,33]",360,C:\Users\c\Desktop\대학생활\학연생\Approach_Departure\자료\결과물\Polygon\12.5\35\Polygon_35.shp,C:\Users\c\Desktop\대학생활\학연생\Approach_Departure\자료\결과물\Polygon\12.5\안전지대\35\Polygon_35.shp
35,125,5,280.0,"[7,15,17,25,33]",360,C:\Users\c\Desktop\대학생활\학연생\Approach_Departure\자료\결과물\Polygon\12.5\35\Polygon_35.shp,C:\Users\c\Desktop\대학생활\학연생\Approach_Departure\자료\결과물\Polygon\12.5\안전지대\35\Polygon_35.shp
35,126,5,281.0,"[7,15,17,25,33]",360,C:\Users\c\Desktop\대학생활\학연생\Approach_Departure\자료\결과물\Polygon\12.5\35\Polygon_35.shp,C:\Users\c\Desktop\대학생활\학연생\Approach_Departure\자료\결과물\Polygon\12.5\안전지대\35\Polygon_35.shp
35,127,5,282.0,"[7,15,17,25,33]",360,C:\Users\c\Desktop\대학생활\학연생\Approach_Departure\자료\결과물\Polygon\12.5\35\Polygon_35.shp,C:\Users\c\Desktop\대학생활\학연생\Approach_Departure\자료\결과물\Polygon\12.5\안전지대\35\Polygon_35.shp
35,128,5,283.0,"[7,15,17,25,33]",360,C:\Users\c\Desktop\대학생활\학연생\Approach_Departure\자료\결과물\Polygon\12.5\35\Polygon_35.shp,C:\Users\c\Desktop\대학생활\학연생\Approach_Departure\자료\결과물\Polygon\12.5\안전지대\35\Polygon_35.shp
35,129,5,284.0,"[7,15,17,25,33]",360,C:\Users\c\Desktop\대학생활\학연생\Approach_Departure\자료\결과물\Polygon\12.5\35\Polygon_35.shp,C:\Users\c\Desktop\대학생활\학연생\Approach_Departure\자료\결과물\Polygon\12.5\안전지대\35\Polygon_35.shp
35,130,5,285.0,"[7,15,17,25,33]",360,C:\Users\c\Desktop\대학생활\학연생\Approach_Departure\자료\결과물\Polygon\12.5\35\Polygon_35.shp,C:\Users\c\Desktop\대학생활\학연생\Approach_Departure\자료\결과물\Polygon\12.5\안전지대\35\Polygon_35.shp
35,131,5,286.0,"[7,15,17,25,33]",360,C:\Users\c\Desktop\대학생활\학연생\Approach_Departure\자료\결과물\Polygon\12.5\35\Polygon_35.shp,C:\Users\c\Desktop\대학생활\학연생\Approach_Departure\자료\결과물\Polygon\12.5\안전지대\35\Polygon_35.shp
35,132,5,287.0,"[7,15,17,25,33]",360,C:\Users\c\Desktop\대학생활\학연생\Approach_Departure\자료\결과물\Polygon\12.5\35\Polygon_35.shp,C:\Users\c\Desktop\대학생활\학연생\Approach_Departure\자료\결과물\Polygon\12.5\안전지대\35\Polygon_35.shp
35,133,5,288.0,"[7,15,17,25,33]",360,C:\Users\c\Desktop\대학생활\학연생\Approach_Departure\자료\결과물\Polygon\12.5\35\Polygon_35.shp,C:\Users\c\Desktop\대학생활\학연생\Approach_Departure\자료\결과물\Polygon\12.5\안전지대\35\Polygon_35.shp
35,134,5,289.0,"[7,15,17,25,33]",360,C:\Users\c\Desktop\대학생활\학연생\Approach_Departure\자료\결과물\Polygon\12.5\35\Polygon_35.shp,C:\Users\c\Desktop\대학생활\학연생\Approach_Departure\자료\결과물\Polygon\12.5\안전지대\35\Polygon_35.shp
35,135,5,290.0,"[7,15,17,25,33]",360,C:\Users\c\Desktop\대학생활\학연생\Approach_Departure\자료\결과물\Polygon\12.5\35\Polygon_35.shp,C:\Users\c\Desktop\대학생활\학연생\Approach_Departure\자료\결과물\Polygon\12.5\안전지대\35\Polygon_35.shp
35,136,5,291.0,"[7,15,17,25,33]",360,C:\Users\c\Desktop\대학생활\학연생\Approach_Departure\자료\결과물\Polygon\12.5\35\Polygon_35.shp,C:\Users\c\Desktop\대학생활\학연생\Approach_Departure\자료\결과물\Polygon\12.5\안전지대\35\Polygon_35.shp
35,137,5,292.0,"[7,15,17,25,33]",360,C:\Users\c\Desktop\대학생활\학연생\Approach_Departure\자료\결과물\Polygon\12.5\35\Polygon_35.shp,C:\Users\c\Desktop\대학생활\학연생\Approach_Departure\자료\결과물\Polygon\12.5\안전지대\35\Polygon_35.shp
35,138,5,293.0,"[7,15,17,25,33]",360,C:\Users\c\Desktop\대학생활\학연생\Approach_Departure\자료\결과물\Polygon\12.5\35\Polygon_35.shp,C:\Users\c\Desktop\대학생활\학연생\Approach_Departure\자료\결과물\Polygon\12.5\안전지대\35\Polygon_35.shp
35,139,5,294.0,"[7,15,17,25,33]",360,C:\Users\c\Desktop\대학생활\학연생\Approach_Departure\자료\결과물\Polygon\12.5\35\Polygon_35.shp,C:\Users\c\Desktop\대학생활\학연생\Approach_Departure\자료\결과물\Polygon\12.5\안전지대\35\Polygon_35.shp
35,140,5,295.0,"[7,15,17,25,33]",360,C:\Users\c\Desktop\대학생활\학연생\Approach_Departure\자료\결과물\Polygon\12.5\35\Polygon_35.shp,C:\Users\c\Desktop\대학생활\학연생\Approach_Departure\자료\결과물\Polygon\12.5\안전지대\35\Polygon_35.shp
35,141,5,296.0,"[7,15,17,25,33]",360,C:\Users\c\Desktop\대학생활\학연생\Approach_Departure\자료\결과물\Polygon\12.5\35\Polygon_35.shp,C:\Users\c\Desktop\대학생활\학연생\Approach_Departure\자료\결과물\Polygon\12.5\안전지대\35\Polygon_35.shp
35,142,5,297.0,"[7,15,17,25,33]",360,C:\Users\c\Desktop\대학생활\학연생\Approach_Departure\자료\결과물\Polygon\12.5\35\Polygon_35.shp,C:\Users\c\Desktop\대학생활\학연생\Approach_Departure\자료\결과물\Polygon\12.5\안전지대\35\Polygon_35.shp
35,143,5,298.0,"[7,15,17,25,33]",360,C:\Users\c\Desktop\대학생활\학연생\Approach_Departure\자료\결과물\Polygon\12.5\35\Polygon_35.shp,C:\Users\c\Desktop\대학생활\학연생\Approach_Departure\자료\결과물\Polygon\12.5\안전지대\35\Polygon_35.shp
35,144,5,299.0,"[7,15,17,25,33]",360,C:\Users\c\Desktop\대학생활\학연생\Approach_Departure\자료\결과물\Polygon\12.5\35\Polygon_35.shp,C:\Users\c\Desktop\대학생활\학연생\Approach_Departure\자료\결과물\Polygon\12.5\안전지대\35\Polygon_35.shp
35,145,5,300.0,"[7,15,17,25,33]",360,C:\Users\c\Desktop\대학생활\학연생\Approach_Departure\자료\결과물\Polygon\12.5\35\Polygon_35.shp,C:\Users\c\Desktop\대학생활\학연생\Approach_Departure\자료\결과물\Polygon\12.5\안전지대\35\Polygon_35.shp
35,146,5,301.0,"[7,15,17,25,33]",360,C:\Users\c\Desktop\대학생활\학연생\Approach_Departure\자료\결과물\Polygon\12.5\35\Polygon_35.shp,C:\Users\c\Desktop\대학생활\학연생\Approach_Departure\자료\결과물\Polygon\12.5\안전지대\35\Polygon_35.shp
35,147,5,302.0,"[7,15,17,25,33]",360,C:\Users\c\Desktop\대학생활\학연생\Approach_Departure\자료\결과물\Polygon\12.5\35\Polygon_35.shp,C:\Users\c\Desktop\대학생활\학연생\Approach_Departure\자료\결과물\Polygon\12.5\안전지대\35\Polygon_35.shp
35,148,5,303.0,"[7,15,17,25,33]",360,C:\Users\c\Desktop\대학생활\학연생\Approach_Departure\자료\결과물\Polygon\12.5\35\Polygon_35.shp,C:\Users\c\Desktop\대학생활\학연생\Approach_Departure\자료\결과물\Polygon\12.5\안전지대\35\Polygon_35.shp
35,149,5,304.0,"[7,15,17,25,33]",360,C:\Users\c\Desktop\대학생활\학연생\Approach_Departure\자료\결과물\Polygon\12.5\35\Polygon_35.shp,C:\Users\c\Desktop\대학생활\학연생\Approach_Departure\자료\결과물\Polygon\12.5\안전지대\35\Polygon_35.shp
35,150,5,305.0,"[7,15,17,25,33]",360,C:\Users\c\Desktop\대학생활\학연생\Approach_Departure\자료\결과물\Polygon\12.5\35\Polygon_35.shp,C:\Users\c\Desktop\대학생활\학연생\Approach_Departure\자료\결과물\Polygon\12.5\안전지대\35\Polygon_35.shp
35,151,5,306.0,"[7,15,17,25,33]",360,C:\Users\c\Desktop\대학생활\학연생\Approach_Departure\자료\결과물\Polygon\12.5\35\Polygon_35.shp,C:\Users\c\Desktop\대학생활\학연생\Approach_Departure\자료\결과물\Polygon\12.5\안전지대\35\Polygon_35.shp
35,152,5,307.0,"[7,15,17,25,33]",360,C:\Users\c\Desktop\대학생활\학연생\Approach_Departure\자료\결과물\Polygon\12.5\35\Polygon_35.shp,C:\Users\c\Desktop\대학생활\학연생\Approach_Departure\자료\결과물\Polygon\12.5\안전지대\35\Polygon_35.shp
35,153,5,308.0,"[7,15,17,25,33]",360,C:\Users\c\Desktop\대학생활\학연생\Approach_Departure\자료\결과물\Polygon\12.5\35\Polygon_35.shp,C:\Users\c\Desktop\대학생활\학연생\Approach_Departure\자료\결과물\Polygon\12.5\안전지대\35\Polygon_35.shp
35,154,5,309.0,"[7,15,17,25,33]",360,C:\Users\c\Desktop\대학생활\학연생\Approach_Departure\자료\결과물\Polygon\12.5\35\Polygon_35.shp,C:\Users\c\Desktop\대학생활\학연생\Approach_Departure\자료\결과물\Polygon\12.5\안전지대\35\Polygon_35.shp
35,155,5,310.0,"[7,15,17,25,33]",360,C:\Users\c\Desktop\대학생활\학연생\Approach_Departure\자료\결과물\Polygon\12.5\35\Polygon_35.shp,C:\Users\c\Desktop\대학생활\학연생\Approach_Departure\자료\결과물\Polygon\12.5\안전지대\35\Polygon_35.shp
35,156,5,311.0,"[7,15,17,25,33]",360,C:\Users\c\Desktop\대학생활\학연생\Approach_Departure\자료\결과물\Polygon\12.5\35\Polygon_35.shp,C:\Users\c\Desktop\대학생활\학연생\Approach_Departure\자료\결과물\Polygon\12.5\안전지대\35\Polygon_35.shp
35,157,5,312.0,"[7,15,17,25,33]",360,C:\Users\c\Desktop\대학생활\학연생\Approach_Departure\자료\결과물\Polygon\12.5\35\Polygon_35.shp,C:\Users\c\Desktop\대학생활\학연생\Approach_Departure\자료\결과물\Polygon\12.5\안전지대\35\Polygon_35.shp
35,158,5,313.0,"[7,15,17,25,33]",360,C:\Users\c\Desktop\대학생활\학연생\Approach_Departure\자료\결과물\Polygon\12.5\35\Polygon_35.shp,C:\Users\c\Desktop\대학생활\학연생\Approach_Departure\자료\결과물\Polygon\12.5\안전지대\35\Polygon_35.shp
35,159,5,314.0,"[7,15,17,25,33]",360,C:\Users\c\Desktop\대학생활\학연생\Approach_Departure\자료\결과물\Polygon\12.5\35\Polygon_35.shp,C:\Users\c\Desktop\대학생활\학연생\Approach_Departure\자료\결과물\Polygon\12.5\안전지대\35\Polygon_35.shp
35,160,5,315.0,"[7,15,17,25,33]",360,C:\Users\c\Desktop\대학생활\학연생\Approach_Departure\자료\결과물\Polygon\12.5\35\Polygon_35.shp,C:\Users\c\Desktop\대학생활\학연생\Approach_Departure\자료\결과물\Polygon\12.5\안전지대\35\Polygon_35.shp
35,161,5,316.0,"[7,15,17,25,33]",360,C:\Users\c\Desktop\대학생활\학연생\Approach_Departure\자료\결과물\Polygon\12.5\35\Polygon_35.shp,C:\Users\c\Desktop\대학생활\학연생\Approach_Departure\자료\결과물\Polygon\12.5\안전지대\35\Polygon_35.shp
35,162,5,317.0,"[7,15,17,25,33]",360,C:\Users\c\Desktop\대학생활\학연생\Approach_Departure\자료\결과물\Polygon\12.5\35\Polygon_35.shp,C:\Users\c\Desktop\대학생활\학연생\Approach_Departure\자료\결과물\Polygon\12.5\안전지대\35\Polygon_35.shp
35,163,5,318.0,"[7,15,17,25,33]",360,C:\Users\c\Desktop\대학생활\학연생\Approach_Departure\자료\결과물\Polygon\12.5\35\Polygon_35.shp,C:\Users\c\Desktop\대학생활\학연생\Approach_Departure\자료\결과물\Polygon\12.5\안전지대\35\Polygon_35.shp
35,164,5,319.0,"[7,15,17,25,33]",360,C:\Users\c\Desktop\대학생활\학연생\Approach_Departure\자료\결과물\Polygon\12.5\35\Polygon_35.shp,C:\Users\c\Desktop\대학생활\학연생\Approach_Departure\자료\결과물\Polygon\12.5\안전지대\35\Polygon_35.shp
35,165,5,320.0,"[7,15,17,25,33]",360,C:\Users\c\Desktop\대학생활\학연생\Approach_Departure\자료\결과물\Polygon\12.5\35\Polygon_35.shp,C:\Users\c\Desktop\대학생활\학연생\Approach_Departure\자료\결과물\Polygon\12.5\안전지대\35\Polygon_35.shp
35,166,5,321.0,"[7,15,17,25,33]",360,C:\Users\c\Desktop\대학생활\학연생\Approach_Departure\자료\결과물\Polygon\12.5\35\Polygon_35.shp,C:\Users\c\Desktop\대학생활\학연생\Approach_Departure\자료\결과물\Polygon\12.5\안전지대\35\Polygon_35.shp
35,167,5,322.0,"[7,15,17,25,33]",360,C:\Users\c\Desktop\대학생활\학연생\Approach_Departure\자료\결과물\Polygon\12.5\35\Polygon_35.shp,C:\Users\c\Desktop\대학생활\학연생\Approach_Departure\자료\결과물\Polygon\12.5\안전지대\35\Polygon_35.shp
35,168,5,323.0,"[7,15,17,25,33]",360,C:\Users\c\Desktop\대학생활\학연생\Approach_Departure\자료\결과물\Polygon\12.5\35\Polygon_35.shp,C:\Users\c\Desktop\대학생활\학연생\Approach_Departure\자료\결과물\Polygon\12.5\안전지대\35\Polygon_35.shp
35,169,5,324.0,"[7,15,17,25,33]",360,C:\Users\c\Desktop\대학생활\학연생\Approach_Departure\자료\결과물\Polygon\12.5\35\Polygon_35.shp,C:\Users\c\Desktop\대학생활\학연생\Approach_Departure\자료\결과물\Polygon\12.5\안전지대\35\Polygon_35.shp
35,170,5,325.0,"[7,15,17,25,33]",360,C:\Users\c\Desktop\대학생활\학연생\Approach_Departure\자료\결과물\Polygon\12.5\35\Polygon_35.shp,C:\Users\c\Desktop\대학생활\학연생\Approach_Departure\자료\결과물\Polygon\12.5\안전지대\35\Polygon_35.shp
35,171,5,326.0,"[7,15,17,25,33]",360,C:\Users\c\Desktop\대학생활\학연생\Approach_Departure\자료\결과물\Polygon\12.5\35\Polygon_35.shp,C:\Users\c\Desktop\대학생활\학연생\Approach_Departure\자료\결과물\Polygon\12.5\안전지대\35\Polygon_35.shp
35,172,5,327.0,"[7,15,17,25,33]",360,C:\Users\c\Desktop\대학생활\학연생\Approach_Departure\자료\결과물\Polygon\12.5\35\Polygon_35.shp,C:\Users\c\Desktop\대학생활\학연생\Approach_Departure\자료\결과물\Polygon\12.5\안전지대\35\Polygon_35.shp
35,173,5,328.0,"[7,15,17,25,33]",360,C:\Users\c\Desktop\대학생활\학연생\Approach_Departure\자료\결과물\Polygon\12.5\35\Polygon_35.shp,C:\Users\c\Desktop\대학생활\학연생\Approach_Departure\자료\결과물\Polygon\12.5\안전지대\35\Polygon_35.shp
35,174,5,329.0,"[7,15,17,25,33]",360,C:\Users\c\Desktop\대학생활\학연생\Approach_Departure\자료\결과물\Polygon\12.5\35\Polygon_35.shp,C:\Users\c\Desktop\대학생활\학연생\Approach_Departure\자료\결과물\Polygon\12.5\안전지대\35\Polygon_35.shp
35,175,5,330.0,"[7,15,17,25,33]",360,C:\Users\c\Desktop\대학생활\학연생\Approach_Departure\자료\결과물\Polygon\12.5\35\Polygon_35.shp,C:\Users\c\Desktop\대학생활\학연생\Approach_Departure\자료\결과물\Polygon\12.5\안전지대\35\Polygon_35.shp
35,176,5,331.0,"[7,15,17,25,33]",360,C:\Users\c\Desktop\대학생활\학연생\Approach_Departure\자료\결과물\Polygon\12.5\35\Polygon_35.shp,C:\Users\c\Desktop\대학생활\학연생\Approach_Departure\자료\결과물\Polygon\12.5\안전지대\35\Polygon_35.shp
35,177,5,332.0,"[7,15,17,25,33]",360,C:\Users\c\Desktop\대학생활\학연생\Approach_Departure\자료\결과물\Polygon\12.5\35\Polygon_35.shp,C:\Users\c\Desktop\대학생활\학연생\Approach_Departure\자료\결과물\Polygon\12.5\안전지대\35\Polygon_35.shp
35,178,5,333.0,"[7,15,17,25,33]",360,C:\Users\c\Desktop\대학생활\학연생\Approach_Departure\자료\결과물\Polygon\12.5\35\Polygon_35.shp,C:\Users\c\Desktop\대학생활\학연생\Approach_Departure\자료\결과물\Polygon\12.5\안전지대\35\Polygon_35.shp
35,179,5,334.0,"[7,15,17,25,33]",360,C:\Users\c\Desktop\대학생활\학연생\Approach_Departure\자료\결과물\Polygon\12.5\35\Polygon_35.shp,C:\Users\c\Desktop\대학생활\학연생\Approach_Departure\자료\결과물\Polygon\12.5\안전지대\35\Polygon_35.shp
35,180,5,335.0,"[7,15,17,25,33]",360,C:\Users\c\Desktop\대학생활\학연생\Approach_Departure\자료\결과물\Polygon\12.5\35\Polygon_35.shp,C:\Users\c\Desktop\대학생활\학연생\Approach_Departure\자료\결과물\Polygon\12.5\안전지대\35\Polygon_35.shp
35,181,5,336.0,"[7,15,17,25,33]",360,C:\Users\c\Desktop\대학생활\학연생\Approach_Departure\자료\결과물\Polygon\12.5\35\Polygon_35.shp,C:\Users\c\Desktop\대학생활\학연생\Approach_Departure\자료\결과물\Polygon\12.5\안전지대\35\Polygon_35.shp
35,182,5,337.0,"[7,15,17,25,33]",360,C:\Users\c\Desktop\대학생활\학연생\Approach_Departure\자료\결과물\Polygon\12.5\35\Polygon_35.shp,C:\Users\c\Desktop\대학생활\학연생\Approach_Departure\자료\결과물\Polygon\12.5\안전지대\35\Polygon_35.shp
35,183,5,338.0,"[7,15,17,25,33]",360,C:\Users\c\Desktop\대학생활\학연생\Approach_Departure\자료\결과물\Polygon\12.5\35\Polygon_35.shp,C:\Users\c\Desktop\대학생활\학연생\Approach_Departure\자료\결과물\Polygon\12.5\안전지대\35\Polygon_35.shp
35,184,5,339.0,"[7,15,17,25,33]",360,C:\Users\c\Desktop\대학생활\학연생\Approach_Departure\자료\결과물\Polygon\12.5\35\Polygon_35.shp,C:\Users\c\Desktop\대학생활\학연생\Approach_Departure\자료\결과물\Polygon\12.5\안전지대\35\Polygon_35.shp
35,185,5,340.0,"[7,15,17,25,33]",360,C:\Users\c\Desktop\대학생활\학연생\Approach_Departure\자료\결과물\Polygon\12.5\35\Polygon_35.shp,C:\Users\c\Desktop\대학생활\학연생\Approach_Departure\자료\결과물\Polygon\12.5\안전지대\35\Polygon_35.shp
35,186,5,341.0,"[7,15,17,25,33]",360,C:\Users\c\Desktop\대학생활\학연생\Approach_Departure\자료\결과물\Polygon\12.5\35\Polygon_35.shp,C:\Users\c\Desktop\대학생활\학연생\Approach_Departure\자료\결과물\Polygon\12.5\안전지대\35\Polygon_35.shp
35,187,5,342.0,"[7,15,17,25,33]",360,C:\Users\c\Desktop\대학생활\학연생\Approach_Departure\자료\결과물\Polygon\12.5\35\Polygon_35.shp,C:\Users\c\Desktop\대학생활\학연생\Approach_Departure\자료\결과물\Polygon\12.5\안전지대\35\Polygon_35.shp
35,188,5,343.0,"[7,15,17,25,33]",360,C:\Users\c\Desktop\대학생활\학연생\Approach_Departure\자료\결과물\Polygon\12.5\35\Polygon_35.shp,C:\Users\c\Desktop\대학생활\학연생\Approach_Departure\자료\결과물\Polygon\12.5\안전지대\35\Polygon_35.shp
35,189,5,344.0,"[7,15,17,25,33]",360,C:\Users\c\Desktop\대학생활\학연생\Approach_Departure\자료\결과물\Polygon\12.5\35\Polygon_35.shp,C:\Users\c\Desktop\대학생활\학연생\Approach_Departure\자료\결과물\Polygon\12.5\안전지대\35\Polygon_35.shp
35,190,5,345.0,"[7,15,17,25,33]",360,C:\Users\c\Desktop\대학생활\학연생\Approach_Departure\자료\결과물\Polygon\12.5\35\Polygon_35.shp,C:\Users\c\Desktop\대학생활\학연생\Approach_Departure\자료\결과물\Polygon\12.5\안전지대\35\Polygon_35.shp
35,191,5,346.0,"[7,15,17,25,33]",360,C:\Users\c\Desktop\대학생활\학연생\Approach_Departure\자료\결과물\Polygon\12.5\35\Polygon_35.shp,C:\Users\c\Desktop\대학생활\학연생\Approach_Departure\자료\결과물\Polygon\12.5\안전지대\35\Polygon_35.shp
35,192,5,347.0,"[7,15,17,25,33]",360,C:\Users\c\Desktop\대학생활\학연생\Approach_Departure\자료\결과물\Polygon\12.5\35\Polygon_35.shp,C:\Users\c\Desktop\대학생활\학연생\Approach_Departure\자료\결과물\Polygon\12.5\안전지대\35\Polygon_35.shp
35,193,5,348.0,"[7,15,17,25,33]",360,C:\Users\c\Desktop\대학생활\학연생\Approach_Departure\자료\결과물\Polygon\12.5\35\Polygon_35.shp,C:\Users\c\Desktop\대학생활\학연생\Approach_Departure\자료\결과물\Polygon\12.5\안전지대\35\Polygon_35.shp
35,194,5,349.0,"[7,15,17,25,33]",360,C:\Users\c\Desktop\대학생활\학연생\Approach_Departure\자료\결과물\Polygon\12.5\35\Polygon_35.shp,C:\Users\c\Desktop\대학생활\학연생\Approach_Departure\자료\결과물\Polygon\12.5\안전지대\35\Polygon_35.shp
35,195,5,350.0,"[7,15,17,25,33]",360,C:\Users\c\Desktop\대학생활\학연생\Approach_Departure\자료\결과물\Polygon\12.5\35\Polygon_35.shp,C:\Users\c\Desktop\대학생활\학연생\Approach_Departure\자료\결과물\Polygon\12.5\안전지대\35\Polygon_35.shp
35,196,5,351.0,"[7,15,17,25,33]",360,C:\Users\c\Desktop\대학생활\학연생\Approach_Departure\자료\결과물\Polygon\12.5\35\Polygon_35.shp,C:\Users\c\Desktop\대학생활\학연생\Approach_Departure\자료\결과물\Polygon\12.5\안전지대\35\Polygon_35.shp
35,197,5,352.0,"[7,15,17,25,33]",360,C:\Users\c\Desktop\대학생활\학연생\Approach_Departure\자료\결과물\Polygon\12.5\35\Polygon_35.shp,C:\Users\c\Desktop\대학생활\학연생\Approach_Departure\자료\결과물\Polygon\12.5\안전지대\35\Polygon_35.shp
35,198,5,353.0,"[7,15,17,25,33]",360,C:\Users\c\Desktop\대학생활\학연생\Approach_Departure\자료\결과물\Polygon\12.5\35\Polygon_35.shp,C:\Users\c\Desktop\대학생활\학연생\Approach_Departure\자료\결과물\Polygon\12.5\안전지대\35\Polygon_35.shp
35,199,5,354.0,"[7,15,17,25,33]",360,C:\Users\c\Desktop\대학생활\학연생\Approach_Departure\자료\결과물\Polygon\12.5\35\Polygon_35.shp,C:\Users\c\Desktop\대학생활\학연생\Approach_Departure\자료\결과물\Polygon\12.5\안전지대\35\Polygon_35.shp
35,200,5,355.0,"[7,15,17,25,33]",360,C:\Users\c\Desktop\대학생활\학연생\Approach_Departure\자료\결과물\Polygon\12.5\35\Polygon_35.shp,C:\Users\c\Desktop\대학생활\학연생\Approach_Departure\자료\결과물\Polygon\12.5\안전지대\35\Polygon_35.shp
35,201,5,356.0,"[7,15,17,25,33]",360,C:\Users\c\Desktop\대학생활\학연생\Approach_Departure\자료\결과물\Polygon\12.5\35\Polygon_35.shp,C:\Users\c\Desktop\대학생활\학연생\Approach_Departure\자료\결과물\Polygon\12.5\안전지대\35\Polygon_35.shp
35,202,5,357.0,"[7,15,17,25,33]",360,C:\Users\c\Desktop\대학생활\학연생\Approach_Departure\자료\결과물\Polygon\12.5\35\Polygon_35.shp,C:\Users\c\Desktop\대학생활\학연생\Approach_Departure\자료\결과물\Polygon\12.5\안전지대\35\Polygon_35.shp
35,203,5,358.0,"[7,15,17,25,33]",360,C:\Users\c\Desktop\대학생활\학연생\Approach_Departure\자료\결과물\Polygon\12.5\35\Polygon_35.shp,C:\Users\c\Desktop\대학생활\학연생\Approach_Departure\자료\결과물\Polygon\12.5\안전지대\35\Polygon_35.shp
35,204,5,359.0,"[7,15,17,25,33]",360,C:\Users\c\Desktop\대학생활\학연생\Approach_Departure\자료\결과물\Polygon\12.5\35\Polygon_35.shp,C:\Users\c\Desktop\대학생활\학연생\Approach_Departure\자료\결과물\Polygon\12.5\안전지대\35\Polygon_35.shp
36,1,23,229.0,"[1,2,4,5,6,10,11,12,13,14,16,18,19,20,22,23,24,28,29,30,31,32,34]",247,C:\Users\c\Desktop\대학생활\학연생\Approach_Departure\자료\결과물\Polygon\12.5\36\Polygon_36.shp,C:\Users\c\Desktop\대학생활\학연생\Approach_Departure\자료\결과물\Polygon\12.5\안전지대\36\Polygon_36.shp
36,2,23,230.0,"[1,2,4,5,6,10,11,12,13,14,16,18,19,20,22,23,24,28,29,30,31,32,34]",247,C:\Users\c\Desktop\대학생활\학연생\Approach_Departure\자료\결과물\Polygon\12.5\36\Polygon_36.shp,C:\Users\c\Desktop\대학생활\학연생\Approach_Departure\자료\결과물\Polygon\12.5\안전지대\36\Polygon_36.shp
36,3,23,291.0,"[1,2,4,5,6,10,11,12,13,14,16,18,19,20,22,23,24,28,29,30,31,32,34]",247,C:\Users\c\Desktop\대학생활\학연생\Approach_Departure\자료\결과물\Polygon\12.5\36\Polygon_36.shp,C:\Users\c\Desktop\대학생활\학연생\Approach_Departure\자료\결과물\Polygon\12.5\안전지대\36\Polygon_36.shp
36,4,23,292.0,"[1,2,4,5,6,10,11,12,13,14,16,18,19,20,22,23,24,28,29,30,31,32,34]",247,C:\Users\c\Desktop\대학생활\학연생\Approach_Departure\자료\결과물\Polygon\12.5\36\Polygon_36.shp,C:\Users\c\Desktop\대학생활\학연생\Approach_Departure\자료\결과물\Polygon\12.5\안전지대\36\Polygon_36.shp
36,5,23,293.0,"[1,2,4,5,6,10,11,12,13,14,16,18,19,20,22,23,24,28,29,30,31,32,34]",247,C:\Users\c\Desktop\대학생활\학연생\Approach_Departure\자료\결과물\Polygon\12.5\36\Polygon_36.shp,C:\Users\c\Desktop\대학생활\학연생\Approach_Departure\자료\결과물\Polygon\12.5\안전지대\36\Polygon_36.shp
36,6,23,294.0,"[1,2,4,5,6,10,11,12,13,14,16,18,19,20,22,23,24,28,29,30,31,32,34]",247,C:\Users\c\Desktop\대학생활\학연생\Approach_Departure\자료\결과물\Polygon\12.5\36\Polygon_36.shp,C:\Users\c\Desktop\대학생활\학연생\Approach_Departure\자료\결과물\Polygon\12.5\안전지대\36\Polygon_36.shp
36,7,23,295.0,"[1,2,4,5,6,10,11,12,13,14,16,18,19,20,22,23,24,28,29,30,31,32,34]",247,C:\Users\c\Desktop\대학생활\학연생\Approach_Departure\자료\결과물\Polygon\12.5\36\Polygon_36.shp,C:\Users\c\Desktop\대학생활\학연생\Approach_Departure\자료\결과물\Polygon\12.5\안전지대\36\Polygon_36.shp
36,8,23,296.0,"[1,2,4,5,6,10,11,12,13,14,16,18,19,20,22,23,24,28,29,30,31,32,34]",247,C:\Users\c\Desktop\대학생활\학연생\Approach_Departure\자료\결과물\Polygon\12.5\36\Polygon_36.shp,C:\Users\c\Desktop\대학생활\학연생\Approach_Departure\자료\결과물\Polygon\12.5\안전지대\36\Polygon_36.shp
36,9,23,297.0,"[1,2,4,5,6,10,11,12,13,14,16,18,19,20,22,23,24,28,29,30,31,32,34]",247,C:\Users\c\Desktop\대학생활\학연생\Approach_Departure\자료\결과물\Polygon\12.5\36\Polygon_36.shp,C:\Users\c\Desktop\대학생활\학연생\Approach_Departure\자료\결과물\Polygon\12.5\안전지대\36\Polygon_36.shp
36,10,23,298.0,"[1,2,4,5,6,10,11,12,13,14,16,18,19,20,22,23,24,28,29,30,31,32,34]",247,C:\Users\c\Desktop\대학생활\학연생\Approach_Departure\자료\결과물\Polygon\12.5\36\Polygon_36.shp,C:\Users\c\Desktop\대학생활\학연생\Approach_Departure\자료\결과물\Polygon\12.5\안전지대\36\Polygon_36.shp
