id,순위,중첩개수,방위각,제 2 방위각,중첩된 id,전체 후보 개수,입력 파일,출력 파일
2,1,7,277.0,91.0,"[5,12,13,20,23,30,31]",252,C:\Users\choih\Desktop\연구\Landing_Depature_Process\자료\결과물\Polygon\8\2\Polygon_2.shp,C:\Users\choih\Desktop\연구\Landing_Depature_Process\자료\결과물\Polygon\12.5\안전지대\2\Polygon_2.shp
2,2,7,278.0,91.0,"[5,12,13,20,23,30,31]",252,C:\Users\choih\Desktop\연구\Landing_Depature_Process\자료\결과물\Polygon\8\2\Polygon_2.shp,C:\Users\choih\Desktop\연구\Landing_Depature_Process\자료\결과물\Polygon\12.5\안전지대\2\Polygon_2.shp
2,3,7,279.0,91.0,"[5,12,13,20,23,30,31]",252,C:\Users\choih\Desktop\연구\Landing_Depature_Process\자료\결과물\Polygon\8\2\Polygon_2.shp,C:\Users\choih\Desktop\연구\Landing_Depature_Process\자료\결과물\Polygon\12.5\안전지대\2\Polygon_2.shp
2,4,7,280.0,91.0,"[5,12,13,20,23,30,31]",252,C:\Users\choih\Desktop\연구\Landing_Depature_Process\자료\결과물\Polygon\8\2\Polygon_2.shp,C:\Users\choih\Desktop\연구\Landing_Depature_Process\자료\결과물\Polygon\12.5\안전지대\2\Polygon_2.shp
2,5,7,281.0,91.0,"[5,12,13,20,23,30,31]",252,C:\Users\choih\Desktop\연구\Landing_Depature_Process\자료\결과물\Polygon\8\2\Polygon_2.shp,C:\Users\choih\Desktop\연구\Landing_Depature_Process\자료\결과물\Polygon\12.5\안전지대\2\Polygon_2.shp
2,6,7,282.0,91.0,"[5,12,13,20,23,30,31]",252,C:\Users\choih\Desktop\연구\Landing_Depature_Process\자료\결과물\Polygon\8\2\Polygon_2.shp,C:\Users\choih\Desktop\연구\Landing_Depature_Process\자료\결과물\Polygon\12.5\안전지대\2\Polygon_2.shp
2,7,7,283.0,91.0,"[5,12,13,20,23,30,31]",252,C:\Users\choih\Desktop\연구\Landing_Depature_Process\자료\결과물\Polygon\8\2\Polygon_2.shp,C:\Users\choih\Desktop\연구\Landing_Depature_Process\자료\결과물\Polygon\12.5\안전지대\2\Polygon_2.shp
2,8,7,284.0,91.0,"[5,12,13,20,23,30,31]",252,C:\Users\choih\Desktop\연구\Landing_Depature_Process\자료\결과물\Polygon\8\2\Polygon_2.shp,C:\Users\choih\Desktop\연구\Landing_Depature_Process\자료\결과물\Polygon\12.5\안전지대\2\Polygon_2.shp
2,9,7,285.0,91.0,"[5,12,13,20,23,30,31]",252,C:\Users\choih\Desktop\연구\Landing_Depature_Process\자료\결과물\Polygon\8\2\Polygon_2.shp,C:\Users\choih\Desktop\연구\Landing_Depature_Process\자료\결과물\Polygon\12.5\안전지대\2\Polygon_2.shp
2,10,7,286.0,91.0,"[5,12,13,20,23,30,31]",252,C:\Users\choih\Desktop\연구\Landing_Depature_Process\자료\결과물\Polygon\8\2\Polygon_2.shp,C:\Users\choih\Desktop\연구\Landing_Depature_Process\자료\결과물\Polygon\12.5\안전지대\2\Polygon_2.shp
5,1,7,244.0,89.0,"[8,12,13,23,26,30,31]",311,C:\Users\choih\Desktop\연구\Landing_Depature_Process\자료\결과물\Polygon\8\5\Polygon_5.shp,C:\Users\choih\Desktop\연구\Landing_Depature_Process\자료\결과물\Polygon\12.5\안전지대\5\Polygon_5.shp
5,2,7,245.0,89.0,"[8,12,13,23,26,30,31]",311,C:\Users\choih\Desktop\연구\Landing_Depature_Process\자료\결과물\Polygon\8\5\Polygon_5.shp,C:\Users\choih\Desktop\연구\Landing_Depature_Process\자료\결과물\Polygon\12.5\안전지대\5\Polygon_5.shp
5,3,7,246.0,89.0,"[8,12,13,23,26,30,31]",311,C:\Users\choih\Desktop\연구\Landing_Depature_Process\자료\결과물\Polygon\8\5\Polygon_5.shp,C:\Users\choih\Desktop\연구\Landing_Depature_Process\자료\결과물\Polygon\12.5\안전지대\5\Polygon_5.shp
5,4,7,247.0,89.0,"[8,12,13,23,26,30,31]",311,C:\Users\choih\Desktop\연구\Landing_Depature_Process\자료\결과물\Polygon\8\5\Polygon_5.shp,C:\Users\choih\Desktop\연구\Landing_Depature_Process\자료\결과물\Polygon\12.5\안전지대\5\Polygon_5.shp
5,5,7,248.0,89.0,"[8,12,13,23,26,30,31]",311,C:\Users\choih\Desktop\연구\Landing_Depature_Process\자료\결과물\Polygon\8\5\Polygon_5.shp,C:\Users\choih\Desktop\연구\Landing_Depature_Process\자료\결과물\Polygon\12.5\안전지대\5\Polygon_5.shp
5,6,7,256.0,89.0,"[2,12,13,20,23,30,31]",311,C:\Users\choih\Desktop\연구\Landing_Depature_Process\자료\결과물\Polygon\8\5\Polygon_5.shp,C:\Users\choih\Desktop\연구\Landing_Depature_Process\자료\결과물\Polygon\12.5\안전지대\5\Polygon_5.shp
5,7,7,257.0,89.0,"[2,12,13,20,23,30,31]",311,C:\Users\choih\Desktop\연구\Landing_Depature_Process\자료\결과물\Polygon\8\5\Polygon_5.shp,C:\Users\choih\Desktop\연구\Landing_Depature_Process\자료\결과물\Polygon\12.5\안전지대\5\Polygon_5.shp
5,8,7,258.0,89.0,"[2,12,13,20,23,30,31]",311,C:\Users\choih\Desktop\연구\Landing_Depature_Process\자료\결과물\Polygon\8\5\Polygon_5.shp,C:\Users\choih\Desktop\연구\Landing_Depature_Process\자료\결과물\Polygon\12.5\안전지대\5\Polygon_5.shp
5,9,7,259.0,89.0,"[2,12,13,20,23,30,31]",311,C:\Users\choih\Desktop\연구\Landing_Depature_Process\자료\결과물\Polygon\8\5\Polygon_5.shp,C:\Users\choih\Desktop\연구\Landing_Depature_Process\자료\결과물\Polygon\12.5\안전지대\5\Polygon_5.shp
5,10,7,260.0,89.0,"[2,12,13,20,23,30,31]",311,C:\Users\choih\Desktop\연구\Landing_Depature_Process\자료\결과물\Polygon\8\5\Polygon_5.shp,C:\Users\choih\Desktop\연구\Landing_Depature_Process\자료\결과물\Polygon\12.5\안전지대\5\Polygon_5.shp
7,1,7,0.0,212.0,"[12,15,17,25,30,33,35]",360,C:\Users\choih\Desktop\연구\Landing_Depature_Process\자료\결과물\Polygon\8\7\Polygon_7.shp,C:\Users\choih\Desktop\연구\Landing_Depature_Process\자료\결과물\Polygon\12.5\안전지대\7\Polygon_7.shp
7,2,7,1.0,212.0,"[12,15,17,25,30,33,35]",360,C:\Users\choih\Desktop\연구\Landing_Depature_Process\자료\결과물\Polygon\8\7\Polygon_7.shp,C:\Users\choih\Desktop\연구\Landing_Depature_Process\자료\결과물\Polygon\12.5\안전지대\7\Polygon_7.shp
7,3,7,2.0,212.0,"[12,15,17,25,30,33,35]",360,C:\Users\choih\Desktop\연구\Landing_Depature_Process\자료\결과물\Polygon\8\7\Polygon_7.shp,C:\Users\choih\Desktop\연구\Landing_Depature_Process\자료\결과물\Polygon\12.5\안전지대\7\Polygon_7.shp
7,4,7,3.0,212.0,"[12,15,17,25,30,33,35]",360,C:\Users\choih\Desktop\연구\Landing_Depature_Process\자료\결과물\Polygon\8\7\Polygon_7.shp,C:\Users\choih\Desktop\연구\Landing_Depature_Process\자료\결과물\Polygon\12.5\안전지대\7\Polygon_7.shp
7,5,7,4.0,212.0,"[12,15,17,25,30,33,35]",360,C:\Users\choih\Desktop\연구\Landing_Depature_Process\자료\결과물\Polygon\8\7\Polygon_7.shp,C:\Users\choih\Desktop\연구\Landing_Depature_Process\자료\결과물\Polygon\12.5\안전지대\7\Polygon_7.shp
7,6,7,5.0,212.0,"[12,15,17,25,30,33,35]",360,C:\Users\choih\Desktop\연구\Landing_Depature_Process\자료\결과물\Polygon\8\7\Polygon_7.shp,C:\Users\choih\Desktop\연구\Landing_Depature_Process\자료\결과물\Polygon\12.5\안전지대\7\Polygon_7.shp
7,7,7,6.0,212.0,"[12,15,17,25,30,33,35]",360,C:\Users\choih\Desktop\연구\Landing_Depature_Process\자료\결과물\Polygon\8\7\Polygon_7.shp,C:\Users\choih\Desktop\연구\Landing_Depature_Process\자료\결과물\Polygon\12.5\안전지대\7\Polygon_7.shp
7,8,7,7.0,212.0,"[12,15,17,25,30,33,35]",360,C:\Users\choih\Desktop\연구\Landing_Depature_Process\자료\결과물\Polygon\8\7\Polygon_7.shp,C:\Users\choih\Desktop\연구\Landing_Depature_Process\자료\결과물\Polygon\12.5\안전지대\7\Polygon_7.shp
7,9,7,8.0,212.0,"[12,15,17,25,30,33,35]",360,C:\Users\choih\Desktop\연구\Landing_Depature_Process\자료\결과물\Polygon\8\7\Polygon_7.shp,C:\Users\choih\Desktop\연구\Landing_Depature_Process\자료\결과물\Polygon\12.5\안전지대\7\Polygon_7.shp
7,10,7,9.0,212.0,"[12,15,17,25,30,33,35]",360,C:\Users\choih\Desktop\연구\Landing_Depature_Process\자료\결과물\Polygon\8\7\Polygon_7.shp,C:\Users\choih\Desktop\연구\Landing_Depature_Process\자료\결과물\Polygon\12.5\안전지대\7\Polygon_7.shp
8,1,9,88.0,218.0,"[2,5,12,13,20,23,26,30,31]",135,C:\Users\choih\Desktop\연구\Landing_Depature_Process\자료\결과물\Polygon\8\8\Polygon_8.shp,C:\Users\choih\Desktop\연구\Landing_Depature_Process\자료\결과물\Polygon\12.5\안전지대\8\Polygon_8.shp
8,2,9,89.0,219.0,"[2,5,12,13,20,23,26,30,31]",135,C:\Users\choih\Desktop\연구\Landing_Depature_Process\자료\결과물\Polygon\8\8\Polygon_8.shp,C:\Users\choih\Desktop\연구\Landing_Depature_Process\자료\결과물\Polygon\12.5\안전지대\8\Polygon_8.shp
8,3,9,90.0,220.0,"[2,5,12,13,20,23,26,30,31]",135,C:\Users\choih\Desktop\연구\Landing_Depature_Process\자료\결과물\Polygon\8\8\Polygon_8.shp,C:\Users\choih\Desktop\연구\Landing_Depature_Process\자료\결과물\Polygon\12.5\안전지대\8\Polygon_8.shp
8,4,9,91.0,221.0,"[2,5,12,13,20,23,26,30,31]",135,C:\Users\choih\Desktop\연구\Landing_Depature_Process\자료\결과물\Polygon\8\8\Polygon_8.shp,C:\Users\choih\Desktop\연구\Landing_Depature_Process\자료\결과물\Polygon\12.5\안전지대\8\Polygon_8.shp
8,5,9,92.0,222.0,"[2,5,12,13,20,23,26,30,31]",135,C:\Users\choih\Desktop\연구\Landing_Depature_Process\자료\결과물\Polygon\8\8\Polygon_8.shp,C:\Users\choih\Desktop\연구\Landing_Depature_Process\자료\결과물\Polygon\12.5\안전지대\8\Polygon_8.shp
8,6,9,93.0,223.0,"[2,5,12,13,20,23,26,30,31]",135,C:\Users\choih\Desktop\연구\Landing_Depature_Process\자료\결과물\Polygon\8\8\Polygon_8.shp,C:\Users\choih\Desktop\연구\Landing_Depature_Process\자료\결과물\Polygon\12.5\안전지대\8\Polygon_8.shp
8,7,9,94.0,224.0,"[2,5,12,13,20,23,26,30,31]",135,C:\Users\choih\Desktop\연구\Landing_Depature_Process\자료\결과물\Polygon\8\8\Polygon_8.shp,C:\Users\choih\Desktop\연구\Landing_Depature_Process\자료\결과물\Polygon\12.5\안전지대\8\Polygon_8.shp
8,8,9,95.0,225.0,"[2,5,12,13,20,23,26,30,31]",135,C:\Users\choih\Desktop\연구\Landing_Depature_Process\자료\결과물\Polygon\8\8\Polygon_8.shp,C:\Users\choih\Desktop\연구\Landing_Depature_Process\자료\결과물\Polygon\12.5\안전지대\8\Polygon_8.shp
8,9,9,96.0,226.0,"[2,5,12,13,20,23,26,30,31]",135,C:\Users\choih\Desktop\연구\Landing_Depature_Process\자료\결과물\Polygon\8\8\Polygon_8.shp,C:\Users\choih\Desktop\연구\Landing_Depature_Process\자료\결과물\Polygon\12.5\안전지대\8\Polygon_8.shp
8,10,9,97.0,227.0,"[2,5,12,13,20,23,26,30,31]",135,C:\Users\choih\Desktop\연구\Landing_Depature_Process\자료\결과물\Polygon\8\8\Polygon_8.shp,C:\Users\choih\Desktop\연구\Landing_Depature_Process\자료\결과물\Polygon\12.5\안전지대\8\Polygon_8.shp
12,1,9,248.0,109.0,"[2,5,7,13,20,23,25,30,31]",320,C:\Users\choih\Desktop\연구\Landing_Depature_Process\자료\결과물\Polygon\8\12\Polygon_12.shp,C:\Users\choih\Desktop\연구\Landing_Depature_Process\자료\결과물\Polygon\12.5\안전지대\12\Polygon_12.shp
12,2,9,249.0,109.0,"[2,5,7,13,20,23,25,30,31]",320,C:\Users\choih\Desktop\연구\Landing_Depature_Process\자료\결과물\Polygon\8\12\Polygon_12.shp,C:\Users\choih\Desktop\연구\Landing_Depature_Process\자료\결과물\Polygon\12.5\안전지대\12\Polygon_12.shp
12,3,9,250.0,109.0,"[2,5,7,13,20,23,25,30,31]",320,C:\Users\choih\Desktop\연구\Landing_Depature_Process\자료\결과물\Polygon\8\12\Polygon_12.shp,C:\Users\choih\Desktop\연구\Landing_Depature_Process\자료\결과물\Polygon\12.5\안전지대\12\Polygon_12.shp
12,4,9,251.0,109.0,"[2,5,7,13,20,23,25,30,31]",320,C:\Users\choih\Desktop\연구\Landing_Depature_Process\자료\결과물\Polygon\8\12\Polygon_12.shp,C:\Users\choih\Desktop\연구\Landing_Depature_Process\자료\결과물\Polygon\12.5\안전지대\12\Polygon_12.shp
12,5,9,252.0,109.0,"[2,5,7,13,20,23,25,30,31]",320,C:\Users\choih\Desktop\연구\Landing_Depature_Process\자료\결과물\Polygon\8\12\Polygon_12.shp,C:\Users\choih\Desktop\연구\Landing_Depature_Process\자료\결과물\Polygon\12.5\안전지대\12\Polygon_12.shp
12,6,9,253.0,109.0,"[2,5,7,13,20,23,25,30,31]",320,C:\Users\choih\Desktop\연구\Landing_Depature_Process\자료\결과물\Polygon\8\12\Polygon_12.shp,C:\Users\choih\Desktop\연구\Landing_Depature_Process\자료\결과물\Polygon\12.5\안전지대\12\Polygon_12.shp
12,7,9,254.0,109.0,"[2,5,7,13,20,23,25,30,31]",320,C:\Users\choih\Desktop\연구\Landing_Depature_Process\자료\결과물\Polygon\8\12\Polygon_12.shp,C:\Users\choih\Desktop\연구\Landing_Depature_Process\자료\결과물\Polygon\12.5\안전지대\12\Polygon_12.shp
12,8,9,255.0,109.0,"[2,5,7,13,20,23,25,30,31]",320,C:\Users\choih\Desktop\연구\Landing_Depature_Process\자료\결과물\Polygon\8\12\Polygon_12.shp,C:\Users\choih\Desktop\연구\Landing_Depature_Process\자료\결과물\Polygon\12.5\안전지대\12\Polygon_12.shp
12,9,9,256.0,109.0,"[2,5,7,13,20,23,25,30,31]",320,C:\Users\choih\Desktop\연구\Landing_Depature_Process\자료\결과물\Polygon\8\12\Polygon_12.shp,C:\Users\choih\Desktop\연구\Landing_Depature_Process\자료\결과물\Polygon\12.5\안전지대\12\Polygon_12.shp
12,10,9,257.0,109.0,"[2,5,7,13,20,23,25,30,31]",320,C:\Users\choih\Desktop\연구\Landing_Depature_Process\자료\결과물\Polygon\8\12\Polygon_12.shp,C:\Users\choih\Desktop\연구\Landing_Depature_Process\자료\결과물\Polygon\12.5\안전지대\12\Polygon_12.shp
13,1,7,247.0,109.0,"[2,5,12,20,23,30,31]",318,C:\Users\choih\Desktop\연구\Landing_Depature_Process\자료\결과물\Polygon\8\13\Polygon_13.shp,C:\Users\choih\Desktop\연구\Landing_Depature_Process\자료\결과물\Polygon\12.5\안전지대\13\Polygon_13.shp
13,2,7,248.0,109.0,"[2,5,12,20,23,30,31]",318,C:\Users\choih\Desktop\연구\Landing_Depature_Process\자료\결과물\Polygon\8\13\Polygon_13.shp,C:\Users\choih\Desktop\연구\Landing_Depature_Process\자료\결과물\Polygon\12.5\안전지대\13\Polygon_13.shp
13,3,7,249.0,109.0,"[2,5,12,20,23,30,31]",318,C:\Users\choih\Desktop\연구\Landing_Depature_Process\자료\결과물\Polygon\8\13\Polygon_13.shp,C:\Users\choih\Desktop\연구\Landing_Depature_Process\자료\결과물\Polygon\12.5\안전지대\13\Polygon_13.shp
13,4,7,250.0,109.0,"[2,5,12,20,23,30,31]",318,C:\Users\choih\Desktop\연구\Landing_Depature_Process\자료\결과물\Polygon\8\13\Polygon_13.shp,C:\Users\choih\Desktop\연구\Landing_Depature_Process\자료\결과물\Polygon\12.5\안전지대\13\Polygon_13.shp
13,5,7,251.0,109.0,"[2,5,12,20,23,30,31]",318,C:\Users\choih\Desktop\연구\Landing_Depature_Process\자료\결과물\Polygon\8\13\Polygon_13.shp,C:\Users\choih\Desktop\연구\Landing_Depature_Process\자료\결과물\Polygon\12.5\안전지대\13\Polygon_13.shp
13,6,7,252.0,109.0,"[2,5,12,20,23,30,31]",318,C:\Users\choih\Desktop\연구\Landing_Depature_Process\자료\결과물\Polygon\8\13\Polygon_13.shp,C:\Users\choih\Desktop\연구\Landing_Depature_Process\자료\결과물\Polygon\12.5\안전지대\13\Polygon_13.shp
13,7,7,253.0,109.0,"[2,5,12,20,23,30,31]",318,C:\Users\choih\Desktop\연구\Landing_Depature_Process\자료\결과물\Polygon\8\13\Polygon_13.shp,C:\Users\choih\Desktop\연구\Landing_Depature_Process\자료\결과물\Polygon\12.5\안전지대\13\Polygon_13.shp
13,8,7,254.0,109.0,"[2,5,12,20,23,30,31]",318,C:\Users\choih\Desktop\연구\Landing_Depature_Process\자료\결과물\Polygon\8\13\Polygon_13.shp,C:\Users\choih\Desktop\연구\Landing_Depature_Process\자료\결과물\Polygon\12.5\안전지대\13\Polygon_13.shp
13,9,7,255.0,109.0,"[2,5,12,20,23,30,31]",318,C:\Users\choih\Desktop\연구\Landing_Depature_Process\자료\결과물\Polygon\8\13\Polygon_13.shp,C:\Users\choih\Desktop\연구\Landing_Depature_Process\자료\결과물\Polygon\12.5\안전지대\13\Polygon_13.shp
13,10,7,256.0,109.0,"[2,5,12,20,23,30,31]",318,C:\Users\choih\Desktop\연구\Landing_Depature_Process\자료\결과물\Polygon\8\13\Polygon_13.shp,C:\Users\choih\Desktop\연구\Landing_Depature_Process\자료\결과물\Polygon\12.5\안전지대\13\Polygon_13.shp
15,1,5,95.0,290.0,"[7,17,25,33,35]",143,C:\Users\choih\Desktop\연구\Landing_Depature_Process\자료\결과물\Polygon\8\15\Polygon_15.shp,C:\Users\choih\Desktop\연구\Landing_Depature_Process\자료\결과물\Polygon\12.5\안전지대\15\Polygon_15.shp
15,2,5,96.0,290.0,"[7,17,25,33,35]",143,C:\Users\choih\Desktop\연구\Landing_Depature_Process\자료\결과물\Polygon\8\15\Polygon_15.shp,C:\Users\choih\Desktop\연구\Landing_Depature_Process\자료\결과물\Polygon\12.5\안전지대\15\Polygon_15.shp
15,3,5,97.0,290.0,"[7,17,25,33,35]",143,C:\Users\choih\Desktop\연구\Landing_Depature_Process\자료\결과물\Polygon\8\15\Polygon_15.shp,C:\Users\choih\Desktop\연구\Landing_Depature_Process\자료\결과물\Polygon\12.5\안전지대\15\Polygon_15.shp
15,4,5,98.0,290.0,"[7,17,25,33,35]",143,C:\Users\choih\Desktop\연구\Landing_Depature_Process\자료\결과물\Polygon\8\15\Polygon_15.shp,C:\Users\choih\Desktop\연구\Landing_Depature_Process\자료\결과물\Polygon\12.5\안전지대\15\Polygon_15.shp
15,5,5,99.0,290.0,"[7,17,25,33,35]",143,C:\Users\choih\Desktop\연구\Landing_Depature_Process\자료\결과물\Polygon\8\15\Polygon_15.shp,C:\Users\choih\Desktop\연구\Landing_Depature_Process\자료\결과물\Polygon\12.5\안전지대\15\Polygon_15.shp
15,6,5,100.0,290.0,"[7,17,25,33,35]",143,C:\Users\choih\Desktop\연구\Landing_Depature_Process\자료\결과물\Polygon\8\15\Polygon_15.shp,C:\Users\choih\Desktop\연구\Landing_Depature_Process\자료\결과물\Polygon\12.5\안전지대\15\Polygon_15.shp
15,7,5,101.0,290.0,"[7,17,25,33,35]",143,C:\Users\choih\Desktop\연구\Landing_Depature_Process\자료\결과물\Polygon\8\15\Polygon_15.shp,C:\Users\choih\Desktop\연구\Landing_Depature_Process\자료\결과물\Polygon\12.5\안전지대\15\Polygon_15.shp
15,8,5,102.0,290.0,"[7,17,25,33,35]",143,C:\Users\choih\Desktop\연구\Landing_Depature_Process\자료\결과물\Polygon\8\15\Polygon_15.shp,C:\Users\choih\Desktop\연구\Landing_Depature_Process\자료\결과물\Polygon\12.5\안전지대\15\Polygon_15.shp
15,9,5,103.0,290.0,"[7,17,25,33,35]",143,C:\Users\choih\Desktop\연구\Landing_Depature_Process\자료\결과물\Polygon\8\15\Polygon_15.shp,C:\Users\choih\Desktop\연구\Landing_Depature_Process\자료\결과물\Polygon\12.5\안전지대\15\Polygon_15.shp
15,10,5,104.0,290.0,"[7,17,25,33,35]",143,C:\Users\choih\Desktop\연구\Landing_Depature_Process\자료\결과물\Polygon\8\15\Polygon_15.shp,C:\Users\choih\Desktop\연구\Landing_Depature_Process\자료\결과물\Polygon\12.5\안전지대\15\Polygon_15.shp
15,11,5,105.0,290.0,"[7,17,25,33,35]",143,C:\Users\choih\Desktop\연구\Landing_Depature_Process\자료\결과물\Polygon\8\15\Polygon_15.shp,C:\Users\choih\Desktop\연구\Landing_Depature_Process\자료\결과물\Polygon\12.5\안전지대\15\Polygon_15.shp
15,12,5,106.0,290.0,"[7,17,25,33,35]",143,C:\Users\choih\Desktop\연구\Landing_Depature_Process\자료\결과물\Polygon\8\15\Polygon_15.shp,C:\Users\choih\Desktop\연구\Landing_Depature_Process\자료\결과물\Polygon\12.5\안전지대\15\Polygon_15.shp
15,13,5,107.0,290.0,"[7,17,25,33,35]",143,C:\Users\choih\Desktop\연구\Landing_Depature_Process\자료\결과물\Polygon\8\15\Polygon_15.shp,C:\Users\choih\Desktop\연구\Landing_Depature_Process\자료\결과물\Polygon\12.5\안전지대\15\Polygon_15.shp
15,14,5,108.0,290.0,"[7,17,25,33,35]",143,C:\Users\choih\Desktop\연구\Landing_Depature_Process\자료\결과물\Polygon\8\15\Polygon_15.shp,C:\Users\choih\Desktop\연구\Landing_Depature_Process\자료\결과물\Polygon\12.5\안전지대\15\Polygon_15.shp
15,15,5,290.0,95.0,"[7,17,25,33,35]",143,C:\Users\choih\Desktop\연구\Landing_Depature_Process\자료\결과물\Polygon\8\15\Polygon_15.shp,C:\Users\choih\Desktop\연구\Landing_Depature_Process\자료\결과물\Polygon\12.5\안전지대\15\Polygon_15.shp
15,16,5,291.0,95.0,"[7,17,25,33,35]",143,C:\Users\choih\Desktop\연구\Landing_Depature_Process\자료\결과물\Polygon\8\15\Polygon_15.shp,C:\Users\choih\Desktop\연구\Landing_Depature_Process\자료\결과물\Polygon\12.5\안전지대\15\Polygon_15.shp
15,17,5,292.0,95.0,"[7,17,25,33,35]",143,C:\Users\choih\Desktop\연구\Landing_Depature_Process\자료\결과물\Polygon\8\15\Polygon_15.shp,C:\Users\choih\Desktop\연구\Landing_Depature_Process\자료\결과물\Polygon\12.5\안전지대\15\Polygon_15.shp
15,18,5,293.0,95.0,"[7,17,25,33,35]",143,C:\Users\choih\Desktop\연구\Landing_Depature_Process\자료\결과물\Polygon\8\15\Polygon_15.shp,C:\Users\choih\Desktop\연구\Landing_Depature_Process\자료\결과물\Polygon\12.5\안전지대\15\Polygon_15.shp
15,19,5,294.0,95.0,"[7,17,25,33,35]",143,C:\Users\choih\Desktop\연구\Landing_Depature_Process\자료\결과물\Polygon\8\15\Polygon_15.shp,C:\Users\choih\Desktop\연구\Landing_Depature_Process\자료\결과물\Polygon\12.5\안전지대\15\Polygon_15.shp
15,20,5,295.0,95.0,"[7,17,25,33,35]",143,C:\Users\choih\Desktop\연구\Landing_Depature_Process\자료\결과물\Polygon\8\15\Polygon_15.shp,C:\Users\choih\Desktop\연구\Landing_Depature_Process\자료\결과물\Polygon\12.5\안전지대\15\Polygon_15.shp
15,21,5,296.0,95.0,"[7,17,25,33,35]",143,C:\Users\choih\Desktop\연구\Landing_Depature_Process\자료\결과물\Polygon\8\15\Polygon_15.shp,C:\Users\choih\Desktop\연구\Landing_Depature_Process\자료\결과물\Polygon\12.5\안전지대\15\Polygon_15.shp
15,22,5,297.0,95.0,"[7,17,25,33,35]",143,C:\Users\choih\Desktop\연구\Landing_Depature_Process\자료\결과물\Polygon\8\15\Polygon_15.shp,C:\Users\choih\Desktop\연구\Landing_Depature_Process\자료\결과물\Polygon\12.5\안전지대\15\Polygon_15.shp
15,23,5,298.0,95.0,"[7,17,25,33,35]",143,C:\Users\choih\Desktop\연구\Landing_Depature_Process\자료\결과물\Polygon\8\15\Polygon_15.shp,C:\Users\choih\Desktop\연구\Landing_Depature_Process\자료\결과물\Polygon\12.5\안전지대\15\Polygon_15.shp
15,24,5,299.0,95.0,"[7,17,25,33,35]",143,C:\Users\choih\Desktop\연구\Landing_Depature_Process\자료\결과물\Polygon\8\15\Polygon_15.shp,C:\Users\choih\Desktop\연구\Landing_Depature_Process\자료\결과물\Polygon\12.5\안전지대\15\Polygon_15.shp
15,25,5,300.0,95.0,"[7,17,25,33,35]",143,C:\Users\choih\Desktop\연구\Landing_Depature_Process\자료\결과물\Polygon\8\15\Polygon_15.shp,C:\Users\choih\Desktop\연구\Landing_Depature_Process\자료\결과물\Polygon\12.5\안전지대\15\Polygon_15.shp
15,26,5,301.0,95.0,"[7,17,25,33,35]",143,C:\Users\choih\Desktop\연구\Landing_Depature_Process\자료\결과물\Polygon\8\15\Polygon_15.shp,C:\Users\choih\Desktop\연구\Landing_Depature_Process\자료\결과물\Polygon\12.5\안전지대\15\Polygon_15.shp
15,27,5,302.0,95.0,"[7,17,25,33,35]",143,C:\Users\choih\Desktop\연구\Landing_Depature_Process\자료\결과물\Polygon\8\15\Polygon_15.shp,C:\Users\choih\Desktop\연구\Landing_Depature_Process\자료\결과물\Polygon\12.5\안전지대\15\Polygon_15.shp
15,28,5,303.0,95.0,"[7,17,25,33,35]",143,C:\Users\choih\Desktop\연구\Landing_Depature_Process\자료\결과물\Polygon\8\15\Polygon_15.shp,C:\Users\choih\Desktop\연구\Landing_Depature_Process\자료\결과물\Polygon\12.5\안전지대\15\Polygon_15.shp
15,29,5,304.0,95.0,"[7,17,25,33,35]",143,C:\Users\choih\Desktop\연구\Landing_Depature_Process\자료\결과물\Polygon\8\15\Polygon_15.shp,C:\Users\choih\Desktop\연구\Landing_Depature_Process\자료\결과물\Polygon\12.5\안전지대\15\Polygon_15.shp
15,30,5,305.0,95.0,"[7,17,25,33,35]",143,C:\Users\choih\Desktop\연구\Landing_Depature_Process\자료\결과물\Polygon\8\15\Polygon_15.shp,C:\Users\choih\Desktop\연구\Landing_Depature_Process\자료\결과물\Polygon\12.5\안전지대\15\Polygon_15.shp
15,31,5,306.0,95.0,"[7,17,25,33,35]",143,C:\Users\choih\Desktop\연구\Landing_Depature_Process\자료\결과물\Polygon\8\15\Polygon_15.shp,C:\Users\choih\Desktop\연구\Landing_Depature_Process\자료\결과물\Polygon\12.5\안전지대\15\Polygon_15.shp
15,32,5,307.0,95.0,"[7,17,25,33,35]",143,C:\Users\choih\Desktop\연구\Landing_Depature_Process\자료\결과물\Polygon\8\15\Polygon_15.shp,C:\Users\choih\Desktop\연구\Landing_Depature_Process\자료\결과물\Polygon\12.5\안전지대\15\Polygon_15.shp
15,33,5,308.0,95.0,"[7,17,25,33,35]",143,C:\Users\choih\Desktop\연구\Landing_Depature_Process\자료\결과물\Polygon\8\15\Polygon_15.shp,C:\Users\choih\Desktop\연구\Landing_Depature_Process\자료\결과물\Polygon\12.5\안전지대\15\Polygon_15.shp
15,34,5,309.0,95.0,"[7,17,25,33,35]",143,C:\Users\choih\Desktop\연구\Landing_Depature_Process\자료\결과물\Polygon\8\15\Polygon_15.shp,C:\Users\choih\Desktop\연구\Landing_Depature_Process\자료\결과물\Polygon\12.5\안전지대\15\Polygon_15.shp
15,35,5,310.0,95.0,"[7,17,25,33,35]",143,C:\Users\choih\Desktop\연구\Landing_Depature_Process\자료\결과물\Polygon\8\15\Polygon_15.shp,C:\Users\choih\Desktop\연구\Landing_Depature_Process\자료\결과물\Polygon\12.5\안전지대\15\Polygon_15.shp
15,36,5,311.0,95.0,"[7,17,25,33,35]",143,C:\Users\choih\Desktop\연구\Landing_Depature_Process\자료\결과물\Polygon\8\15\Polygon_15.shp,C:\Users\choih\Desktop\연구\Landing_Depature_Process\자료\결과물\Polygon\12.5\안전지대\15\Polygon_15.shp
15,37,5,312.0,95.0,"[7,17,25,33,35]",143,C:\Users\choih\Desktop\연구\Landing_Depature_Process\자료\결과물\Polygon\8\15\Polygon_15.shp,C:\Users\choih\Desktop\연구\Landing_Depature_Process\자료\결과물\Polygon\12.5\안전지대\15\Polygon_15.shp
15,38,5,313.0,95.0,"[7,17,25,33,35]",143,C:\Users\choih\Desktop\연구\Landing_Depature_Process\자료\결과물\Polygon\8\15\Polygon_15.shp,C:\Users\choih\Desktop\연구\Landing_Depature_Process\자료\결과물\Polygon\12.5\안전지대\15\Polygon_15.shp
15,39,5,314.0,95.0,"[7,17,25,33,35]",143,C:\Users\choih\Desktop\연구\Landing_Depature_Process\자료\결과물\Polygon\8\15\Polygon_15.shp,C:\Users\choih\Desktop\연구\Landing_Depature_Process\자료\결과물\Polygon\12.5\안전지대\15\Polygon_15.shp
15,40,5,315.0,95.0,"[7,17,25,33,35]",143,C:\Users\choih\Desktop\연구\Landing_Depature_Process\자료\결과물\Polygon\8\15\Polygon_15.shp,C:\Users\choih\Desktop\연구\Landing_Depature_Process\자료\결과물\Polygon\12.5\안전지대\15\Polygon_15.shp
15,41,5,316.0,95.0,"[7,17,25,33,35]",143,C:\Users\choih\Desktop\연구\Landing_Depature_Process\자료\결과물\Polygon\8\15\Polygon_15.shp,C:\Users\choih\Desktop\연구\Landing_Depature_Process\자료\결과물\Polygon\12.5\안전지대\15\Polygon_15.shp
15,42,5,317.0,95.0,"[7,17,25,33,35]",143,C:\Users\choih\Desktop\연구\Landing_Depature_Process\자료\결과물\Polygon\8\15\Polygon_15.shp,C:\Users\choih\Desktop\연구\Landing_Depature_Process\자료\결과물\Polygon\12.5\안전지대\15\Polygon_15.shp
15,43,5,318.0,95.0,"[7,17,25,33,35]",143,C:\Users\choih\Desktop\연구\Landing_Depature_Process\자료\결과물\Polygon\8\15\Polygon_15.shp,C:\Users\choih\Desktop\연구\Landing_Depature_Process\자료\결과물\Polygon\12.5\안전지대\15\Polygon_15.shp
15,44,5,319.0,95.0,"[7,17,25,33,35]",143,C:\Users\choih\Desktop\연구\Landing_Depature_Process\자료\결과물\Polygon\8\15\Polygon_15.shp,C:\Users\choih\Desktop\연구\Landing_Depature_Process\자료\결과물\Polygon\12.5\안전지대\15\Polygon_15.shp
15,45,5,320.0,95.0,"[7,17,25,33,35]",143,C:\Users\choih\Desktop\연구\Landing_Depature_Process\자료\결과물\Polygon\8\15\Polygon_15.shp,C:\Users\choih\Desktop\연구\Landing_Depature_Process\자료\결과물\Polygon\12.5\안전지대\15\Polygon_15.shp
15,46,5,321.0,95.0,"[7,17,25,33,35]",143,C:\Users\choih\Desktop\연구\Landing_Depature_Process\자료\결과물\Polygon\8\15\Polygon_15.shp,C:\Users\choih\Desktop\연구\Landing_Depature_Process\자료\결과물\Polygon\12.5\안전지대\15\Polygon_15.shp
15,47,5,322.0,95.0,"[7,17,25,33,35]",143,C:\Users\choih\Desktop\연구\Landing_Depature_Process\자료\결과물\Polygon\8\15\Polygon_15.shp,C:\Users\choih\Desktop\연구\Landing_Depature_Process\자료\결과물\Polygon\12.5\안전지대\15\Polygon_15.shp
15,48,5,323.0,95.0,"[7,17,25,33,35]",143,C:\Users\choih\Desktop\연구\Landing_Depature_Process\자료\결과물\Polygon\8\15\Polygon_15.shp,C:\Users\choih\Desktop\연구\Landing_Depature_Process\자료\결과물\Polygon\12.5\안전지대\15\Polygon_15.shp
15,49,5,324.0,95.0,"[7,17,25,33,35]",143,C:\Users\choih\Desktop\연구\Landing_Depature_Process\자료\결과물\Polygon\8\15\Polygon_15.shp,C:\Users\choih\Desktop\연구\Landing_Depature_Process\자료\결과물\Polygon\12.5\안전지대\15\Polygon_15.shp
15,50,5,325.0,95.0,"[7,17,25,33,35]",143,C:\Users\choih\Desktop\연구\Landing_Depature_Process\자료\결과물\Polygon\8\15\Polygon_15.shp,C:\Users\choih\Desktop\연구\Landing_Depature_Process\자료\결과물\Polygon\12.5\안전지대\15\Polygon_15.shp
15,51,5,326.0,96.0,"[7,17,25,33,35]",143,C:\Users\choih\Desktop\연구\Landing_Depature_Process\자료\결과물\Polygon\8\15\Polygon_15.shp,C:\Users\choih\Desktop\연구\Landing_Depature_Process\자료\결과물\Polygon\12.5\안전지대\15\Polygon_15.shp
15,52,5,327.0,97.0,"[7,17,25,33,35]",143,C:\Users\choih\Desktop\연구\Landing_Depature_Process\자료\결과물\Polygon\8\15\Polygon_15.shp,C:\Users\choih\Desktop\연구\Landing_Depature_Process\자료\결과물\Polygon\12.5\안전지대\15\Polygon_15.shp
15,53,5,328.0,98.0,"[7,17,25,33,35]",143,C:\Users\choih\Desktop\연구\Landing_Depature_Process\자료\결과물\Polygon\8\15\Polygon_15.shp,C:\Users\choih\Desktop\연구\Landing_Depature_Process\자료\결과물\Polygon\12.5\안전지대\15\Polygon_15.shp
15,54,5,329.0,99.0,"[7,17,25,33,35]",143,C:\Users\choih\Desktop\연구\Landing_Depature_Process\자료\결과물\Polygon\8\15\Polygon_15.shp,C:\Users\choih\Desktop\연구\Landing_Depature_Process\자료\결과물\Polygon\12.5\안전지대\15\Polygon_15.shp
15,55,5,330.0,100.0,"[7,17,25,33,35]",143,C:\Users\choih\Desktop\연구\Landing_Depature_Process\자료\결과물\Polygon\8\15\Polygon_15.shp,C:\Users\choih\Desktop\연구\Landing_Depature_Process\자료\결과물\Polygon\12.5\안전지대\15\Polygon_15.shp
15,56,5,331.0,101.0,"[7,17,25,33,35]",143,C:\Users\choih\Desktop\연구\Landing_Depature_Process\자료\결과물\Polygon\8\15\Polygon_15.shp,C:\Users\choih\Desktop\연구\Landing_Depature_Process\자료\결과물\Polygon\12.5\안전지대\15\Polygon_15.shp
15,57,5,332.0,102.0,"[7,17,25,33,35]",143,C:\Users\choih\Desktop\연구\Landing_Depature_Process\자료\결과물\Polygon\8\15\Polygon_15.shp,C:\Users\choih\Desktop\연구\Landing_Depature_Process\자료\결과물\Polygon\12.5\안전지대\15\Polygon_15.shp
15,58,5,333.0,103.0,"[7,17,25,33,35]",143,C:\Users\choih\Desktop\연구\Landing_Depature_Process\자료\결과물\Polygon\8\15\Polygon_15.shp,C:\Users\choih\Desktop\연구\Landing_Depature_Process\자료\결과물\Polygon\12.5\안전지대\15\Polygon_15.shp
15,59,5,334.0,104.0,"[7,17,25,33,35]",143,C:\Users\choih\Desktop\연구\Landing_Depature_Process\자료\결과물\Polygon\8\15\Polygon_15.shp,C:\Users\choih\Desktop\연구\Landing_Depature_Process\자료\결과물\Polygon\12.5\안전지대\15\Polygon_15.shp
15,60,5,335.0,105.0,"[7,17,25,33,35]",143,C:\Users\choih\Desktop\연구\Landing_Depature_Process\자료\결과물\Polygon\8\15\Polygon_15.shp,C:\Users\choih\Desktop\연구\Landing_Depature_Process\자료\결과물\Polygon\12.5\안전지대\15\Polygon_15.shp
15,61,5,336.0,106.0,"[7,17,25,33,35]",143,C:\Users\choih\Desktop\연구\Landing_Depature_Process\자료\결과물\Polygon\8\15\Polygon_15.shp,C:\Users\choih\Desktop\연구\Landing_Depature_Process\자료\결과물\Polygon\12.5\안전지대\15\Polygon_15.shp
15,62,5,337.0,107.0,"[7,17,25,33,35]",143,C:\Users\choih\Desktop\연구\Landing_Depature_Process\자료\결과물\Polygon\8\15\Polygon_15.shp,C:\Users\choih\Desktop\연구\Landing_Depature_Process\자료\결과물\Polygon\12.5\안전지대\15\Polygon_15.shp
15,63,5,338.0,108.0,"[7,17,25,33,35]",143,C:\Users\choih\Desktop\연구\Landing_Depature_Process\자료\결과물\Polygon\8\15\Polygon_15.shp,C:\Users\choih\Desktop\연구\Landing_Depature_Process\자료\결과물\Polygon\12.5\안전지대\15\Polygon_15.shp
15,64,5,339.0,109.0,"[7,17,25,33,35]",143,C:\Users\choih\Desktop\연구\Landing_Depature_Process\자료\결과물\Polygon\8\15\Polygon_15.shp,C:\Users\choih\Desktop\연구\Landing_Depature_Process\자료\결과물\Polygon\12.5\안전지대\15\Polygon_15.shp
15,65,5,340.0,110.0,"[7,17,25,33,35]",143,C:\Users\choih\Desktop\연구\Landing_Depature_Process\자료\결과물\Polygon\8\15\Polygon_15.shp,C:\Users\choih\Desktop\연구\Landing_Depature_Process\자료\결과물\Polygon\12.5\안전지대\15\Polygon_15.shp
15,66,5,341.0,111.0,"[7,17,25,33,35]",143,C:\Users\choih\Desktop\연구\Landing_Depature_Process\자료\결과물\Polygon\8\15\Polygon_15.shp,C:\Users\choih\Desktop\연구\Landing_Depature_Process\자료\결과물\Polygon\12.5\안전지대\15\Polygon_15.shp
15,67,5,342.0,112.0,"[7,17,25,33,35]",143,C:\Users\choih\Desktop\연구\Landing_Depature_Process\자료\결과물\Polygon\8\15\Polygon_15.shp,C:\Users\choih\Desktop\연구\Landing_Depature_Process\자료\결과물\Polygon\12.5\안전지대\15\Polygon_15.shp
15,68,5,343.0,113.0,"[7,17,25,33,35]",143,C:\Users\choih\Desktop\연구\Landing_Depature_Process\자료\결과물\Polygon\8\15\Polygon_15.shp,C:\Users\choih\Desktop\연구\Landing_Depature_Process\자료\결과물\Polygon\12.5\안전지대\15\Polygon_15.shp
15,69,5,344.0,114.0,"[7,17,25,33,35]",143,C:\Users\choih\Desktop\연구\Landing_Depature_Process\자료\결과물\Polygon\8\15\Polygon_15.shp,C:\Users\choih\Desktop\연구\Landing_Depature_Process\자료\결과물\Polygon\12.5\안전지대\15\Polygon_15.shp
15,70,5,345.0,115.0,"[7,17,25,33,35]",143,C:\Users\choih\Desktop\연구\Landing_Depature_Process\자료\결과물\Polygon\8\15\Polygon_15.shp,C:\Users\choih\Desktop\연구\Landing_Depature_Process\자료\결과물\Polygon\12.5\안전지대\15\Polygon_15.shp
15,71,5,346.0,116.0,"[7,17,25,33,35]",143,C:\Users\choih\Desktop\연구\Landing_Depature_Process\자료\결과물\Polygon\8\15\Polygon_15.shp,C:\Users\choih\Desktop\연구\Landing_Depature_Process\자료\결과물\Polygon\12.5\안전지대\15\Polygon_15.shp
15,72,5,347.0,117.0,"[7,17,25,33,35]",143,C:\Users\choih\Desktop\연구\Landing_Depature_Process\자료\결과물\Polygon\8\15\Polygon_15.shp,C:\Users\choih\Desktop\연구\Landing_Depature_Process\자료\결과물\Polygon\12.5\안전지대\15\Polygon_15.shp
17,1,3,15.0,145.0,"[7,25,35]",360,C:\Users\choih\Desktop\연구\Landing_Depature_Process\자료\결과물\Polygon\8\17\Polygon_17.shp,C:\Users\choih\Desktop\연구\Landing_Depature_Process\자료\결과물\Polygon\12.5\안전지대\17\Polygon_17.shp
17,2,3,16.0,146.0,"[7,25,35]",360,C:\Users\choih\Desktop\연구\Landing_Depature_Process\자료\결과물\Polygon\8\17\Polygon_17.shp,C:\Users\choih\Desktop\연구\Landing_Depature_Process\자료\결과물\Polygon\12.5\안전지대\17\Polygon_17.shp
17,3,3,17.0,147.0,"[7,25,35]",360,C:\Users\choih\Desktop\연구\Landing_Depature_Process\자료\결과물\Polygon\8\17\Polygon_17.shp,C:\Users\choih\Desktop\연구\Landing_Depature_Process\자료\결과물\Polygon\12.5\안전지대\17\Polygon_17.shp
17,4,3,18.0,148.0,"[7,25,35]",360,C:\Users\choih\Desktop\연구\Landing_Depature_Process\자료\결과물\Polygon\8\17\Polygon_17.shp,C:\Users\choih\Desktop\연구\Landing_Depature_Process\자료\결과물\Polygon\12.5\안전지대\17\Polygon_17.shp
17,5,3,19.0,149.0,"[7,25,35]",360,C:\Users\choih\Desktop\연구\Landing_Depature_Process\자료\결과물\Polygon\8\17\Polygon_17.shp,C:\Users\choih\Desktop\연구\Landing_Depature_Process\자료\결과물\Polygon\12.5\안전지대\17\Polygon_17.shp
17,6,3,20.0,150.0,"[7,25,35]",360,C:\Users\choih\Desktop\연구\Landing_Depature_Process\자료\결과물\Polygon\8\17\Polygon_17.shp,C:\Users\choih\Desktop\연구\Landing_Depature_Process\자료\결과물\Polygon\12.5\안전지대\17\Polygon_17.shp
17,7,3,21.0,151.0,"[7,25,35]",360,C:\Users\choih\Desktop\연구\Landing_Depature_Process\자료\결과물\Polygon\8\17\Polygon_17.shp,C:\Users\choih\Desktop\연구\Landing_Depature_Process\자료\결과물\Polygon\12.5\안전지대\17\Polygon_17.shp
17,8,3,22.0,152.0,"[7,25,35]",360,C:\Users\choih\Desktop\연구\Landing_Depature_Process\자료\결과물\Polygon\8\17\Polygon_17.shp,C:\Users\choih\Desktop\연구\Landing_Depature_Process\자료\결과물\Polygon\12.5\안전지대\17\Polygon_17.shp
17,9,3,23.0,153.0,"[7,25,35]",360,C:\Users\choih\Desktop\연구\Landing_Depature_Process\자료\결과물\Polygon\8\17\Polygon_17.shp,C:\Users\choih\Desktop\연구\Landing_Depature_Process\자료\결과물\Polygon\12.5\안전지대\17\Polygon_17.shp
17,10,3,24.0,215.0,"[7,25,35]",360,C:\Users\choih\Desktop\연구\Landing_Depature_Process\자료\결과물\Polygon\8\17\Polygon_17.shp,C:\Users\choih\Desktop\연구\Landing_Depature_Process\자료\결과물\Polygon\12.5\안전지대\17\Polygon_17.shp
17,11,3,25.0,215.0,"[7,25,35]",360,C:\Users\choih\Desktop\연구\Landing_Depature_Process\자료\결과물\Polygon\8\17\Polygon_17.shp,C:\Users\choih\Desktop\연구\Landing_Depature_Process\자료\결과물\Polygon\12.5\안전지대\17\Polygon_17.shp
17,12,3,26.0,215.0,"[7,25,35]",360,C:\Users\choih\Desktop\연구\Landing_Depature_Process\자료\결과물\Polygon\8\17\Polygon_17.shp,C:\Users\choih\Desktop\연구\Landing_Depature_Process\자료\결과물\Polygon\12.5\안전지대\17\Polygon_17.shp
17,13,3,27.0,215.0,"[7,25,35]",360,C:\Users\choih\Desktop\연구\Landing_Depature_Process\자료\결과물\Polygon\8\17\Polygon_17.shp,C:\Users\choih\Desktop\연구\Landing_Depature_Process\자료\결과물\Polygon\12.5\안전지대\17\Polygon_17.shp
17,14,3,28.0,215.0,"[7,25,35]",360,C:\Users\choih\Desktop\연구\Landing_Depature_Process\자료\결과물\Polygon\8\17\Polygon_17.shp,C:\Users\choih\Desktop\연구\Landing_Depature_Process\자료\결과물\Polygon\12.5\안전지대\17\Polygon_17.shp
17,15,3,29.0,215.0,"[7,25,35]",360,C:\Users\choih\Desktop\연구\Landing_Depature_Process\자료\결과물\Polygon\8\17\Polygon_17.shp,C:\Users\choih\Desktop\연구\Landing_Depature_Process\자료\결과물\Polygon\12.5\안전지대\17\Polygon_17.shp
17,16,3,30.0,215.0,"[7,25,35]",360,C:\Users\choih\Desktop\연구\Landing_Depature_Process\자료\결과물\Polygon\8\17\Polygon_17.shp,C:\Users\choih\Desktop\연구\Landing_Depature_Process\자료\결과물\Polygon\12.5\안전지대\17\Polygon_17.shp
17,17,3,31.0,215.0,"[7,25,35]",360,C:\Users\choih\Desktop\연구\Landing_Depature_Process\자료\결과물\Polygon\8\17\Polygon_17.shp,C:\Users\choih\Desktop\연구\Landing_Depature_Process\자료\결과물\Polygon\12.5\안전지대\17\Polygon_17.shp
17,18,3,32.0,262.0,"[7,25,35]",360,C:\Users\choih\Desktop\연구\Landing_Depature_Process\자료\결과물\Polygon\8\17\Polygon_17.shp,C:\Users\choih\Desktop\연구\Landing_Depature_Process\자료\결과물\Polygon\12.5\안전지대\17\Polygon_17.shp
17,19,3,33.0,263.0,"[7,25,35]",360,C:\Users\choih\Desktop\연구\Landing_Depature_Process\자료\결과물\Polygon\8\17\Polygon_17.shp,C:\Users\choih\Desktop\연구\Landing_Depature_Process\자료\결과물\Polygon\12.5\안전지대\17\Polygon_17.shp
17,20,3,34.0,263.0,"[7,25,35]",360,C:\Users\choih\Desktop\연구\Landing_Depature_Process\자료\결과물\Polygon\8\17\Polygon_17.shp,C:\Users\choih\Desktop\연구\Landing_Depature_Process\자료\결과물\Polygon\12.5\안전지대\17\Polygon_17.shp
17,21,3,35.0,263.0,"[7,25,35]",360,C:\Users\choih\Desktop\연구\Landing_Depature_Process\자료\결과물\Polygon\8\17\Polygon_17.shp,C:\Users\choih\Desktop\연구\Landing_Depature_Process\자료\결과물\Polygon\12.5\안전지대\17\Polygon_17.shp
17,22,3,36.0,263.0,"[7,25,35]",360,C:\Users\choih\Desktop\연구\Landing_Depature_Process\자료\결과물\Polygon\8\17\Polygon_17.shp,C:\Users\choih\Desktop\연구\Landing_Depature_Process\자료\결과물\Polygon\12.5\안전지대\17\Polygon_17.shp
17,23,3,37.0,263.0,"[7,25,35]",360,C:\Users\choih\Desktop\연구\Landing_Depature_Process\자료\결과물\Polygon\8\17\Polygon_17.shp,C:\Users\choih\Desktop\연구\Landing_Depature_Process\자료\결과물\Polygon\12.5\안전지대\17\Polygon_17.shp
17,24,3,38.0,263.0,"[7,25,35]",360,C:\Users\choih\Desktop\연구\Landing_Depature_Process\자료\결과물\Polygon\8\17\Polygon_17.shp,C:\Users\choih\Desktop\연구\Landing_Depature_Process\자료\결과물\Polygon\12.5\안전지대\17\Polygon_17.shp
17,25,3,39.0,263.0,"[7,25,35]",360,C:\Users\choih\Desktop\연구\Landing_Depature_Process\자료\결과물\Polygon\8\17\Polygon_17.shp,C:\Users\choih\Desktop\연구\Landing_Depature_Process\자료\결과물\Polygon\12.5\안전지대\17\Polygon_17.shp
17,26,3,40.0,263.0,"[7,25,35]",360,C:\Users\choih\Desktop\연구\Landing_Depature_Process\자료\결과물\Polygon\8\17\Polygon_17.shp,C:\Users\choih\Desktop\연구\Landing_Depature_Process\자료\결과물\Polygon\12.5\안전지대\17\Polygon_17.shp
17,27,3,41.0,263.0,"[7,25,35]",360,C:\Users\choih\Desktop\연구\Landing_Depature_Process\자료\결과물\Polygon\8\17\Polygon_17.shp,C:\Users\choih\Desktop\연구\Landing_Depature_Process\자료\결과물\Polygon\12.5\안전지대\17\Polygon_17.shp
17,28,3,42.0,263.0,"[7,25,35]",360,C:\Users\choih\Desktop\연구\Landing_Depature_Process\자료\결과물\Polygon\8\17\Polygon_17.shp,C:\Users\choih\Desktop\연구\Landing_Depature_Process\자료\결과물\Polygon\12.5\안전지대\17\Polygon_17.shp
17,29,3,43.0,263.0,"[7,25,35]",360,C:\Users\choih\Desktop\연구\Landing_Depature_Process\자료\결과물\Polygon\8\17\Polygon_17.shp,C:\Users\choih\Desktop\연구\Landing_Depature_Process\자료\결과물\Polygon\12.5\안전지대\17\Polygon_17.shp
17,30,3,44.0,263.0,"[7,25,35]",360,C:\Users\choih\Desktop\연구\Landing_Depature_Process\자료\결과물\Polygon\8\17\Polygon_17.shp,C:\Users\choih\Desktop\연구\Landing_Depature_Process\자료\결과물\Polygon\12.5\안전지대\17\Polygon_17.shp
17,31,3,45.0,275.0,"[7,25,35]",360,C:\Users\choih\Desktop\연구\Landing_Depature_Process\자료\결과물\Polygon\8\17\Polygon_17.shp,C:\Users\choih\Desktop\연구\Landing_Depature_Process\자료\결과물\Polygon\12.5\안전지대\17\Polygon_17.shp
17,32,3,46.0,275.0,"[7,25,35]",360,C:\Users\choih\Desktop\연구\Landing_Depature_Process\자료\결과물\Polygon\8\17\Polygon_17.shp,C:\Users\choih\Desktop\연구\Landing_Depature_Process\자료\결과물\Polygon\12.5\안전지대\17\Polygon_17.shp
17,33,3,47.0,275.0,"[7,25,35]",360,C:\Users\choih\Desktop\연구\Landing_Depature_Process\자료\결과물\Polygon\8\17\Polygon_17.shp,C:\Users\choih\Desktop\연구\Landing_Depature_Process\자료\결과물\Polygon\12.5\안전지대\17\Polygon_17.shp
17,34,3,48.0,275.0,"[7,25,35]",360,C:\Users\choih\Desktop\연구\Landing_Depature_Process\자료\결과물\Polygon\8\17\Polygon_17.shp,C:\Users\choih\Desktop\연구\Landing_Depature_Process\자료\결과물\Polygon\12.5\안전지대\17\Polygon_17.shp
17,35,3,49.0,279.0,"[7,25,35]",360,C:\Users\choih\Desktop\연구\Landing_Depature_Process\자료\결과물\Polygon\8\17\Polygon_17.shp,C:\Users\choih\Desktop\연구\Landing_Depature_Process\자료\결과물\Polygon\12.5\안전지대\17\Polygon_17.shp
17,36,3,50.0,279.0,"[7,25,35]",360,C:\Users\choih\Desktop\연구\Landing_Depature_Process\자료\결과물\Polygon\8\17\Polygon_17.shp,C:\Users\choih\Desktop\연구\Landing_Depature_Process\자료\결과물\Polygon\12.5\안전지대\17\Polygon_17.shp
17,37,3,51.0,279.0,"[7,25,35]",360,C:\Users\choih\Desktop\연구\Landing_Depature_Process\자료\결과물\Polygon\8\17\Polygon_17.shp,C:\Users\choih\Desktop\연구\Landing_Depature_Process\자료\결과물\Polygon\12.5\안전지대\17\Polygon_17.shp
17,38,3,52.0,279.0,"[7,25,35]",360,C:\Users\choih\Desktop\연구\Landing_Depature_Process\자료\결과물\Polygon\8\17\Polygon_17.shp,C:\Users\choih\Desktop\연구\Landing_Depature_Process\자료\결과물\Polygon\12.5\안전지대\17\Polygon_17.shp
17,39,3,53.0,279.0,"[7,25,35]",360,C:\Users\choih\Desktop\연구\Landing_Depature_Process\자료\결과물\Polygon\8\17\Polygon_17.shp,C:\Users\choih\Desktop\연구\Landing_Depature_Process\자료\결과물\Polygon\12.5\안전지대\17\Polygon_17.shp
17,40,3,54.0,279.0,"[7,25,35]",360,C:\Users\choih\Desktop\연구\Landing_Depature_Process\자료\결과물\Polygon\8\17\Polygon_17.shp,C:\Users\choih\Desktop\연구\Landing_Depature_Process\자료\결과물\Polygon\12.5\안전지대\17\Polygon_17.shp
17,41,3,55.0,279.0,"[7,25,35]",360,C:\Users\choih\Desktop\연구\Landing_Depature_Process\자료\결과물\Polygon\8\17\Polygon_17.shp,C:\Users\choih\Desktop\연구\Landing_Depature_Process\자료\결과물\Polygon\12.5\안전지대\17\Polygon_17.shp
17,42,3,56.0,279.0,"[7,25,35]",360,C:\Users\choih\Desktop\연구\Landing_Depature_Process\자료\결과물\Polygon\8\17\Polygon_17.shp,C:\Users\choih\Desktop\연구\Landing_Depature_Process\자료\결과물\Polygon\12.5\안전지대\17\Polygon_17.shp
17,43,3,57.0,279.0,"[7,25,35]",360,C:\Users\choih\Desktop\연구\Landing_Depature_Process\자료\결과물\Polygon\8\17\Polygon_17.shp,C:\Users\choih\Desktop\연구\Landing_Depature_Process\자료\결과물\Polygon\12.5\안전지대\17\Polygon_17.shp
17,44,3,58.0,279.0,"[7,25,35]",360,C:\Users\choih\Desktop\연구\Landing_Depature_Process\자료\결과물\Polygon\8\17\Polygon_17.shp,C:\Users\choih\Desktop\연구\Landing_Depature_Process\자료\결과물\Polygon\12.5\안전지대\17\Polygon_17.shp
17,45,3,59.0,279.0,"[7,25,35]",360,C:\Users\choih\Desktop\연구\Landing_Depature_Process\자료\결과물\Polygon\8\17\Polygon_17.shp,C:\Users\choih\Desktop\연구\Landing_Depature_Process\자료\결과물\Polygon\12.5\안전지대\17\Polygon_17.shp
17,46,3,60.0,279.0,"[7,25,35]",360,C:\Users\choih\Desktop\연구\Landing_Depature_Process\자료\결과물\Polygon\8\17\Polygon_17.shp,C:\Users\choih\Desktop\연구\Landing_Depature_Process\자료\결과물\Polygon\12.5\안전지대\17\Polygon_17.shp
17,47,3,61.0,279.0,"[7,25,35]",360,C:\Users\choih\Desktop\연구\Landing_Depature_Process\자료\결과물\Polygon\8\17\Polygon_17.shp,C:\Users\choih\Desktop\연구\Landing_Depature_Process\자료\결과물\Polygon\12.5\안전지대\17\Polygon_17.shp
17,48,3,62.0,279.0,"[7,25,35]",360,C:\Users\choih\Desktop\연구\Landing_Depature_Process\자료\결과물\Polygon\8\17\Polygon_17.shp,C:\Users\choih\Desktop\연구\Landing_Depature_Process\자료\결과물\Polygon\12.5\안전지대\17\Polygon_17.shp
17,49,3,63.0,279.0,"[7,25,35]",360,C:\Users\choih\Desktop\연구\Landing_Depature_Process\자료\결과물\Polygon\8\17\Polygon_17.shp,C:\Users\choih\Desktop\연구\Landing_Depature_Process\자료\결과물\Polygon\12.5\안전지대\17\Polygon_17.shp
17,50,3,64.0,279.0,"[7,25,35]",360,C:\Users\choih\Desktop\연구\Landing_Depature_Process\자료\결과물\Polygon\8\17\Polygon_17.shp,C:\Users\choih\Desktop\연구\Landing_Depature_Process\자료\결과물\Polygon\12.5\안전지대\17\Polygon_17.shp
17,51,3,65.0,279.0,"[7,25,35]",360,C:\Users\choih\Desktop\연구\Landing_Depature_Process\자료\결과물\Polygon\8\17\Polygon_17.shp,C:\Users\choih\Desktop\연구\Landing_Depature_Process\자료\결과물\Polygon\12.5\안전지대\17\Polygon_17.shp
17,52,3,66.0,279.0,"[7,25,35]",360,C:\Users\choih\Desktop\연구\Landing_Depature_Process\자료\결과물\Polygon\8\17\Polygon_17.shp,C:\Users\choih\Desktop\연구\Landing_Depature_Process\자료\결과물\Polygon\12.5\안전지대\17\Polygon_17.shp
17,53,3,67.0,279.0,"[7,25,35]",360,C:\Users\choih\Desktop\연구\Landing_Depature_Process\자료\결과물\Polygon\8\17\Polygon_17.shp,C:\Users\choih\Desktop\연구\Landing_Depature_Process\자료\결과물\Polygon\12.5\안전지대\17\Polygon_17.shp
17,54,5,0.0,130.0,"[7,15,25,33,35]",360,C:\Users\choih\Desktop\연구\Landing_Depature_Process\자료\결과물\Polygon\8\17\Polygon_17.shp,C:\Users\choih\Desktop\연구\Landing_Depature_Process\자료\결과물\Polygon\12.5\안전지대\17\Polygon_17.shp
17,55,5,1.0,131.0,"[7,15,25,33,35]",360,C:\Users\choih\Desktop\연구\Landing_Depature_Process\자료\결과물\Polygon\8\17\Polygon_17.shp,C:\Users\choih\Desktop\연구\Landing_Depature_Process\자료\결과물\Polygon\12.5\안전지대\17\Polygon_17.shp
17,56,5,2.0,132.0,"[7,15,25,33,35]",360,C:\Users\choih\Desktop\연구\Landing_Depature_Process\자료\결과물\Polygon\8\17\Polygon_17.shp,C:\Users\choih\Desktop\연구\Landing_Depature_Process\자료\결과물\Polygon\12.5\안전지대\17\Polygon_17.shp
17,57,5,3.0,133.0,"[7,15,25,33,35]",360,C:\Users\choih\Desktop\연구\Landing_Depature_Process\자료\결과물\Polygon\8\17\Polygon_17.shp,C:\Users\choih\Desktop\연구\Landing_Depature_Process\자료\결과물\Polygon\12.5\안전지대\17\Polygon_17.shp
17,58,5,4.0,134.0,"[7,15,25,33,35]",360,C:\Users\choih\Desktop\연구\Landing_Depature_Process\자료\결과물\Polygon\8\17\Polygon_17.shp,C:\Users\choih\Desktop\연구\Landing_Depature_Process\자료\결과물\Polygon\12.5\안전지대\17\Polygon_17.shp
17,59,5,5.0,135.0,"[7,15,25,33,35]",360,C:\Users\choih\Desktop\연구\Landing_Depature_Process\자료\결과물\Polygon\8\17\Polygon_17.shp,C:\Users\choih\Desktop\연구\Landing_Depature_Process\자료\결과물\Polygon\12.5\안전지대\17\Polygon_17.shp
17,60,5,6.0,136.0,"[7,15,25,33,35]",360,C:\Users\choih\Desktop\연구\Landing_Depature_Process\자료\결과물\Polygon\8\17\Polygon_17.shp,C:\Users\choih\Desktop\연구\Landing_Depature_Process\자료\결과물\Polygon\12.5\안전지대\17\Polygon_17.shp
17,61,5,7.0,137.0,"[7,15,25,33,35]",360,C:\Users\choih\Desktop\연구\Landing_Depature_Process\자료\결과물\Polygon\8\17\Polygon_17.shp,C:\Users\choih\Desktop\연구\Landing_Depature_Process\자료\결과물\Polygon\12.5\안전지대\17\Polygon_17.shp
17,62,5,8.0,138.0,"[7,15,25,33,35]",360,C:\Users\choih\Desktop\연구\Landing_Depature_Process\자료\결과물\Polygon\8\17\Polygon_17.shp,C:\Users\choih\Desktop\연구\Landing_Depature_Process\자료\결과물\Polygon\12.5\안전지대\17\Polygon_17.shp
17,63,5,9.0,139.0,"[7,15,25,33,35]",360,C:\Users\choih\Desktop\연구\Landing_Depature_Process\자료\결과물\Polygon\8\17\Polygon_17.shp,C:\Users\choih\Desktop\연구\Landing_Depature_Process\자료\결과물\Polygon\12.5\안전지대\17\Polygon_17.shp
17,64,5,10.0,140.0,"[7,15,25,33,35]",360,C:\Users\choih\Desktop\연구\Landing_Depature_Process\자료\결과물\Polygon\8\17\Polygon_17.shp,C:\Users\choih\Desktop\연구\Landing_Depature_Process\자료\결과물\Polygon\12.5\안전지대\17\Polygon_17.shp
17,65,5,11.0,141.0,"[7,15,25,33,35]",360,C:\Users\choih\Desktop\연구\Landing_Depature_Process\자료\결과물\Polygon\8\17\Polygon_17.shp,C:\Users\choih\Desktop\연구\Landing_Depature_Process\자료\결과물\Polygon\12.5\안전지대\17\Polygon_17.shp
17,66,5,12.0,142.0,"[7,15,25,33,35]",360,C:\Users\choih\Desktop\연구\Landing_Depature_Process\자료\결과물\Polygon\8\17\Polygon_17.shp,C:\Users\choih\Desktop\연구\Landing_Depature_Process\자료\결과물\Polygon\12.5\안전지대\17\Polygon_17.shp
17,67,5,13.0,143.0,"[7,15,25,33,35]",360,C:\Users\choih\Desktop\연구\Landing_Depature_Process\자료\결과물\Polygon\8\17\Polygon_17.shp,C:\Users\choih\Desktop\연구\Landing_Depature_Process\자료\결과물\Polygon\12.5\안전지대\17\Polygon_17.shp
17,68,5,14.0,144.0,"[7,15,25,33,35]",360,C:\Users\choih\Desktop\연구\Landing_Depature_Process\자료\결과물\Polygon\8\17\Polygon_17.shp,C:\Users\choih\Desktop\연구\Landing_Depature_Process\자료\결과물\Polygon\12.5\안전지대\17\Polygon_17.shp
17,69,5,68.0,279.0,"[7,15,25,33,35]",360,C:\Users\choih\Desktop\연구\Landing_Depature_Process\자료\결과물\Polygon\8\17\Polygon_17.shp,C:\Users\choih\Desktop\연구\Landing_Depature_Process\자료\결과물\Polygon\12.5\안전지대\17\Polygon_17.shp
17,70,5,69.0,279.0,"[7,15,25,33,35]",360,C:\Users\choih\Desktop\연구\Landing_Depature_Process\자료\결과물\Polygon\8\17\Polygon_17.shp,C:\Users\choih\Desktop\연구\Landing_Depature_Process\자료\결과물\Polygon\12.5\안전지대\17\Polygon_17.shp
17,71,5,70.0,279.0,"[7,15,25,33,35]",360,C:\Users\choih\Desktop\연구\Landing_Depature_Process\자료\결과물\Polygon\8\17\Polygon_17.shp,C:\Users\choih\Desktop\연구\Landing_Depature_Process\자료\결과물\Polygon\12.5\안전지대\17\Polygon_17.shp
17,72,5,71.0,279.0,"[7,15,25,33,35]",360,C:\Users\choih\Desktop\연구\Landing_Depature_Process\자료\결과물\Polygon\8\17\Polygon_17.shp,C:\Users\choih\Desktop\연구\Landing_Depature_Process\자료\결과물\Polygon\12.5\안전지대\17\Polygon_17.shp
17,73,5,72.0,279.0,"[7,15,25,33,35]",360,C:\Users\choih\Desktop\연구\Landing_Depature_Process\자료\결과물\Polygon\8\17\Polygon_17.shp,C:\Users\choih\Desktop\연구\Landing_Depature_Process\자료\결과물\Polygon\12.5\안전지대\17\Polygon_17.shp
17,74,5,73.0,279.0,"[7,15,25,33,35]",360,C:\Users\choih\Desktop\연구\Landing_Depature_Process\자료\결과물\Polygon\8\17\Polygon_17.shp,C:\Users\choih\Desktop\연구\Landing_Depature_Process\자료\결과물\Polygon\12.5\안전지대\17\Polygon_17.shp
17,75,5,74.0,279.0,"[7,15,25,33,35]",360,C:\Users\choih\Desktop\연구\Landing_Depature_Process\자료\결과물\Polygon\8\17\Polygon_17.shp,C:\Users\choih\Desktop\연구\Landing_Depature_Process\자료\결과물\Polygon\12.5\안전지대\17\Polygon_17.shp
17,76,5,75.0,279.0,"[7,15,25,33,35]",360,C:\Users\choih\Desktop\연구\Landing_Depature_Process\자료\결과물\Polygon\8\17\Polygon_17.shp,C:\Users\choih\Desktop\연구\Landing_Depature_Process\자료\결과물\Polygon\12.5\안전지대\17\Polygon_17.shp
17,77,5,76.0,279.0,"[7,15,25,33,35]",360,C:\Users\choih\Desktop\연구\Landing_Depature_Process\자료\결과물\Polygon\8\17\Polygon_17.shp,C:\Users\choih\Desktop\연구\Landing_Depature_Process\자료\결과물\Polygon\12.5\안전지대\17\Polygon_17.shp
17,78,5,77.0,279.0,"[7,15,25,33,35]",360,C:\Users\choih\Desktop\연구\Landing_Depature_Process\자료\결과물\Polygon\8\17\Polygon_17.shp,C:\Users\choih\Desktop\연구\Landing_Depature_Process\자료\결과물\Polygon\12.5\안전지대\17\Polygon_17.shp
17,79,5,78.0,279.0,"[7,15,25,33,35]",360,C:\Users\choih\Desktop\연구\Landing_Depature_Process\자료\결과물\Polygon\8\17\Polygon_17.shp,C:\Users\choih\Desktop\연구\Landing_Depature_Process\자료\결과물\Polygon\12.5\안전지대\17\Polygon_17.shp
17,80,5,79.0,279.0,"[7,15,25,33,35]",360,C:\Users\choih\Desktop\연구\Landing_Depature_Process\자료\결과물\Polygon\8\17\Polygon_17.shp,C:\Users\choih\Desktop\연구\Landing_Depature_Process\자료\결과물\Polygon\12.5\안전지대\17\Polygon_17.shp
17,81,5,80.0,279.0,"[7,15,25,33,35]",360,C:\Users\choih\Desktop\연구\Landing_Depature_Process\자료\결과물\Polygon\8\17\Polygon_17.shp,C:\Users\choih\Desktop\연구\Landing_Depature_Process\자료\결과물\Polygon\12.5\안전지대\17\Polygon_17.shp
17,82,5,81.0,279.0,"[7,15,25,33,35]",360,C:\Users\choih\Desktop\연구\Landing_Depature_Process\자료\결과물\Polygon\8\17\Polygon_17.shp,C:\Users\choih\Desktop\연구\Landing_Depature_Process\자료\결과물\Polygon\12.5\안전지대\17\Polygon_17.shp
17,83,5,82.0,279.0,"[7,15,25,33,35]",360,C:\Users\choih\Desktop\연구\Landing_Depature_Process\자료\결과물\Polygon\8\17\Polygon_17.shp,C:\Users\choih\Desktop\연구\Landing_Depature_Process\자료\결과물\Polygon\12.5\안전지대\17\Polygon_17.shp
17,84,5,83.0,279.0,"[7,15,25,33,35]",360,C:\Users\choih\Desktop\연구\Landing_Depature_Process\자료\결과물\Polygon\8\17\Polygon_17.shp,C:\Users\choih\Desktop\연구\Landing_Depature_Process\자료\결과물\Polygon\12.5\안전지대\17\Polygon_17.shp
17,85,5,84.0,279.0,"[7,15,25,33,35]",360,C:\Users\choih\Desktop\연구\Landing_Depature_Process\자료\결과물\Polygon\8\17\Polygon_17.shp,C:\Users\choih\Desktop\연구\Landing_Depature_Process\자료\결과물\Polygon\12.5\안전지대\17\Polygon_17.shp
17,86,5,85.0,279.0,"[7,15,25,33,35]",360,C:\Users\choih\Desktop\연구\Landing_Depature_Process\자료\결과물\Polygon\8\17\Polygon_17.shp,C:\Users\choih\Desktop\연구\Landing_Depature_Process\자료\결과물\Polygon\12.5\안전지대\17\Polygon_17.shp
17,87,5,86.0,279.0,"[7,15,25,33,35]",360,C:\Users\choih\Desktop\연구\Landing_Depature_Process\자료\결과물\Polygon\8\17\Polygon_17.shp,C:\Users\choih\Desktop\연구\Landing_Depature_Process\자료\결과물\Polygon\12.5\안전지대\17\Polygon_17.shp
17,88,5,87.0,279.0,"[7,15,25,33,35]",360,C:\Users\choih\Desktop\연구\Landing_Depature_Process\자료\결과물\Polygon\8\17\Polygon_17.shp,C:\Users\choih\Desktop\연구\Landing_Depature_Process\자료\결과물\Polygon\12.5\안전지대\17\Polygon_17.shp
17,89,5,88.0,279.0,"[7,15,25,33,35]",360,C:\Users\choih\Desktop\연구\Landing_Depature_Process\자료\결과물\Polygon\8\17\Polygon_17.shp,C:\Users\choih\Desktop\연구\Landing_Depature_Process\자료\결과물\Polygon\12.5\안전지대\17\Polygon_17.shp
17,90,5,89.0,279.0,"[7,15,25,33,35]",360,C:\Users\choih\Desktop\연구\Landing_Depature_Process\자료\결과물\Polygon\8\17\Polygon_17.shp,C:\Users\choih\Desktop\연구\Landing_Depature_Process\자료\결과물\Polygon\12.5\안전지대\17\Polygon_17.shp
17,91,5,90.0,279.0,"[7,15,25,33,35]",360,C:\Users\choih\Desktop\연구\Landing_Depature_Process\자료\결과물\Polygon\8\17\Polygon_17.shp,C:\Users\choih\Desktop\연구\Landing_Depature_Process\자료\결과물\Polygon\12.5\안전지대\17\Polygon_17.shp
17,92,5,91.0,279.0,"[7,15,25,33,35]",360,C:\Users\choih\Desktop\연구\Landing_Depature_Process\자료\결과물\Polygon\8\17\Polygon_17.shp,C:\Users\choih\Desktop\연구\Landing_Depature_Process\자료\결과물\Polygon\12.5\안전지대\17\Polygon_17.shp
17,93,5,92.0,279.0,"[7,15,25,33,35]",360,C:\Users\choih\Desktop\연구\Landing_Depature_Process\자료\결과물\Polygon\8\17\Polygon_17.shp,C:\Users\choih\Desktop\연구\Landing_Depature_Process\자료\결과물\Polygon\12.5\안전지대\17\Polygon_17.shp
17,94,5,93.0,279.0,"[7,15,25,33,35]",360,C:\Users\choih\Desktop\연구\Landing_Depature_Process\자료\결과물\Polygon\8\17\Polygon_17.shp,C:\Users\choih\Desktop\연구\Landing_Depature_Process\자료\결과물\Polygon\12.5\안전지대\17\Polygon_17.shp
17,95,5,94.0,279.0,"[7,15,25,33,35]",360,C:\Users\choih\Desktop\연구\Landing_Depature_Process\자료\결과물\Polygon\8\17\Polygon_17.shp,C:\Users\choih\Desktop\연구\Landing_Depature_Process\자료\결과물\Polygon\12.5\안전지대\17\Polygon_17.shp
17,96,5,95.0,279.0,"[7,15,25,33,35]",360,C:\Users\choih\Desktop\연구\Landing_Depature_Process\자료\결과물\Polygon\8\17\Polygon_17.shp,C:\Users\choih\Desktop\연구\Landing_Depature_Process\자료\결과물\Polygon\12.5\안전지대\17\Polygon_17.shp
17,97,5,96.0,279.0,"[7,15,25,33,35]",360,C:\Users\choih\Desktop\연구\Landing_Depature_Process\자료\결과물\Polygon\8\17\Polygon_17.shp,C:\Users\choih\Desktop\연구\Landing_Depature_Process\자료\결과물\Polygon\12.5\안전지대\17\Polygon_17.shp
17,98,5,97.0,279.0,"[7,15,25,33,35]",360,C:\Users\choih\Desktop\연구\Landing_Depature_Process\자료\결과물\Polygon\8\17\Polygon_17.shp,C:\Users\choih\Desktop\연구\Landing_Depature_Process\자료\결과물\Polygon\12.5\안전지대\17\Polygon_17.shp
17,99,5,98.0,279.0,"[7,15,25,33,35]",360,C:\Users\choih\Desktop\연구\Landing_Depature_Process\자료\결과물\Polygon\8\17\Polygon_17.shp,C:\Users\choih\Desktop\연구\Landing_Depature_Process\자료\결과물\Polygon\12.5\안전지대\17\Polygon_17.shp
17,100,5,99.0,279.0,"[7,15,25,33,35]",360,C:\Users\choih\Desktop\연구\Landing_Depature_Process\자료\결과물\Polygon\8\17\Polygon_17.shp,C:\Users\choih\Desktop\연구\Landing_Depature_Process\자료\결과물\Polygon\12.5\안전지대\17\Polygon_17.shp
17,101,5,100.0,279.0,"[7,15,25,33,35]",360,C:\Users\choih\Desktop\연구\Landing_Depature_Process\자료\결과물\Polygon\8\17\Polygon_17.shp,C:\Users\choih\Desktop\연구\Landing_Depature_Process\자료\결과물\Polygon\12.5\안전지대\17\Polygon_17.shp
17,102,5,101.0,279.0,"[7,15,25,33,35]",360,C:\Users\choih\Desktop\연구\Landing_Depature_Process\자료\결과물\Polygon\8\17\Polygon_17.shp,C:\Users\choih\Desktop\연구\Landing_Depature_Process\자료\결과물\Polygon\12.5\안전지대\17\Polygon_17.shp
17,103,5,102.0,279.0,"[7,15,25,33,35]",360,C:\Users\choih\Desktop\연구\Landing_Depature_Process\자료\결과물\Polygon\8\17\Polygon_17.shp,C:\Users\choih\Desktop\연구\Landing_Depature_Process\자료\결과물\Polygon\12.5\안전지대\17\Polygon_17.shp
17,104,5,103.0,279.0,"[7,15,25,33,35]",360,C:\Users\choih\Desktop\연구\Landing_Depature_Process\자료\결과물\Polygon\8\17\Polygon_17.shp,C:\Users\choih\Desktop\연구\Landing_Depature_Process\자료\결과물\Polygon\12.5\안전지대\17\Polygon_17.shp
17,105,5,104.0,279.0,"[7,15,25,33,35]",360,C:\Users\choih\Desktop\연구\Landing_Depature_Process\자료\결과물\Polygon\8\17\Polygon_17.shp,C:\Users\choih\Desktop\연구\Landing_Depature_Process\자료\결과물\Polygon\12.5\안전지대\17\Polygon_17.shp
17,106,5,105.0,279.0,"[7,15,25,33,35]",360,C:\Users\choih\Desktop\연구\Landing_Depature_Process\자료\결과물\Polygon\8\17\Polygon_17.shp,C:\Users\choih\Desktop\연구\Landing_Depature_Process\자료\결과물\Polygon\12.5\안전지대\17\Polygon_17.shp
17,107,5,106.0,279.0,"[7,15,25,33,35]",360,C:\Users\choih\Desktop\연구\Landing_Depature_Process\자료\결과물\Polygon\8\17\Polygon_17.shp,C:\Users\choih\Desktop\연구\Landing_Depature_Process\자료\결과물\Polygon\12.5\안전지대\17\Polygon_17.shp
17,108,5,107.0,279.0,"[7,15,25,33,35]",360,C:\Users\choih\Desktop\연구\Landing_Depature_Process\자료\결과물\Polygon\8\17\Polygon_17.shp,C:\Users\choih\Desktop\연구\Landing_Depature_Process\자료\결과물\Polygon\12.5\안전지대\17\Polygon_17.shp
17,109,5,108.0,279.0,"[7,15,25,33,35]",360,C:\Users\choih\Desktop\연구\Landing_Depature_Process\자료\결과물\Polygon\8\17\Polygon_17.shp,C:\Users\choih\Desktop\연구\Landing_Depature_Process\자료\결과물\Polygon\12.5\안전지대\17\Polygon_17.shp
17,110,5,109.0,279.0,"[7,15,25,33,35]",360,C:\Users\choih\Desktop\연구\Landing_Depature_Process\자료\결과물\Polygon\8\17\Polygon_17.shp,C:\Users\choih\Desktop\연구\Landing_Depature_Process\자료\결과물\Polygon\12.5\안전지대\17\Polygon_17.shp
17,111,5,110.0,279.0,"[7,15,25,33,35]",360,C:\Users\choih\Desktop\연구\Landing_Depature_Process\자료\결과물\Polygon\8\17\Polygon_17.shp,C:\Users\choih\Desktop\연구\Landing_Depature_Process\자료\결과물\Polygon\12.5\안전지대\17\Polygon_17.shp
17,112,5,111.0,279.0,"[7,15,25,33,35]",360,C:\Users\choih\Desktop\연구\Landing_Depature_Process\자료\결과물\Polygon\8\17\Polygon_17.shp,C:\Users\choih\Desktop\연구\Landing_Depature_Process\자료\결과물\Polygon\12.5\안전지대\17\Polygon_17.shp
17,113,5,112.0,279.0,"[7,15,25,33,35]",360,C:\Users\choih\Desktop\연구\Landing_Depature_Process\자료\결과물\Polygon\8\17\Polygon_17.shp,C:\Users\choih\Desktop\연구\Landing_Depature_Process\자료\결과물\Polygon\12.5\안전지대\17\Polygon_17.shp
17,114,5,113.0,279.0,"[7,15,25,33,35]",360,C:\Users\choih\Desktop\연구\Landing_Depature_Process\자료\결과물\Polygon\8\17\Polygon_17.shp,C:\Users\choih\Desktop\연구\Landing_Depature_Process\자료\결과물\Polygon\12.5\안전지대\17\Polygon_17.shp
17,115,5,114.0,279.0,"[7,15,25,33,35]",360,C:\Users\choih\Desktop\연구\Landing_Depature_Process\자료\결과물\Polygon\8\17\Polygon_17.shp,C:\Users\choih\Desktop\연구\Landing_Depature_Process\자료\결과물\Polygon\12.5\안전지대\17\Polygon_17.shp
17,116,5,115.0,279.0,"[7,15,25,33,35]",360,C:\Users\choih\Desktop\연구\Landing_Depature_Process\자료\결과물\Polygon\8\17\Polygon_17.shp,C:\Users\choih\Desktop\연구\Landing_Depature_Process\자료\결과물\Polygon\12.5\안전지대\17\Polygon_17.shp
17,117,5,116.0,279.0,"[7,15,25,33,35]",360,C:\Users\choih\Desktop\연구\Landing_Depature_Process\자료\결과물\Polygon\8\17\Polygon_17.shp,C:\Users\choih\Desktop\연구\Landing_Depature_Process\자료\결과물\Polygon\12.5\안전지대\17\Polygon_17.shp
17,118,5,117.0,279.0,"[7,15,25,33,35]",360,C:\Users\choih\Desktop\연구\Landing_Depature_Process\자료\결과물\Polygon\8\17\Polygon_17.shp,C:\Users\choih\Desktop\연구\Landing_Depature_Process\자료\결과물\Polygon\12.5\안전지대\17\Polygon_17.shp
17,119,5,118.0,279.0,"[7,15,25,33,35]",360,C:\Users\choih\Desktop\연구\Landing_Depature_Process\자료\결과물\Polygon\8\17\Polygon_17.shp,C:\Users\choih\Desktop\연구\Landing_Depature_Process\자료\결과물\Polygon\12.5\안전지대\17\Polygon_17.shp
17,120,5,119.0,279.0,"[7,15,25,33,35]",360,C:\Users\choih\Desktop\연구\Landing_Depature_Process\자료\결과물\Polygon\8\17\Polygon_17.shp,C:\Users\choih\Desktop\연구\Landing_Depature_Process\자료\결과물\Polygon\12.5\안전지대\17\Polygon_17.shp
17,121,5,120.0,279.0,"[7,15,25,33,35]",360,C:\Users\choih\Desktop\연구\Landing_Depature_Process\자료\결과물\Polygon\8\17\Polygon_17.shp,C:\Users\choih\Desktop\연구\Landing_Depature_Process\자료\결과물\Polygon\12.5\안전지대\17\Polygon_17.shp
17,122,5,121.0,279.0,"[7,15,25,33,35]",360,C:\Users\choih\Desktop\연구\Landing_Depature_Process\자료\결과물\Polygon\8\17\Polygon_17.shp,C:\Users\choih\Desktop\연구\Landing_Depature_Process\자료\결과물\Polygon\12.5\안전지대\17\Polygon_17.shp
17,123,5,122.0,279.0,"[7,15,25,33,35]",360,C:\Users\choih\Desktop\연구\Landing_Depature_Process\자료\결과물\Polygon\8\17\Polygon_17.shp,C:\Users\choih\Desktop\연구\Landing_Depature_Process\자료\결과물\Polygon\12.5\안전지대\17\Polygon_17.shp
17,124,5,123.0,279.0,"[7,15,25,33,35]",360,C:\Users\choih\Desktop\연구\Landing_Depature_Process\자료\결과물\Polygon\8\17\Polygon_17.shp,C:\Users\choih\Desktop\연구\Landing_Depature_Process\자료\결과물\Polygon\12.5\안전지대\17\Polygon_17.shp
17,125,5,279.0,49.0,"[7,15,25,33,35]",360,C:\Users\choih\Desktop\연구\Landing_Depature_Process\자료\결과물\Polygon\8\17\Polygon_17.shp,C:\Users\choih\Desktop\연구\Landing_Depature_Process\자료\결과물\Polygon\12.5\안전지대\17\Polygon_17.shp
17,126,5,280.0,50.0,"[7,15,25,33,35]",360,C:\Users\choih\Desktop\연구\Landing_Depature_Process\자료\결과물\Polygon\8\17\Polygon_17.shp,C:\Users\choih\Desktop\연구\Landing_Depature_Process\자료\결과물\Polygon\12.5\안전지대\17\Polygon_17.shp
17,127,5,281.0,51.0,"[7,15,25,33,35]",360,C:\Users\choih\Desktop\연구\Landing_Depature_Process\자료\결과물\Polygon\8\17\Polygon_17.shp,C:\Users\choih\Desktop\연구\Landing_Depature_Process\자료\결과물\Polygon\12.5\안전지대\17\Polygon_17.shp
17,128,5,282.0,52.0,"[7,15,25,33,35]",360,C:\Users\choih\Desktop\연구\Landing_Depature_Process\자료\결과물\Polygon\8\17\Polygon_17.shp,C:\Users\choih\Desktop\연구\Landing_Depature_Process\자료\결과물\Polygon\12.5\안전지대\17\Polygon_17.shp
17,129,5,283.0,53.0,"[7,15,25,33,35]",360,C:\Users\choih\Desktop\연구\Landing_Depature_Process\자료\결과물\Polygon\8\17\Polygon_17.shp,C:\Users\choih\Desktop\연구\Landing_Depature_Process\자료\결과물\Polygon\12.5\안전지대\17\Polygon_17.shp
17,130,5,284.0,54.0,"[7,15,25,33,35]",360,C:\Users\choih\Desktop\연구\Landing_Depature_Process\자료\결과물\Polygon\8\17\Polygon_17.shp,C:\Users\choih\Desktop\연구\Landing_Depature_Process\자료\결과물\Polygon\12.5\안전지대\17\Polygon_17.shp
17,131,5,285.0,55.0,"[7,15,25,33,35]",360,C:\Users\choih\Desktop\연구\Landing_Depature_Process\자료\결과물\Polygon\8\17\Polygon_17.shp,C:\Users\choih\Desktop\연구\Landing_Depature_Process\자료\결과물\Polygon\12.5\안전지대\17\Polygon_17.shp
17,132,5,286.0,56.0,"[7,15,25,33,35]",360,C:\Users\choih\Desktop\연구\Landing_Depature_Process\자료\결과물\Polygon\8\17\Polygon_17.shp,C:\Users\choih\Desktop\연구\Landing_Depature_Process\자료\결과물\Polygon\12.5\안전지대\17\Polygon_17.shp
17,133,5,287.0,57.0,"[7,15,25,33,35]",360,C:\Users\choih\Desktop\연구\Landing_Depature_Process\자료\결과물\Polygon\8\17\Polygon_17.shp,C:\Users\choih\Desktop\연구\Landing_Depature_Process\자료\결과물\Polygon\12.5\안전지대\17\Polygon_17.shp
17,134,5,288.0,58.0,"[7,15,25,33,35]",360,C:\Users\choih\Desktop\연구\Landing_Depature_Process\자료\결과물\Polygon\8\17\Polygon_17.shp,C:\Users\choih\Desktop\연구\Landing_Depature_Process\자료\결과물\Polygon\12.5\안전지대\17\Polygon_17.shp
17,135,5,289.0,59.0,"[7,15,25,33,35]",360,C:\Users\choih\Desktop\연구\Landing_Depature_Process\자료\결과물\Polygon\8\17\Polygon_17.shp,C:\Users\choih\Desktop\연구\Landing_Depature_Process\자료\결과물\Polygon\12.5\안전지대\17\Polygon_17.shp
17,136,5,290.0,60.0,"[7,15,25,33,35]",360,C:\Users\choih\Desktop\연구\Landing_Depature_Process\자료\결과물\Polygon\8\17\Polygon_17.shp,C:\Users\choih\Desktop\연구\Landing_Depature_Process\자료\결과물\Polygon\12.5\안전지대\17\Polygon_17.shp
17,137,5,291.0,61.0,"[7,15,25,33,35]",360,C:\Users\choih\Desktop\연구\Landing_Depature_Process\자료\결과물\Polygon\8\17\Polygon_17.shp,C:\Users\choih\Desktop\연구\Landing_Depature_Process\자료\결과물\Polygon\12.5\안전지대\17\Polygon_17.shp
17,138,5,292.0,62.0,"[7,15,25,33,35]",360,C:\Users\choih\Desktop\연구\Landing_Depature_Process\자료\결과물\Polygon\8\17\Polygon_17.shp,C:\Users\choih\Desktop\연구\Landing_Depature_Process\자료\결과물\Polygon\12.5\안전지대\17\Polygon_17.shp
17,139,5,293.0,63.0,"[7,15,25,33,35]",360,C:\Users\choih\Desktop\연구\Landing_Depature_Process\자료\결과물\Polygon\8\17\Polygon_17.shp,C:\Users\choih\Desktop\연구\Landing_Depature_Process\자료\결과물\Polygon\12.5\안전지대\17\Polygon_17.shp
17,140,5,294.0,64.0,"[7,15,25,33,35]",360,C:\Users\choih\Desktop\연구\Landing_Depature_Process\자료\결과물\Polygon\8\17\Polygon_17.shp,C:\Users\choih\Desktop\연구\Landing_Depature_Process\자료\결과물\Polygon\12.5\안전지대\17\Polygon_17.shp
17,141,5,295.0,65.0,"[7,15,25,33,35]",360,C:\Users\choih\Desktop\연구\Landing_Depature_Process\자료\결과물\Polygon\8\17\Polygon_17.shp,C:\Users\choih\Desktop\연구\Landing_Depature_Process\자료\결과물\Polygon\12.5\안전지대\17\Polygon_17.shp
17,142,5,296.0,66.0,"[7,15,25,33,35]",360,C:\Users\choih\Desktop\연구\Landing_Depature_Process\자료\결과물\Polygon\8\17\Polygon_17.shp,C:\Users\choih\Desktop\연구\Landing_Depature_Process\자료\결과물\Polygon\12.5\안전지대\17\Polygon_17.shp
17,143,5,297.0,67.0,"[7,15,25,33,35]",360,C:\Users\choih\Desktop\연구\Landing_Depature_Process\자료\결과물\Polygon\8\17\Polygon_17.shp,C:\Users\choih\Desktop\연구\Landing_Depature_Process\자료\결과물\Polygon\12.5\안전지대\17\Polygon_17.shp
17,144,5,298.0,68.0,"[7,15,25,33,35]",360,C:\Users\choih\Desktop\연구\Landing_Depature_Process\자료\결과물\Polygon\8\17\Polygon_17.shp,C:\Users\choih\Desktop\연구\Landing_Depature_Process\자료\결과물\Polygon\12.5\안전지대\17\Polygon_17.shp
17,145,5,299.0,69.0,"[7,15,25,33,35]",360,C:\Users\choih\Desktop\연구\Landing_Depature_Process\자료\결과물\Polygon\8\17\Polygon_17.shp,C:\Users\choih\Desktop\연구\Landing_Depature_Process\자료\결과물\Polygon\12.5\안전지대\17\Polygon_17.shp
17,146,5,300.0,70.0,"[7,15,25,33,35]",360,C:\Users\choih\Desktop\연구\Landing_Depature_Process\자료\결과물\Polygon\8\17\Polygon_17.shp,C:\Users\choih\Desktop\연구\Landing_Depature_Process\자료\결과물\Polygon\12.5\안전지대\17\Polygon_17.shp
17,147,5,301.0,71.0,"[7,15,25,33,35]",360,C:\Users\choih\Desktop\연구\Landing_Depature_Process\자료\결과물\Polygon\8\17\Polygon_17.shp,C:\Users\choih\Desktop\연구\Landing_Depature_Process\자료\결과물\Polygon\12.5\안전지대\17\Polygon_17.shp
17,148,5,302.0,72.0,"[7,15,25,33,35]",360,C:\Users\choih\Desktop\연구\Landing_Depature_Process\자료\결과물\Polygon\8\17\Polygon_17.shp,C:\Users\choih\Desktop\연구\Landing_Depature_Process\자료\결과물\Polygon\12.5\안전지대\17\Polygon_17.shp
17,149,5,303.0,73.0,"[7,15,25,33,35]",360,C:\Users\choih\Desktop\연구\Landing_Depature_Process\자료\결과물\Polygon\8\17\Polygon_17.shp,C:\Users\choih\Desktop\연구\Landing_Depature_Process\자료\결과물\Polygon\12.5\안전지대\17\Polygon_17.shp
17,150,5,304.0,74.0,"[7,15,25,33,35]",360,C:\Users\choih\Desktop\연구\Landing_Depature_Process\자료\결과물\Polygon\8\17\Polygon_17.shp,C:\Users\choih\Desktop\연구\Landing_Depature_Process\자료\결과물\Polygon\12.5\안전지대\17\Polygon_17.shp
17,151,5,305.0,75.0,"[7,15,25,33,35]",360,C:\Users\choih\Desktop\연구\Landing_Depature_Process\자료\결과물\Polygon\8\17\Polygon_17.shp,C:\Users\choih\Desktop\연구\Landing_Depature_Process\자료\결과물\Polygon\12.5\안전지대\17\Polygon_17.shp
17,152,5,306.0,76.0,"[7,15,25,33,35]",360,C:\Users\choih\Desktop\연구\Landing_Depature_Process\자료\결과물\Polygon\8\17\Polygon_17.shp,C:\Users\choih\Desktop\연구\Landing_Depature_Process\자료\결과물\Polygon\12.5\안전지대\17\Polygon_17.shp
17,153,5,307.0,77.0,"[7,15,25,33,35]",360,C:\Users\choih\Desktop\연구\Landing_Depature_Process\자료\결과물\Polygon\8\17\Polygon_17.shp,C:\Users\choih\Desktop\연구\Landing_Depature_Process\자료\결과물\Polygon\12.5\안전지대\17\Polygon_17.shp
17,154,5,308.0,78.0,"[7,15,25,33,35]",360,C:\Users\choih\Desktop\연구\Landing_Depature_Process\자료\결과물\Polygon\8\17\Polygon_17.shp,C:\Users\choih\Desktop\연구\Landing_Depature_Process\자료\결과물\Polygon\12.5\안전지대\17\Polygon_17.shp
17,155,5,309.0,79.0,"[7,15,25,33,35]",360,C:\Users\choih\Desktop\연구\Landing_Depature_Process\자료\결과물\Polygon\8\17\Polygon_17.shp,C:\Users\choih\Desktop\연구\Landing_Depature_Process\자료\결과물\Polygon\12.5\안전지대\17\Polygon_17.shp
17,156,5,310.0,80.0,"[7,15,25,33,35]",360,C:\Users\choih\Desktop\연구\Landing_Depature_Process\자료\결과물\Polygon\8\17\Polygon_17.shp,C:\Users\choih\Desktop\연구\Landing_Depature_Process\자료\결과물\Polygon\12.5\안전지대\17\Polygon_17.shp
17,157,5,311.0,81.0,"[7,15,25,33,35]",360,C:\Users\choih\Desktop\연구\Landing_Depature_Process\자료\결과물\Polygon\8\17\Polygon_17.shp,C:\Users\choih\Desktop\연구\Landing_Depature_Process\자료\결과물\Polygon\12.5\안전지대\17\Polygon_17.shp
17,158,5,312.0,82.0,"[7,15,25,33,35]",360,C:\Users\choih\Desktop\연구\Landing_Depature_Process\자료\결과물\Polygon\8\17\Polygon_17.shp,C:\Users\choih\Desktop\연구\Landing_Depature_Process\자료\결과물\Polygon\12.5\안전지대\17\Polygon_17.shp
17,159,5,313.0,83.0,"[7,15,25,33,35]",360,C:\Users\choih\Desktop\연구\Landing_Depature_Process\자료\결과물\Polygon\8\17\Polygon_17.shp,C:\Users\choih\Desktop\연구\Landing_Depature_Process\자료\결과물\Polygon\12.5\안전지대\17\Polygon_17.shp
17,160,5,314.0,84.0,"[7,15,25,33,35]",360,C:\Users\choih\Desktop\연구\Landing_Depature_Process\자료\결과물\Polygon\8\17\Polygon_17.shp,C:\Users\choih\Desktop\연구\Landing_Depature_Process\자료\결과물\Polygon\12.5\안전지대\17\Polygon_17.shp
17,161,5,315.0,85.0,"[7,15,25,33,35]",360,C:\Users\choih\Desktop\연구\Landing_Depature_Process\자료\결과물\Polygon\8\17\Polygon_17.shp,C:\Users\choih\Desktop\연구\Landing_Depature_Process\자료\결과물\Polygon\12.5\안전지대\17\Polygon_17.shp
17,162,5,316.0,86.0,"[7,15,25,33,35]",360,C:\Users\choih\Desktop\연구\Landing_Depature_Process\자료\결과물\Polygon\8\17\Polygon_17.shp,C:\Users\choih\Desktop\연구\Landing_Depature_Process\자료\결과물\Polygon\12.5\안전지대\17\Polygon_17.shp
17,163,5,317.0,87.0,"[7,15,25,33,35]",360,C:\Users\choih\Desktop\연구\Landing_Depature_Process\자료\결과물\Polygon\8\17\Polygon_17.shp,C:\Users\choih\Desktop\연구\Landing_Depature_Process\자료\결과물\Polygon\12.5\안전지대\17\Polygon_17.shp
17,164,5,318.0,88.0,"[7,15,25,33,35]",360,C:\Users\choih\Desktop\연구\Landing_Depature_Process\자료\결과물\Polygon\8\17\Polygon_17.shp,C:\Users\choih\Desktop\연구\Landing_Depature_Process\자료\결과물\Polygon\12.5\안전지대\17\Polygon_17.shp
17,165,5,319.0,89.0,"[7,15,25,33,35]",360,C:\Users\choih\Desktop\연구\Landing_Depature_Process\자료\결과물\Polygon\8\17\Polygon_17.shp,C:\Users\choih\Desktop\연구\Landing_Depature_Process\자료\결과물\Polygon\12.5\안전지대\17\Polygon_17.shp
17,166,5,320.0,90.0,"[7,15,25,33,35]",360,C:\Users\choih\Desktop\연구\Landing_Depature_Process\자료\결과물\Polygon\8\17\Polygon_17.shp,C:\Users\choih\Desktop\연구\Landing_Depature_Process\자료\결과물\Polygon\12.5\안전지대\17\Polygon_17.shp
17,167,5,321.0,91.0,"[7,15,25,33,35]",360,C:\Users\choih\Desktop\연구\Landing_Depature_Process\자료\결과물\Polygon\8\17\Polygon_17.shp,C:\Users\choih\Desktop\연구\Landing_Depature_Process\자료\결과물\Polygon\12.5\안전지대\17\Polygon_17.shp
17,168,5,322.0,92.0,"[7,15,25,33,35]",360,C:\Users\choih\Desktop\연구\Landing_Depature_Process\자료\결과물\Polygon\8\17\Polygon_17.shp,C:\Users\choih\Desktop\연구\Landing_Depature_Process\자료\결과물\Polygon\12.5\안전지대\17\Polygon_17.shp
17,169,5,323.0,93.0,"[7,15,25,33,35]",360,C:\Users\choih\Desktop\연구\Landing_Depature_Process\자료\결과물\Polygon\8\17\Polygon_17.shp,C:\Users\choih\Desktop\연구\Landing_Depature_Process\자료\결과물\Polygon\12.5\안전지대\17\Polygon_17.shp
17,170,5,324.0,94.0,"[7,15,25,33,35]",360,C:\Users\choih\Desktop\연구\Landing_Depature_Process\자료\결과물\Polygon\8\17\Polygon_17.shp,C:\Users\choih\Desktop\연구\Landing_Depature_Process\자료\결과물\Polygon\12.5\안전지대\17\Polygon_17.shp
17,171,5,325.0,95.0,"[7,15,25,33,35]",360,C:\Users\choih\Desktop\연구\Landing_Depature_Process\자료\결과물\Polygon\8\17\Polygon_17.shp,C:\Users\choih\Desktop\연구\Landing_Depature_Process\자료\결과물\Polygon\12.5\안전지대\17\Polygon_17.shp
17,172,5,326.0,96.0,"[7,15,25,33,35]",360,C:\Users\choih\Desktop\연구\Landing_Depature_Process\자료\결과물\Polygon\8\17\Polygon_17.shp,C:\Users\choih\Desktop\연구\Landing_Depature_Process\자료\결과물\Polygon\12.5\안전지대\17\Polygon_17.shp
17,173,5,327.0,97.0,"[7,15,25,33,35]",360,C:\Users\choih\Desktop\연구\Landing_Depature_Process\자료\결과물\Polygon\8\17\Polygon_17.shp,C:\Users\choih\Desktop\연구\Landing_Depature_Process\자료\결과물\Polygon\12.5\안전지대\17\Polygon_17.shp
17,174,5,328.0,98.0,"[7,15,25,33,35]",360,C:\Users\choih\Desktop\연구\Landing_Depature_Process\자료\결과물\Polygon\8\17\Polygon_17.shp,C:\Users\choih\Desktop\연구\Landing_Depature_Process\자료\결과물\Polygon\12.5\안전지대\17\Polygon_17.shp
17,175,5,329.0,99.0,"[7,15,25,33,35]",360,C:\Users\choih\Desktop\연구\Landing_Depature_Process\자료\결과물\Polygon\8\17\Polygon_17.shp,C:\Users\choih\Desktop\연구\Landing_Depature_Process\자료\결과물\Polygon\12.5\안전지대\17\Polygon_17.shp
17,176,5,330.0,100.0,"[7,15,25,33,35]",360,C:\Users\choih\Desktop\연구\Landing_Depature_Process\자료\결과물\Polygon\8\17\Polygon_17.shp,C:\Users\choih\Desktop\연구\Landing_Depature_Process\자료\결과물\Polygon\12.5\안전지대\17\Polygon_17.shp
17,177,5,331.0,101.0,"[7,15,25,33,35]",360,C:\Users\choih\Desktop\연구\Landing_Depature_Process\자료\결과물\Polygon\8\17\Polygon_17.shp,C:\Users\choih\Desktop\연구\Landing_Depature_Process\자료\결과물\Polygon\12.5\안전지대\17\Polygon_17.shp
17,178,5,332.0,102.0,"[7,15,25,33,35]",360,C:\Users\choih\Desktop\연구\Landing_Depature_Process\자료\결과물\Polygon\8\17\Polygon_17.shp,C:\Users\choih\Desktop\연구\Landing_Depature_Process\자료\결과물\Polygon\12.5\안전지대\17\Polygon_17.shp
17,179,5,333.0,103.0,"[7,15,25,33,35]",360,C:\Users\choih\Desktop\연구\Landing_Depature_Process\자료\결과물\Polygon\8\17\Polygon_17.shp,C:\Users\choih\Desktop\연구\Landing_Depature_Process\자료\결과물\Polygon\12.5\안전지대\17\Polygon_17.shp
17,180,5,334.0,104.0,"[7,15,25,33,35]",360,C:\Users\choih\Desktop\연구\Landing_Depature_Process\자료\결과물\Polygon\8\17\Polygon_17.shp,C:\Users\choih\Desktop\연구\Landing_Depature_Process\자료\결과물\Polygon\12.5\안전지대\17\Polygon_17.shp
17,181,5,335.0,105.0,"[7,15,25,33,35]",360,C:\Users\choih\Desktop\연구\Landing_Depature_Process\자료\결과물\Polygon\8\17\Polygon_17.shp,C:\Users\choih\Desktop\연구\Landing_Depature_Process\자료\결과물\Polygon\12.5\안전지대\17\Polygon_17.shp
17,182,5,336.0,106.0,"[7,15,25,33,35]",360,C:\Users\choih\Desktop\연구\Landing_Depature_Process\자료\결과물\Polygon\8\17\Polygon_17.shp,C:\Users\choih\Desktop\연구\Landing_Depature_Process\자료\결과물\Polygon\12.5\안전지대\17\Polygon_17.shp
17,183,5,337.0,107.0,"[7,15,25,33,35]",360,C:\Users\choih\Desktop\연구\Landing_Depature_Process\자료\결과물\Polygon\8\17\Polygon_17.shp,C:\Users\choih\Desktop\연구\Landing_Depature_Process\자료\결과물\Polygon\12.5\안전지대\17\Polygon_17.shp
17,184,5,338.0,108.0,"[7,15,25,33,35]",360,C:\Users\choih\Desktop\연구\Landing_Depature_Process\자료\결과물\Polygon\8\17\Polygon_17.shp,C:\Users\choih\Desktop\연구\Landing_Depature_Process\자료\결과물\Polygon\12.5\안전지대\17\Polygon_17.shp
17,185,5,339.0,109.0,"[7,15,25,33,35]",360,C:\Users\choih\Desktop\연구\Landing_Depature_Process\자료\결과물\Polygon\8\17\Polygon_17.shp,C:\Users\choih\Desktop\연구\Landing_Depature_Process\자료\결과물\Polygon\12.5\안전지대\17\Polygon_17.shp
17,186,5,340.0,110.0,"[7,15,25,33,35]",360,C:\Users\choih\Desktop\연구\Landing_Depature_Process\자료\결과물\Polygon\8\17\Polygon_17.shp,C:\Users\choih\Desktop\연구\Landing_Depature_Process\자료\결과물\Polygon\12.5\안전지대\17\Polygon_17.shp
17,187,5,341.0,111.0,"[7,15,25,33,35]",360,C:\Users\choih\Desktop\연구\Landing_Depature_Process\자료\결과물\Polygon\8\17\Polygon_17.shp,C:\Users\choih\Desktop\연구\Landing_Depature_Process\자료\결과물\Polygon\12.5\안전지대\17\Polygon_17.shp
17,188,5,342.0,112.0,"[7,15,25,33,35]",360,C:\Users\choih\Desktop\연구\Landing_Depature_Process\자료\결과물\Polygon\8\17\Polygon_17.shp,C:\Users\choih\Desktop\연구\Landing_Depature_Process\자료\결과물\Polygon\12.5\안전지대\17\Polygon_17.shp
17,189,5,343.0,113.0,"[7,15,25,33,35]",360,C:\Users\choih\Desktop\연구\Landing_Depature_Process\자료\결과물\Polygon\8\17\Polygon_17.shp,C:\Users\choih\Desktop\연구\Landing_Depature_Process\자료\결과물\Polygon\12.5\안전지대\17\Polygon_17.shp
17,190,5,344.0,114.0,"[7,15,25,33,35]",360,C:\Users\choih\Desktop\연구\Landing_Depature_Process\자료\결과물\Polygon\8\17\Polygon_17.shp,C:\Users\choih\Desktop\연구\Landing_Depature_Process\자료\결과물\Polygon\12.5\안전지대\17\Polygon_17.shp
17,191,5,345.0,115.0,"[7,15,25,33,35]",360,C:\Users\choih\Desktop\연구\Landing_Depature_Process\자료\결과물\Polygon\8\17\Polygon_17.shp,C:\Users\choih\Desktop\연구\Landing_Depature_Process\자료\결과물\Polygon\12.5\안전지대\17\Polygon_17.shp
17,192,5,346.0,116.0,"[7,15,25,33,35]",360,C:\Users\choih\Desktop\연구\Landing_Depature_Process\자료\결과물\Polygon\8\17\Polygon_17.shp,C:\Users\choih\Desktop\연구\Landing_Depature_Process\자료\결과물\Polygon\12.5\안전지대\17\Polygon_17.shp
17,193,5,347.0,117.0,"[7,15,25,33,35]",360,C:\Users\choih\Desktop\연구\Landing_Depature_Process\자료\결과물\Polygon\8\17\Polygon_17.shp,C:\Users\choih\Desktop\연구\Landing_Depature_Process\자료\결과물\Polygon\12.5\안전지대\17\Polygon_17.shp
17,194,5,348.0,118.0,"[7,15,25,33,35]",360,C:\Users\choih\Desktop\연구\Landing_Depature_Process\자료\결과물\Polygon\8\17\Polygon_17.shp,C:\Users\choih\Desktop\연구\Landing_Depature_Process\자료\결과물\Polygon\12.5\안전지대\17\Polygon_17.shp
17,195,5,349.0,119.0,"[7,15,25,33,35]",360,C:\Users\choih\Desktop\연구\Landing_Depature_Process\자료\결과물\Polygon\8\17\Polygon_17.shp,C:\Users\choih\Desktop\연구\Landing_Depature_Process\자료\결과물\Polygon\12.5\안전지대\17\Polygon_17.shp
17,196,5,350.0,120.0,"[7,15,25,33,35]",360,C:\Users\choih\Desktop\연구\Landing_Depature_Process\자료\결과물\Polygon\8\17\Polygon_17.shp,C:\Users\choih\Desktop\연구\Landing_Depature_Process\자료\결과물\Polygon\12.5\안전지대\17\Polygon_17.shp
17,197,5,351.0,121.0,"[7,15,25,33,35]",360,C:\Users\choih\Desktop\연구\Landing_Depature_Process\자료\결과물\Polygon\8\17\Polygon_17.shp,C:\Users\choih\Desktop\연구\Landing_Depature_Process\자료\결과물\Polygon\12.5\안전지대\17\Polygon_17.shp
17,198,5,352.0,122.0,"[7,15,25,33,35]",360,C:\Users\choih\Desktop\연구\Landing_Depature_Process\자료\결과물\Polygon\8\17\Polygon_17.shp,C:\Users\choih\Desktop\연구\Landing_Depature_Process\자료\결과물\Polygon\12.5\안전지대\17\Polygon_17.shp
17,199,5,353.0,123.0,"[7,15,25,33,35]",360,C:\Users\choih\Desktop\연구\Landing_Depature_Process\자료\결과물\Polygon\8\17\Polygon_17.shp,C:\Users\choih\Desktop\연구\Landing_Depature_Process\자료\결과물\Polygon\12.5\안전지대\17\Polygon_17.shp
17,200,5,354.0,124.0,"[7,15,25,33,35]",360,C:\Users\choih\Desktop\연구\Landing_Depature_Process\자료\결과물\Polygon\8\17\Polygon_17.shp,C:\Users\choih\Desktop\연구\Landing_Depature_Process\자료\결과물\Polygon\12.5\안전지대\17\Polygon_17.shp
17,201,5,355.0,125.0,"[7,15,25,33,35]",360,C:\Users\choih\Desktop\연구\Landing_Depature_Process\자료\결과물\Polygon\8\17\Polygon_17.shp,C:\Users\choih\Desktop\연구\Landing_Depature_Process\자료\결과물\Polygon\12.5\안전지대\17\Polygon_17.shp
17,202,5,356.0,126.0,"[7,15,25,33,35]",360,C:\Users\choih\Desktop\연구\Landing_Depature_Process\자료\결과물\Polygon\8\17\Polygon_17.shp,C:\Users\choih\Desktop\연구\Landing_Depature_Process\자료\결과물\Polygon\12.5\안전지대\17\Polygon_17.shp
17,203,5,357.0,127.0,"[7,15,25,33,35]",360,C:\Users\choih\Desktop\연구\Landing_Depature_Process\자료\결과물\Polygon\8\17\Polygon_17.shp,C:\Users\choih\Desktop\연구\Landing_Depature_Process\자료\결과물\Polygon\12.5\안전지대\17\Polygon_17.shp
17,204,5,358.0,128.0,"[7,15,25,33,35]",360,C:\Users\choih\Desktop\연구\Landing_Depature_Process\자료\결과물\Polygon\8\17\Polygon_17.shp,C:\Users\choih\Desktop\연구\Landing_Depature_Process\자료\결과물\Polygon\12.5\안전지대\17\Polygon_17.shp
17,205,5,359.0,129.0,"[7,15,25,33,35]",360,C:\Users\choih\Desktop\연구\Landing_Depature_Process\자료\결과물\Polygon\8\17\Polygon_17.shp,C:\Users\choih\Desktop\연구\Landing_Depature_Process\자료\결과물\Polygon\12.5\안전지대\17\Polygon_17.shp
20,1,7,277.0,91.0,"[2,5,12,13,23,30,31]",252,C:\Users\choih\Desktop\연구\Landing_Depature_Process\자료\결과물\Polygon\8\20\Polygon_20.shp,C:\Users\choih\Desktop\연구\Landing_Depature_Process\자료\결과물\Polygon\12.5\안전지대\20\Polygon_20.shp
20,2,7,278.0,91.0,"[2,5,12,13,23,30,31]",252,C:\Users\choih\Desktop\연구\Landing_Depature_Process\자료\결과물\Polygon\8\20\Polygon_20.shp,C:\Users\choih\Desktop\연구\Landing_Depature_Process\자료\결과물\Polygon\12.5\안전지대\20\Polygon_20.shp
20,3,7,279.0,91.0,"[2,5,12,13,23,30,31]",252,C:\Users\choih\Desktop\연구\Landing_Depature_Process\자료\결과물\Polygon\8\20\Polygon_20.shp,C:\Users\choih\Desktop\연구\Landing_Depature_Process\자료\결과물\Polygon\12.5\안전지대\20\Polygon_20.shp
20,4,7,280.0,91.0,"[2,5,12,13,23,30,31]",252,C:\Users\choih\Desktop\연구\Landing_Depature_Process\자료\결과물\Polygon\8\20\Polygon_20.shp,C:\Users\choih\Desktop\연구\Landing_Depature_Process\자료\결과물\Polygon\12.5\안전지대\20\Polygon_20.shp
20,5,7,281.0,91.0,"[2,5,12,13,23,30,31]",252,C:\Users\choih\Desktop\연구\Landing_Depature_Process\자료\결과물\Polygon\8\20\Polygon_20.shp,C:\Users\choih\Desktop\연구\Landing_Depature_Process\자료\결과물\Polygon\12.5\안전지대\20\Polygon_20.shp
20,6,7,282.0,91.0,"[2,5,12,13,23,30,31]",252,C:\Users\choih\Desktop\연구\Landing_Depature_Process\자료\결과물\Polygon\8\20\Polygon_20.shp,C:\Users\choih\Desktop\연구\Landing_Depature_Process\자료\결과물\Polygon\12.5\안전지대\20\Polygon_20.shp
20,7,7,283.0,91.0,"[2,5,12,13,23,30,31]",252,C:\Users\choih\Desktop\연구\Landing_Depature_Process\자료\결과물\Polygon\8\20\Polygon_20.shp,C:\Users\choih\Desktop\연구\Landing_Depature_Process\자료\결과물\Polygon\12.5\안전지대\20\Polygon_20.shp
20,8,7,284.0,91.0,"[2,5,12,13,23,30,31]",252,C:\Users\choih\Desktop\연구\Landing_Depature_Process\자료\결과물\Polygon\8\20\Polygon_20.shp,C:\Users\choih\Desktop\연구\Landing_Depature_Process\자료\결과물\Polygon\12.5\안전지대\20\Polygon_20.shp
20,9,7,285.0,91.0,"[2,5,12,13,23,30,31]",252,C:\Users\choih\Desktop\연구\Landing_Depature_Process\자료\결과물\Polygon\8\20\Polygon_20.shp,C:\Users\choih\Desktop\연구\Landing_Depature_Process\자료\결과물\Polygon\12.5\안전지대\20\Polygon_20.shp
20,10,7,286.0,91.0,"[2,5,12,13,23,30,31]",252,C:\Users\choih\Desktop\연구\Landing_Depature_Process\자료\결과물\Polygon\8\20\Polygon_20.shp,C:\Users\choih\Desktop\연구\Landing_Depature_Process\자료\결과물\Polygon\12.5\안전지대\20\Polygon_20.shp
23,1,7,244.0,89.0,"[5,8,12,13,26,30,31]",311,C:\Users\choih\Desktop\연구\Landing_Depature_Process\자료\결과물\Polygon\8\23\Polygon_23.shp,C:\Users\choih\Desktop\연구\Landing_Depature_Process\자료\결과물\Polygon\12.5\안전지대\23\Polygon_23.shp
23,2,7,245.0,89.0,"[5,8,12,13,26,30,31]",311,C:\Users\choih\Desktop\연구\Landing_Depature_Process\자료\결과물\Polygon\8\23\Polygon_23.shp,C:\Users\choih\Desktop\연구\Landing_Depature_Process\자료\결과물\Polygon\12.5\안전지대\23\Polygon_23.shp
23,3,7,246.0,89.0,"[5,8,12,13,26,30,31]",311,C:\Users\choih\Desktop\연구\Landing_Depature_Process\자료\결과물\Polygon\8\23\Polygon_23.shp,C:\Users\choih\Desktop\연구\Landing_Depature_Process\자료\결과물\Polygon\12.5\안전지대\23\Polygon_23.shp
23,4,7,247.0,89.0,"[5,8,12,13,26,30,31]",311,C:\Users\choih\Desktop\연구\Landing_Depature_Process\자료\결과물\Polygon\8\23\Polygon_23.shp,C:\Users\choih\Desktop\연구\Landing_Depature_Process\자료\결과물\Polygon\12.5\안전지대\23\Polygon_23.shp
23,5,7,248.0,89.0,"[5,8,12,13,26,30,31]",311,C:\Users\choih\Desktop\연구\Landing_Depature_Process\자료\결과물\Polygon\8\23\Polygon_23.shp,C:\Users\choih\Desktop\연구\Landing_Depature_Process\자료\결과물\Polygon\12.5\안전지대\23\Polygon_23.shp
23,6,7,256.0,89.0,"[2,5,12,13,20,30,31]",311,C:\Users\choih\Desktop\연구\Landing_Depature_Process\자료\결과물\Polygon\8\23\Polygon_23.shp,C:\Users\choih\Desktop\연구\Landing_Depature_Process\자료\결과물\Polygon\12.5\안전지대\23\Polygon_23.shp
23,7,7,257.0,89.0,"[2,5,12,13,20,30,31]",311,C:\Users\choih\Desktop\연구\Landing_Depature_Process\자료\결과물\Polygon\8\23\Polygon_23.shp,C:\Users\choih\Desktop\연구\Landing_Depature_Process\자료\결과물\Polygon\12.5\안전지대\23\Polygon_23.shp
23,8,7,258.0,89.0,"[2,5,12,13,20,30,31]",311,C:\Users\choih\Desktop\연구\Landing_Depature_Process\자료\결과물\Polygon\8\23\Polygon_23.shp,C:\Users\choih\Desktop\연구\Landing_Depature_Process\자료\결과물\Polygon\12.5\안전지대\23\Polygon_23.shp
23,9,7,259.0,89.0,"[2,5,12,13,20,30,31]",311,C:\Users\choih\Desktop\연구\Landing_Depature_Process\자료\결과물\Polygon\8\23\Polygon_23.shp,C:\Users\choih\Desktop\연구\Landing_Depature_Process\자료\결과물\Polygon\12.5\안전지대\23\Polygon_23.shp
23,10,7,260.0,89.0,"[2,5,12,13,20,30,31]",311,C:\Users\choih\Desktop\연구\Landing_Depature_Process\자료\결과물\Polygon\8\23\Polygon_23.shp,C:\Users\choih\Desktop\연구\Landing_Depature_Process\자료\결과물\Polygon\12.5\안전지대\23\Polygon_23.shp
25,1,7,0.0,212.0,"[7,12,15,17,30,33,35]",360,C:\Users\choih\Desktop\연구\Landing_Depature_Process\자료\결과물\Polygon\8\25\Polygon_25.shp,C:\Users\choih\Desktop\연구\Landing_Depature_Process\자료\결과물\Polygon\12.5\안전지대\25\Polygon_25.shp
25,2,7,1.0,212.0,"[7,12,15,17,30,33,35]",360,C:\Users\choih\Desktop\연구\Landing_Depature_Process\자료\결과물\Polygon\8\25\Polygon_25.shp,C:\Users\choih\Desktop\연구\Landing_Depature_Process\자료\결과물\Polygon\12.5\안전지대\25\Polygon_25.shp
25,3,7,2.0,212.0,"[7,12,15,17,30,33,35]",360,C:\Users\choih\Desktop\연구\Landing_Depature_Process\자료\결과물\Polygon\8\25\Polygon_25.shp,C:\Users\choih\Desktop\연구\Landing_Depature_Process\자료\결과물\Polygon\12.5\안전지대\25\Polygon_25.shp
25,4,7,3.0,212.0,"[7,12,15,17,30,33,35]",360,C:\Users\choih\Desktop\연구\Landing_Depature_Process\자료\결과물\Polygon\8\25\Polygon_25.shp,C:\Users\choih\Desktop\연구\Landing_Depature_Process\자료\결과물\Polygon\12.5\안전지대\25\Polygon_25.shp
25,5,7,4.0,212.0,"[7,12,15,17,30,33,35]",360,C:\Users\choih\Desktop\연구\Landing_Depature_Process\자료\결과물\Polygon\8\25\Polygon_25.shp,C:\Users\choih\Desktop\연구\Landing_Depature_Process\자료\결과물\Polygon\12.5\안전지대\25\Polygon_25.shp
25,6,7,5.0,212.0,"[7,12,15,17,30,33,35]",360,C:\Users\choih\Desktop\연구\Landing_Depature_Process\자료\결과물\Polygon\8\25\Polygon_25.shp,C:\Users\choih\Desktop\연구\Landing_Depature_Process\자료\결과물\Polygon\12.5\안전지대\25\Polygon_25.shp
25,7,7,6.0,212.0,"[7,12,15,17,30,33,35]",360,C:\Users\choih\Desktop\연구\Landing_Depature_Process\자료\결과물\Polygon\8\25\Polygon_25.shp,C:\Users\choih\Desktop\연구\Landing_Depature_Process\자료\결과물\Polygon\12.5\안전지대\25\Polygon_25.shp
25,8,7,7.0,212.0,"[7,12,15,17,30,33,35]",360,C:\Users\choih\Desktop\연구\Landing_Depature_Process\자료\결과물\Polygon\8\25\Polygon_25.shp,C:\Users\choih\Desktop\연구\Landing_Depature_Process\자료\결과물\Polygon\12.5\안전지대\25\Polygon_25.shp
25,9,7,8.0,212.0,"[7,12,15,17,30,33,35]",360,C:\Users\choih\Desktop\연구\Landing_Depature_Process\자료\결과물\Polygon\8\25\Polygon_25.shp,C:\Users\choih\Desktop\연구\Landing_Depature_Process\자료\결과물\Polygon\12.5\안전지대\25\Polygon_25.shp
25,10,7,9.0,212.0,"[7,12,15,17,30,33,35]",360,C:\Users\choih\Desktop\연구\Landing_Depature_Process\자료\결과물\Polygon\8\25\Polygon_25.shp,C:\Users\choih\Desktop\연구\Landing_Depature_Process\자료\결과물\Polygon\12.5\안전지대\25\Polygon_25.shp
26,1,9,88.0,218.0,"[2,5,8,12,13,20,23,30,31]",135,C:\Users\choih\Desktop\연구\Landing_Depature_Process\자료\결과물\Polygon\8\26\Polygon_26.shp,C:\Users\choih\Desktop\연구\Landing_Depature_Process\자료\결과물\Polygon\12.5\안전지대\26\Polygon_26.shp
26,2,9,89.0,219.0,"[2,5,8,12,13,20,23,30,31]",135,C:\Users\choih\Desktop\연구\Landing_Depature_Process\자료\결과물\Polygon\8\26\Polygon_26.shp,C:\Users\choih\Desktop\연구\Landing_Depature_Process\자료\결과물\Polygon\12.5\안전지대\26\Polygon_26.shp
26,3,9,90.0,220.0,"[2,5,8,12,13,20,23,30,31]",135,C:\Users\choih\Desktop\연구\Landing_Depature_Process\자료\결과물\Polygon\8\26\Polygon_26.shp,C:\Users\choih\Desktop\연구\Landing_Depature_Process\자료\결과물\Polygon\12.5\안전지대\26\Polygon_26.shp
26,4,9,91.0,221.0,"[2,5,8,12,13,20,23,30,31]",135,C:\Users\choih\Desktop\연구\Landing_Depature_Process\자료\결과물\Polygon\8\26\Polygon_26.shp,C:\Users\choih\Desktop\연구\Landing_Depature_Process\자료\결과물\Polygon\12.5\안전지대\26\Polygon_26.shp
26,5,9,92.0,222.0,"[2,5,8,12,13,20,23,30,31]",135,C:\Users\choih\Desktop\연구\Landing_Depature_Process\자료\결과물\Polygon\8\26\Polygon_26.shp,C:\Users\choih\Desktop\연구\Landing_Depature_Process\자료\결과물\Polygon\12.5\안전지대\26\Polygon_26.shp
26,6,9,93.0,223.0,"[2,5,8,12,13,20,23,30,31]",135,C:\Users\choih\Desktop\연구\Landing_Depature_Process\자료\결과물\Polygon\8\26\Polygon_26.shp,C:\Users\choih\Desktop\연구\Landing_Depature_Process\자료\결과물\Polygon\12.5\안전지대\26\Polygon_26.shp
26,7,9,94.0,224.0,"[2,5,8,12,13,20,23,30,31]",135,C:\Users\choih\Desktop\연구\Landing_Depature_Process\자료\결과물\Polygon\8\26\Polygon_26.shp,C:\Users\choih\Desktop\연구\Landing_Depature_Process\자료\결과물\Polygon\12.5\안전지대\26\Polygon_26.shp
26,8,9,95.0,225.0,"[2,5,8,12,13,20,23,30,31]",135,C:\Users\choih\Desktop\연구\Landing_Depature_Process\자료\결과물\Polygon\8\26\Polygon_26.shp,C:\Users\choih\Desktop\연구\Landing_Depature_Process\자료\결과물\Polygon\12.5\안전지대\26\Polygon_26.shp
26,9,9,96.0,226.0,"[2,5,8,12,13,20,23,30,31]",135,C:\Users\choih\Desktop\연구\Landing_Depature_Process\자료\결과물\Polygon\8\26\Polygon_26.shp,C:\Users\choih\Desktop\연구\Landing_Depature_Process\자료\결과물\Polygon\12.5\안전지대\26\Polygon_26.shp
26,10,9,97.0,227.0,"[2,5,8,12,13,20,23,30,31]",135,C:\Users\choih\Desktop\연구\Landing_Depature_Process\자료\결과물\Polygon\8\26\Polygon_26.shp,C:\Users\choih\Desktop\연구\Landing_Depature_Process\자료\결과물\Polygon\12.5\안전지대\26\Polygon_26.shp
30,1,9,248.0,109.0,"[2,5,7,12,13,20,23,25,31]",320,C:\Users\choih\Desktop\연구\Landing_Depature_Process\자료\결과물\Polygon\8\30\Polygon_30.shp,C:\Users\choih\Desktop\연구\Landing_Depature_Process\자료\결과물\Polygon\12.5\안전지대\30\Polygon_30.shp
30,2,9,249.0,109.0,"[2,5,7,12,13,20,23,25,31]",320,C:\Users\choih\Desktop\연구\Landing_Depature_Process\자료\결과물\Polygon\8\30\Polygon_30.shp,C:\Users\choih\Desktop\연구\Landing_Depature_Process\자료\결과물\Polygon\12.5\안전지대\30\Polygon_30.shp
30,3,9,250.0,109.0,"[2,5,7,12,13,20,23,25,31]",320,C:\Users\choih\Desktop\연구\Landing_Depature_Process\자료\결과물\Polygon\8\30\Polygon_30.shp,C:\Users\choih\Desktop\연구\Landing_Depature_Process\자료\결과물\Polygon\12.5\안전지대\30\Polygon_30.shp
30,4,9,251.0,109.0,"[2,5,7,12,13,20,23,25,31]",320,C:\Users\choih\Desktop\연구\Landing_Depature_Process\자료\결과물\Polygon\8\30\Polygon_30.shp,C:\Users\choih\Desktop\연구\Landing_Depature_Process\자료\결과물\Polygon\12.5\안전지대\30\Polygon_30.shp
30,5,9,252.0,109.0,"[2,5,7,12,13,20,23,25,31]",320,C:\Users\choih\Desktop\연구\Landing_Depature_Process\자료\결과물\Polygon\8\30\Polygon_30.shp,C:\Users\choih\Desktop\연구\Landing_Depature_Process\자료\결과물\Polygon\12.5\안전지대\30\Polygon_30.shp
30,6,9,253.0,109.0,"[2,5,7,12,13,20,23,25,31]",320,C:\Users\choih\Desktop\연구\Landing_Depature_Process\자료\결과물\Polygon\8\30\Polygon_30.shp,C:\Users\choih\Desktop\연구\Landing_Depature_Process\자료\결과물\Polygon\12.5\안전지대\30\Polygon_30.shp
30,7,9,254.0,109.0,"[2,5,7,12,13,20,23,25,31]",320,C:\Users\choih\Desktop\연구\Landing_Depature_Process\자료\결과물\Polygon\8\30\Polygon_30.shp,C:\Users\choih\Desktop\연구\Landing_Depature_Process\자료\결과물\Polygon\12.5\안전지대\30\Polygon_30.shp
30,8,9,255.0,109.0,"[2,5,7,12,13,20,23,25,31]",320,C:\Users\choih\Desktop\연구\Landing_Depature_Process\자료\결과물\Polygon\8\30\Polygon_30.shp,C:\Users\choih\Desktop\연구\Landing_Depature_Process\자료\결과물\Polygon\12.5\안전지대\30\Polygon_30.shp
30,9,9,256.0,109.0,"[2,5,7,12,13,20,23,25,31]",320,C:\Users\choih\Desktop\연구\Landing_Depature_Process\자료\결과물\Polygon\8\30\Polygon_30.shp,C:\Users\choih\Desktop\연구\Landing_Depature_Process\자료\결과물\Polygon\12.5\안전지대\30\Polygon_30.shp
30,10,9,257.0,109.0,"[2,5,7,12,13,20,23,25,31]",320,C:\Users\choih\Desktop\연구\Landing_Depature_Process\자료\결과물\Polygon\8\30\Polygon_30.shp,C:\Users\choih\Desktop\연구\Landing_Depature_Process\자료\결과물\Polygon\12.5\안전지대\30\Polygon_30.shp
31,1,7,247.0,109.0,"[2,5,12,13,20,23,30]",318,C:\Users\choih\Desktop\연구\Landing_Depature_Process\자료\결과물\Polygon\8\31\Polygon_31.shp,C:\Users\choih\Desktop\연구\Landing_Depature_Process\자료\결과물\Polygon\12.5\안전지대\31\Polygon_31.shp
31,2,7,248.0,109.0,"[2,5,12,13,20,23,30]",318,C:\Users\choih\Desktop\연구\Landing_Depature_Process\자료\결과물\Polygon\8\31\Polygon_31.shp,C:\Users\choih\Desktop\연구\Landing_Depature_Process\자료\결과물\Polygon\12.5\안전지대\31\Polygon_31.shp
31,3,7,249.0,109.0,"[2,5,12,13,20,23,30]",318,C:\Users\choih\Desktop\연구\Landing_Depature_Process\자료\결과물\Polygon\8\31\Polygon_31.shp,C:\Users\choih\Desktop\연구\Landing_Depature_Process\자료\결과물\Polygon\12.5\안전지대\31\Polygon_31.shp
31,4,7,250.0,109.0,"[2,5,12,13,20,23,30]",318,C:\Users\choih\Desktop\연구\Landing_Depature_Process\자료\결과물\Polygon\8\31\Polygon_31.shp,C:\Users\choih\Desktop\연구\Landing_Depature_Process\자료\결과물\Polygon\12.5\안전지대\31\Polygon_31.shp
31,5,7,251.0,109.0,"[2,5,12,13,20,23,30]",318,C:\Users\choih\Desktop\연구\Landing_Depature_Process\자료\결과물\Polygon\8\31\Polygon_31.shp,C:\Users\choih\Desktop\연구\Landing_Depature_Process\자료\결과물\Polygon\12.5\안전지대\31\Polygon_31.shp
31,6,7,252.0,109.0,"[2,5,12,13,20,23,30]",318,C:\Users\choih\Desktop\연구\Landing_Depature_Process\자료\결과물\Polygon\8\31\Polygon_31.shp,C:\Users\choih\Desktop\연구\Landing_Depature_Process\자료\결과물\Polygon\12.5\안전지대\31\Polygon_31.shp
31,7,7,253.0,109.0,"[2,5,12,13,20,23,30]",318,C:\Users\choih\Desktop\연구\Landing_Depature_Process\자료\결과물\Polygon\8\31\Polygon_31.shp,C:\Users\choih\Desktop\연구\Landing_Depature_Process\자료\결과물\Polygon\12.5\안전지대\31\Polygon_31.shp
31,8,7,254.0,109.0,"[2,5,12,13,20,23,30]",318,C:\Users\choih\Desktop\연구\Landing_Depature_Process\자료\결과물\Polygon\8\31\Polygon_31.shp,C:\Users\choih\Desktop\연구\Landing_Depature_Process\자료\결과물\Polygon\12.5\안전지대\31\Polygon_31.shp
31,9,7,255.0,109.0,"[2,5,12,13,20,23,30]",318,C:\Users\choih\Desktop\연구\Landing_Depature_Process\자료\결과물\Polygon\8\31\Polygon_31.shp,C:\Users\choih\Desktop\연구\Landing_Depature_Process\자료\결과물\Polygon\12.5\안전지대\31\Polygon_31.shp
31,10,7,256.0,109.0,"[2,5,12,13,20,23,30]",318,C:\Users\choih\Desktop\연구\Landing_Depature_Process\자료\결과물\Polygon\8\31\Polygon_31.shp,C:\Users\choih\Desktop\연구\Landing_Depature_Process\자료\결과물\Polygon\12.5\안전지대\31\Polygon_31.shp
33,1,5,95.0,290.0,"[7,15,17,25,35]",143,C:\Users\choih\Desktop\연구\Landing_Depature_Process\자료\결과물\Polygon\8\33\Polygon_33.shp,C:\Users\choih\Desktop\연구\Landing_Depature_Process\자료\결과물\Polygon\12.5\안전지대\33\Polygon_33.shp
33,2,5,96.0,290.0,"[7,15,17,25,35]",143,C:\Users\choih\Desktop\연구\Landing_Depature_Process\자료\결과물\Polygon\8\33\Polygon_33.shp,C:\Users\choih\Desktop\연구\Landing_Depature_Process\자료\결과물\Polygon\12.5\안전지대\33\Polygon_33.shp
33,3,5,97.0,290.0,"[7,15,17,25,35]",143,C:\Users\choih\Desktop\연구\Landing_Depature_Process\자료\결과물\Polygon\8\33\Polygon_33.shp,C:\Users\choih\Desktop\연구\Landing_Depature_Process\자료\결과물\Polygon\12.5\안전지대\33\Polygon_33.shp
33,4,5,98.0,290.0,"[7,15,17,25,35]",143,C:\Users\choih\Desktop\연구\Landing_Depature_Process\자료\결과물\Polygon\8\33\Polygon_33.shp,C:\Users\choih\Desktop\연구\Landing_Depature_Process\자료\결과물\Polygon\12.5\안전지대\33\Polygon_33.shp
33,5,5,99.0,290.0,"[7,15,17,25,35]",143,C:\Users\choih\Desktop\연구\Landing_Depature_Process\자료\결과물\Polygon\8\33\Polygon_33.shp,C:\Users\choih\Desktop\연구\Landing_Depature_Process\자료\결과물\Polygon\12.5\안전지대\33\Polygon_33.shp
33,6,5,100.0,290.0,"[7,15,17,25,35]",143,C:\Users\choih\Desktop\연구\Landing_Depature_Process\자료\결과물\Polygon\8\33\Polygon_33.shp,C:\Users\choih\Desktop\연구\Landing_Depature_Process\자료\결과물\Polygon\12.5\안전지대\33\Polygon_33.shp
33,7,5,101.0,290.0,"[7,15,17,25,35]",143,C:\Users\choih\Desktop\연구\Landing_Depature_Process\자료\결과물\Polygon\8\33\Polygon_33.shp,C:\Users\choih\Desktop\연구\Landing_Depature_Process\자료\결과물\Polygon\12.5\안전지대\33\Polygon_33.shp
33,8,5,102.0,290.0,"[7,15,17,25,35]",143,C:\Users\choih\Desktop\연구\Landing_Depature_Process\자료\결과물\Polygon\8\33\Polygon_33.shp,C:\Users\choih\Desktop\연구\Landing_Depature_Process\자료\결과물\Polygon\12.5\안전지대\33\Polygon_33.shp
33,9,5,103.0,290.0,"[7,15,17,25,35]",143,C:\Users\choih\Desktop\연구\Landing_Depature_Process\자료\결과물\Polygon\8\33\Polygon_33.shp,C:\Users\choih\Desktop\연구\Landing_Depature_Process\자료\결과물\Polygon\12.5\안전지대\33\Polygon_33.shp
33,10,5,104.0,290.0,"[7,15,17,25,35]",143,C:\Users\choih\Desktop\연구\Landing_Depature_Process\자료\결과물\Polygon\8\33\Polygon_33.shp,C:\Users\choih\Desktop\연구\Landing_Depature_Process\자료\결과물\Polygon\12.5\안전지대\33\Polygon_33.shp
33,11,5,105.0,290.0,"[7,15,17,25,35]",143,C:\Users\choih\Desktop\연구\Landing_Depature_Process\자료\결과물\Polygon\8\33\Polygon_33.shp,C:\Users\choih\Desktop\연구\Landing_Depature_Process\자료\결과물\Polygon\12.5\안전지대\33\Polygon_33.shp
33,12,5,106.0,290.0,"[7,15,17,25,35]",143,C:\Users\choih\Desktop\연구\Landing_Depature_Process\자료\결과물\Polygon\8\33\Polygon_33.shp,C:\Users\choih\Desktop\연구\Landing_Depature_Process\자료\결과물\Polygon\12.5\안전지대\33\Polygon_33.shp
33,13,5,107.0,290.0,"[7,15,17,25,35]",143,C:\Users\choih\Desktop\연구\Landing_Depature_Process\자료\결과물\Polygon\8\33\Polygon_33.shp,C:\Users\choih\Desktop\연구\Landing_Depature_Process\자료\결과물\Polygon\12.5\안전지대\33\Polygon_33.shp
33,14,5,108.0,290.0,"[7,15,17,25,35]",143,C:\Users\choih\Desktop\연구\Landing_Depature_Process\자료\결과물\Polygon\8\33\Polygon_33.shp,C:\Users\choih\Desktop\연구\Landing_Depature_Process\자료\결과물\Polygon\12.5\안전지대\33\Polygon_33.shp
33,15,5,290.0,95.0,"[7,15,17,25,35]",143,C:\Users\choih\Desktop\연구\Landing_Depature_Process\자료\결과물\Polygon\8\33\Polygon_33.shp,C:\Users\choih\Desktop\연구\Landing_Depature_Process\자료\결과물\Polygon\12.5\안전지대\33\Polygon_33.shp
33,16,5,291.0,95.0,"[7,15,17,25,35]",143,C:\Users\choih\Desktop\연구\Landing_Depature_Process\자료\결과물\Polygon\8\33\Polygon_33.shp,C:\Users\choih\Desktop\연구\Landing_Depature_Process\자료\결과물\Polygon\12.5\안전지대\33\Polygon_33.shp
33,17,5,292.0,95.0,"[7,15,17,25,35]",143,C:\Users\choih\Desktop\연구\Landing_Depature_Process\자료\결과물\Polygon\8\33\Polygon_33.shp,C:\Users\choih\Desktop\연구\Landing_Depature_Process\자료\결과물\Polygon\12.5\안전지대\33\Polygon_33.shp
33,18,5,293.0,95.0,"[7,15,17,25,35]",143,C:\Users\choih\Desktop\연구\Landing_Depature_Process\자료\결과물\Polygon\8\33\Polygon_33.shp,C:\Users\choih\Desktop\연구\Landing_Depature_Process\자료\결과물\Polygon\12.5\안전지대\33\Polygon_33.shp
33,19,5,294.0,95.0,"[7,15,17,25,35]",143,C:\Users\choih\Desktop\연구\Landing_Depature_Process\자료\결과물\Polygon\8\33\Polygon_33.shp,C:\Users\choih\Desktop\연구\Landing_Depature_Process\자료\결과물\Polygon\12.5\안전지대\33\Polygon_33.shp
33,20,5,295.0,95.0,"[7,15,17,25,35]",143,C:\Users\choih\Desktop\연구\Landing_Depature_Process\자료\결과물\Polygon\8\33\Polygon_33.shp,C:\Users\choih\Desktop\연구\Landing_Depature_Process\자료\결과물\Polygon\12.5\안전지대\33\Polygon_33.shp
33,21,5,296.0,95.0,"[7,15,17,25,35]",143,C:\Users\choih\Desktop\연구\Landing_Depature_Process\자료\결과물\Polygon\8\33\Polygon_33.shp,C:\Users\choih\Desktop\연구\Landing_Depature_Process\자료\결과물\Polygon\12.5\안전지대\33\Polygon_33.shp
33,22,5,297.0,95.0,"[7,15,17,25,35]",143,C:\Users\choih\Desktop\연구\Landing_Depature_Process\자료\결과물\Polygon\8\33\Polygon_33.shp,C:\Users\choih\Desktop\연구\Landing_Depature_Process\자료\결과물\Polygon\12.5\안전지대\33\Polygon_33.shp
33,23,5,298.0,95.0,"[7,15,17,25,35]",143,C:\Users\choih\Desktop\연구\Landing_Depature_Process\자료\결과물\Polygon\8\33\Polygon_33.shp,C:\Users\choih\Desktop\연구\Landing_Depature_Process\자료\결과물\Polygon\12.5\안전지대\33\Polygon_33.shp
33,24,5,299.0,95.0,"[7,15,17,25,35]",143,C:\Users\choih\Desktop\연구\Landing_Depature_Process\자료\결과물\Polygon\8\33\Polygon_33.shp,C:\Users\choih\Desktop\연구\Landing_Depature_Process\자료\결과물\Polygon\12.5\안전지대\33\Polygon_33.shp
33,25,5,300.0,95.0,"[7,15,17,25,35]",143,C:\Users\choih\Desktop\연구\Landing_Depature_Process\자료\결과물\Polygon\8\33\Polygon_33.shp,C:\Users\choih\Desktop\연구\Landing_Depature_Process\자료\결과물\Polygon\12.5\안전지대\33\Polygon_33.shp
33,26,5,301.0,95.0,"[7,15,17,25,35]",143,C:\Users\choih\Desktop\연구\Landing_Depature_Process\자료\결과물\Polygon\8\33\Polygon_33.shp,C:\Users\choih\Desktop\연구\Landing_Depature_Process\자료\결과물\Polygon\12.5\안전지대\33\Polygon_33.shp
33,27,5,302.0,95.0,"[7,15,17,25,35]",143,C:\Users\choih\Desktop\연구\Landing_Depature_Process\자료\결과물\Polygon\8\33\Polygon_33.shp,C:\Users\choih\Desktop\연구\Landing_Depature_Process\자료\결과물\Polygon\12.5\안전지대\33\Polygon_33.shp
33,28,5,303.0,95.0,"[7,15,17,25,35]",143,C:\Users\choih\Desktop\연구\Landing_Depature_Process\자료\결과물\Polygon\8\33\Polygon_33.shp,C:\Users\choih\Desktop\연구\Landing_Depature_Process\자료\결과물\Polygon\12.5\안전지대\33\Polygon_33.shp
33,29,5,304.0,95.0,"[7,15,17,25,35]",143,C:\Users\choih\Desktop\연구\Landing_Depature_Process\자료\결과물\Polygon\8\33\Polygon_33.shp,C:\Users\choih\Desktop\연구\Landing_Depature_Process\자료\결과물\Polygon\12.5\안전지대\33\Polygon_33.shp
33,30,5,305.0,95.0,"[7,15,17,25,35]",143,C:\Users\choih\Desktop\연구\Landing_Depature_Process\자료\결과물\Polygon\8\33\Polygon_33.shp,C:\Users\choih\Desktop\연구\Landing_Depature_Process\자료\결과물\Polygon\12.5\안전지대\33\Polygon_33.shp
33,31,5,306.0,95.0,"[7,15,17,25,35]",143,C:\Users\choih\Desktop\연구\Landing_Depature_Process\자료\결과물\Polygon\8\33\Polygon_33.shp,C:\Users\choih\Desktop\연구\Landing_Depature_Process\자료\결과물\Polygon\12.5\안전지대\33\Polygon_33.shp
33,32,5,307.0,95.0,"[7,15,17,25,35]",143,C:\Users\choih\Desktop\연구\Landing_Depature_Process\자료\결과물\Polygon\8\33\Polygon_33.shp,C:\Users\choih\Desktop\연구\Landing_Depature_Process\자료\결과물\Polygon\12.5\안전지대\33\Polygon_33.shp
33,33,5,308.0,95.0,"[7,15,17,25,35]",143,C:\Users\choih\Desktop\연구\Landing_Depature_Process\자료\결과물\Polygon\8\33\Polygon_33.shp,C:\Users\choih\Desktop\연구\Landing_Depature_Process\자료\결과물\Polygon\12.5\안전지대\33\Polygon_33.shp
33,34,5,309.0,95.0,"[7,15,17,25,35]",143,C:\Users\choih\Desktop\연구\Landing_Depature_Process\자료\결과물\Polygon\8\33\Polygon_33.shp,C:\Users\choih\Desktop\연구\Landing_Depature_Process\자료\결과물\Polygon\12.5\안전지대\33\Polygon_33.shp
33,35,5,310.0,95.0,"[7,15,17,25,35]",143,C:\Users\choih\Desktop\연구\Landing_Depature_Process\자료\결과물\Polygon\8\33\Polygon_33.shp,C:\Users\choih\Desktop\연구\Landing_Depature_Process\자료\결과물\Polygon\12.5\안전지대\33\Polygon_33.shp
33,36,5,311.0,95.0,"[7,15,17,25,35]",143,C:\Users\choih\Desktop\연구\Landing_Depature_Process\자료\결과물\Polygon\8\33\Polygon_33.shp,C:\Users\choih\Desktop\연구\Landing_Depature_Process\자료\결과물\Polygon\12.5\안전지대\33\Polygon_33.shp
33,37,5,312.0,95.0,"[7,15,17,25,35]",143,C:\Users\choih\Desktop\연구\Landing_Depature_Process\자료\결과물\Polygon\8\33\Polygon_33.shp,C:\Users\choih\Desktop\연구\Landing_Depature_Process\자료\결과물\Polygon\12.5\안전지대\33\Polygon_33.shp
33,38,5,313.0,95.0,"[7,15,17,25,35]",143,C:\Users\choih\Desktop\연구\Landing_Depature_Process\자료\결과물\Polygon\8\33\Polygon_33.shp,C:\Users\choih\Desktop\연구\Landing_Depature_Process\자료\결과물\Polygon\12.5\안전지대\33\Polygon_33.shp
33,39,5,314.0,95.0,"[7,15,17,25,35]",143,C:\Users\choih\Desktop\연구\Landing_Depature_Process\자료\결과물\Polygon\8\33\Polygon_33.shp,C:\Users\choih\Desktop\연구\Landing_Depature_Process\자료\결과물\Polygon\12.5\안전지대\33\Polygon_33.shp
33,40,5,315.0,95.0,"[7,15,17,25,35]",143,C:\Users\choih\Desktop\연구\Landing_Depature_Process\자료\결과물\Polygon\8\33\Polygon_33.shp,C:\Users\choih\Desktop\연구\Landing_Depature_Process\자료\결과물\Polygon\12.5\안전지대\33\Polygon_33.shp
33,41,5,316.0,95.0,"[7,15,17,25,35]",143,C:\Users\choih\Desktop\연구\Landing_Depature_Process\자료\결과물\Polygon\8\33\Polygon_33.shp,C:\Users\choih\Desktop\연구\Landing_Depature_Process\자료\결과물\Polygon\12.5\안전지대\33\Polygon_33.shp
33,42,5,317.0,95.0,"[7,15,17,25,35]",143,C:\Users\choih\Desktop\연구\Landing_Depature_Process\자료\결과물\Polygon\8\33\Polygon_33.shp,C:\Users\choih\Desktop\연구\Landing_Depature_Process\자료\결과물\Polygon\12.5\안전지대\33\Polygon_33.shp
33,43,5,318.0,95.0,"[7,15,17,25,35]",143,C:\Users\choih\Desktop\연구\Landing_Depature_Process\자료\결과물\Polygon\8\33\Polygon_33.shp,C:\Users\choih\Desktop\연구\Landing_Depature_Process\자료\결과물\Polygon\12.5\안전지대\33\Polygon_33.shp
33,44,5,319.0,95.0,"[7,15,17,25,35]",143,C:\Users\choih\Desktop\연구\Landing_Depature_Process\자료\결과물\Polygon\8\33\Polygon_33.shp,C:\Users\choih\Desktop\연구\Landing_Depature_Process\자료\결과물\Polygon\12.5\안전지대\33\Polygon_33.shp
33,45,5,320.0,95.0,"[7,15,17,25,35]",143,C:\Users\choih\Desktop\연구\Landing_Depature_Process\자료\결과물\Polygon\8\33\Polygon_33.shp,C:\Users\choih\Desktop\연구\Landing_Depature_Process\자료\결과물\Polygon\12.5\안전지대\33\Polygon_33.shp
33,46,5,321.0,95.0,"[7,15,17,25,35]",143,C:\Users\choih\Desktop\연구\Landing_Depature_Process\자료\결과물\Polygon\8\33\Polygon_33.shp,C:\Users\choih\Desktop\연구\Landing_Depature_Process\자료\결과물\Polygon\12.5\안전지대\33\Polygon_33.shp
33,47,5,322.0,95.0,"[7,15,17,25,35]",143,C:\Users\choih\Desktop\연구\Landing_Depature_Process\자료\결과물\Polygon\8\33\Polygon_33.shp,C:\Users\choih\Desktop\연구\Landing_Depature_Process\자료\결과물\Polygon\12.5\안전지대\33\Polygon_33.shp
33,48,5,323.0,95.0,"[7,15,17,25,35]",143,C:\Users\choih\Desktop\연구\Landing_Depature_Process\자료\결과물\Polygon\8\33\Polygon_33.shp,C:\Users\choih\Desktop\연구\Landing_Depature_Process\자료\결과물\Polygon\12.5\안전지대\33\Polygon_33.shp
33,49,5,324.0,95.0,"[7,15,17,25,35]",143,C:\Users\choih\Desktop\연구\Landing_Depature_Process\자료\결과물\Polygon\8\33\Polygon_33.shp,C:\Users\choih\Desktop\연구\Landing_Depature_Process\자료\결과물\Polygon\12.5\안전지대\33\Polygon_33.shp
33,50,5,325.0,95.0,"[7,15,17,25,35]",143,C:\Users\choih\Desktop\연구\Landing_Depature_Process\자료\결과물\Polygon\8\33\Polygon_33.shp,C:\Users\choih\Desktop\연구\Landing_Depature_Process\자료\결과물\Polygon\12.5\안전지대\33\Polygon_33.shp
33,51,5,326.0,96.0,"[7,15,17,25,35]",143,C:\Users\choih\Desktop\연구\Landing_Depature_Process\자료\결과물\Polygon\8\33\Polygon_33.shp,C:\Users\choih\Desktop\연구\Landing_Depature_Process\자료\결과물\Polygon\12.5\안전지대\33\Polygon_33.shp
33,52,5,327.0,97.0,"[7,15,17,25,35]",143,C:\Users\choih\Desktop\연구\Landing_Depature_Process\자료\결과물\Polygon\8\33\Polygon_33.shp,C:\Users\choih\Desktop\연구\Landing_Depature_Process\자료\결과물\Polygon\12.5\안전지대\33\Polygon_33.shp
33,53,5,328.0,98.0,"[7,15,17,25,35]",143,C:\Users\choih\Desktop\연구\Landing_Depature_Process\자료\결과물\Polygon\8\33\Polygon_33.shp,C:\Users\choih\Desktop\연구\Landing_Depature_Process\자료\결과물\Polygon\12.5\안전지대\33\Polygon_33.shp
33,54,5,329.0,99.0,"[7,15,17,25,35]",143,C:\Users\choih\Desktop\연구\Landing_Depature_Process\자료\결과물\Polygon\8\33\Polygon_33.shp,C:\Users\choih\Desktop\연구\Landing_Depature_Process\자료\결과물\Polygon\12.5\안전지대\33\Polygon_33.shp
33,55,5,330.0,100.0,"[7,15,17,25,35]",143,C:\Users\choih\Desktop\연구\Landing_Depature_Process\자료\결과물\Polygon\8\33\Polygon_33.shp,C:\Users\choih\Desktop\연구\Landing_Depature_Process\자료\결과물\Polygon\12.5\안전지대\33\Polygon_33.shp
33,56,5,331.0,101.0,"[7,15,17,25,35]",143,C:\Users\choih\Desktop\연구\Landing_Depature_Process\자료\결과물\Polygon\8\33\Polygon_33.shp,C:\Users\choih\Desktop\연구\Landing_Depature_Process\자료\결과물\Polygon\12.5\안전지대\33\Polygon_33.shp
33,57,5,332.0,102.0,"[7,15,17,25,35]",143,C:\Users\choih\Desktop\연구\Landing_Depature_Process\자료\결과물\Polygon\8\33\Polygon_33.shp,C:\Users\choih\Desktop\연구\Landing_Depature_Process\자료\결과물\Polygon\12.5\안전지대\33\Polygon_33.shp
33,58,5,333.0,103.0,"[7,15,17,25,35]",143,C:\Users\choih\Desktop\연구\Landing_Depature_Process\자료\결과물\Polygon\8\33\Polygon_33.shp,C:\Users\choih\Desktop\연구\Landing_Depature_Process\자료\결과물\Polygon\12.5\안전지대\33\Polygon_33.shp
33,59,5,334.0,104.0,"[7,15,17,25,35]",143,C:\Users\choih\Desktop\연구\Landing_Depature_Process\자료\결과물\Polygon\8\33\Polygon_33.shp,C:\Users\choih\Desktop\연구\Landing_Depature_Process\자료\결과물\Polygon\12.5\안전지대\33\Polygon_33.shp
33,60,5,335.0,105.0,"[7,15,17,25,35]",143,C:\Users\choih\Desktop\연구\Landing_Depature_Process\자료\결과물\Polygon\8\33\Polygon_33.shp,C:\Users\choih\Desktop\연구\Landing_Depature_Process\자료\결과물\Polygon\12.5\안전지대\33\Polygon_33.shp
33,61,5,336.0,106.0,"[7,15,17,25,35]",143,C:\Users\choih\Desktop\연구\Landing_Depature_Process\자료\결과물\Polygon\8\33\Polygon_33.shp,C:\Users\choih\Desktop\연구\Landing_Depature_Process\자료\결과물\Polygon\12.5\안전지대\33\Polygon_33.shp
33,62,5,337.0,107.0,"[7,15,17,25,35]",143,C:\Users\choih\Desktop\연구\Landing_Depature_Process\자료\결과물\Polygon\8\33\Polygon_33.shp,C:\Users\choih\Desktop\연구\Landing_Depature_Process\자료\결과물\Polygon\12.5\안전지대\33\Polygon_33.shp
33,63,5,338.0,108.0,"[7,15,17,25,35]",143,C:\Users\choih\Desktop\연구\Landing_Depature_Process\자료\결과물\Polygon\8\33\Polygon_33.shp,C:\Users\choih\Desktop\연구\Landing_Depature_Process\자료\결과물\Polygon\12.5\안전지대\33\Polygon_33.shp
33,64,5,339.0,109.0,"[7,15,17,25,35]",143,C:\Users\choih\Desktop\연구\Landing_Depature_Process\자료\결과물\Polygon\8\33\Polygon_33.shp,C:\Users\choih\Desktop\연구\Landing_Depature_Process\자료\결과물\Polygon\12.5\안전지대\33\Polygon_33.shp
33,65,5,340.0,110.0,"[7,15,17,25,35]",143,C:\Users\choih\Desktop\연구\Landing_Depature_Process\자료\결과물\Polygon\8\33\Polygon_33.shp,C:\Users\choih\Desktop\연구\Landing_Depature_Process\자료\결과물\Polygon\12.5\안전지대\33\Polygon_33.shp
33,66,5,341.0,111.0,"[7,15,17,25,35]",143,C:\Users\choih\Desktop\연구\Landing_Depature_Process\자료\결과물\Polygon\8\33\Polygon_33.shp,C:\Users\choih\Desktop\연구\Landing_Depature_Process\자료\결과물\Polygon\12.5\안전지대\33\Polygon_33.shp
33,67,5,342.0,112.0,"[7,15,17,25,35]",143,C:\Users\choih\Desktop\연구\Landing_Depature_Process\자료\결과물\Polygon\8\33\Polygon_33.shp,C:\Users\choih\Desktop\연구\Landing_Depature_Process\자료\결과물\Polygon\12.5\안전지대\33\Polygon_33.shp
33,68,5,343.0,113.0,"[7,15,17,25,35]",143,C:\Users\choih\Desktop\연구\Landing_Depature_Process\자료\결과물\Polygon\8\33\Polygon_33.shp,C:\Users\choih\Desktop\연구\Landing_Depature_Process\자료\결과물\Polygon\12.5\안전지대\33\Polygon_33.shp
33,69,5,344.0,114.0,"[7,15,17,25,35]",143,C:\Users\choih\Desktop\연구\Landing_Depature_Process\자료\결과물\Polygon\8\33\Polygon_33.shp,C:\Users\choih\Desktop\연구\Landing_Depature_Process\자료\결과물\Polygon\12.5\안전지대\33\Polygon_33.shp
33,70,5,345.0,115.0,"[7,15,17,25,35]",143,C:\Users\choih\Desktop\연구\Landing_Depature_Process\자료\결과물\Polygon\8\33\Polygon_33.shp,C:\Users\choih\Desktop\연구\Landing_Depature_Process\자료\결과물\Polygon\12.5\안전지대\33\Polygon_33.shp
33,71,5,346.0,116.0,"[7,15,17,25,35]",143,C:\Users\choih\Desktop\연구\Landing_Depature_Process\자료\결과물\Polygon\8\33\Polygon_33.shp,C:\Users\choih\Desktop\연구\Landing_Depature_Process\자료\결과물\Polygon\12.5\안전지대\33\Polygon_33.shp
33,72,5,347.0,117.0,"[7,15,17,25,35]",143,C:\Users\choih\Desktop\연구\Landing_Depature_Process\자료\결과물\Polygon\8\33\Polygon_33.shp,C:\Users\choih\Desktop\연구\Landing_Depature_Process\자료\결과물\Polygon\12.5\안전지대\33\Polygon_33.shp
35,1,3,15.0,145.0,"[7,17,25]",360,C:\Users\choih\Desktop\연구\Landing_Depature_Process\자료\결과물\Polygon\8\35\Polygon_35.shp,C:\Users\choih\Desktop\연구\Landing_Depature_Process\자료\결과물\Polygon\12.5\안전지대\35\Polygon_35.shp
35,2,3,16.0,146.0,"[7,17,25]",360,C:\Users\choih\Desktop\연구\Landing_Depature_Process\자료\결과물\Polygon\8\35\Polygon_35.shp,C:\Users\choih\Desktop\연구\Landing_Depature_Process\자료\결과물\Polygon\12.5\안전지대\35\Polygon_35.shp
35,3,3,17.0,147.0,"[7,17,25]",360,C:\Users\choih\Desktop\연구\Landing_Depature_Process\자료\결과물\Polygon\8\35\Polygon_35.shp,C:\Users\choih\Desktop\연구\Landing_Depature_Process\자료\결과물\Polygon\12.5\안전지대\35\Polygon_35.shp
35,4,3,18.0,148.0,"[7,17,25]",360,C:\Users\choih\Desktop\연구\Landing_Depature_Process\자료\결과물\Polygon\8\35\Polygon_35.shp,C:\Users\choih\Desktop\연구\Landing_Depature_Process\자료\결과물\Polygon\12.5\안전지대\35\Polygon_35.shp
35,5,3,19.0,149.0,"[7,17,25]",360,C:\Users\choih\Desktop\연구\Landing_Depature_Process\자료\결과물\Polygon\8\35\Polygon_35.shp,C:\Users\choih\Desktop\연구\Landing_Depature_Process\자료\결과물\Polygon\12.5\안전지대\35\Polygon_35.shp
35,6,3,20.0,150.0,"[7,17,25]",360,C:\Users\choih\Desktop\연구\Landing_Depature_Process\자료\결과물\Polygon\8\35\Polygon_35.shp,C:\Users\choih\Desktop\연구\Landing_Depature_Process\자료\결과물\Polygon\12.5\안전지대\35\Polygon_35.shp
35,7,3,21.0,151.0,"[7,17,25]",360,C:\Users\choih\Desktop\연구\Landing_Depature_Process\자료\결과물\Polygon\8\35\Polygon_35.shp,C:\Users\choih\Desktop\연구\Landing_Depature_Process\자료\결과물\Polygon\12.5\안전지대\35\Polygon_35.shp
35,8,3,22.0,152.0,"[7,17,25]",360,C:\Users\choih\Desktop\연구\Landing_Depature_Process\자료\결과물\Polygon\8\35\Polygon_35.shp,C:\Users\choih\Desktop\연구\Landing_Depature_Process\자료\결과물\Polygon\12.5\안전지대\35\Polygon_35.shp
35,9,3,23.0,153.0,"[7,17,25]",360,C:\Users\choih\Desktop\연구\Landing_Depature_Process\자료\결과물\Polygon\8\35\Polygon_35.shp,C:\Users\choih\Desktop\연구\Landing_Depature_Process\자료\결과물\Polygon\12.5\안전지대\35\Polygon_35.shp
35,10,3,24.0,215.0,"[7,17,25]",360,C:\Users\choih\Desktop\연구\Landing_Depature_Process\자료\결과물\Polygon\8\35\Polygon_35.shp,C:\Users\choih\Desktop\연구\Landing_Depature_Process\자료\결과물\Polygon\12.5\안전지대\35\Polygon_35.shp
35,11,3,25.0,215.0,"[7,17,25]",360,C:\Users\choih\Desktop\연구\Landing_Depature_Process\자료\결과물\Polygon\8\35\Polygon_35.shp,C:\Users\choih\Desktop\연구\Landing_Depature_Process\자료\결과물\Polygon\12.5\안전지대\35\Polygon_35.shp
35,12,3,26.0,215.0,"[7,17,25]",360,C:\Users\choih\Desktop\연구\Landing_Depature_Process\자료\결과물\Polygon\8\35\Polygon_35.shp,C:\Users\choih\Desktop\연구\Landing_Depature_Process\자료\결과물\Polygon\12.5\안전지대\35\Polygon_35.shp
35,13,3,27.0,215.0,"[7,17,25]",360,C:\Users\choih\Desktop\연구\Landing_Depature_Process\자료\결과물\Polygon\8\35\Polygon_35.shp,C:\Users\choih\Desktop\연구\Landing_Depature_Process\자료\결과물\Polygon\12.5\안전지대\35\Polygon_35.shp
35,14,3,28.0,215.0,"[7,17,25]",360,C:\Users\choih\Desktop\연구\Landing_Depature_Process\자료\결과물\Polygon\8\35\Polygon_35.shp,C:\Users\choih\Desktop\연구\Landing_Depature_Process\자료\결과물\Polygon\12.5\안전지대\35\Polygon_35.shp
35,15,3,29.0,215.0,"[7,17,25]",360,C:\Users\choih\Desktop\연구\Landing_Depature_Process\자료\결과물\Polygon\8\35\Polygon_35.shp,C:\Users\choih\Desktop\연구\Landing_Depature_Process\자료\결과물\Polygon\12.5\안전지대\35\Polygon_35.shp
35,16,3,30.0,215.0,"[7,17,25]",360,C:\Users\choih\Desktop\연구\Landing_Depature_Process\자료\결과물\Polygon\8\35\Polygon_35.shp,C:\Users\choih\Desktop\연구\Landing_Depature_Process\자료\결과물\Polygon\12.5\안전지대\35\Polygon_35.shp
35,17,3,31.0,215.0,"[7,17,25]",360,C:\Users\choih\Desktop\연구\Landing_Depature_Process\자료\결과물\Polygon\8\35\Polygon_35.shp,C:\Users\choih\Desktop\연구\Landing_Depature_Process\자료\결과물\Polygon\12.5\안전지대\35\Polygon_35.shp
35,18,3,32.0,262.0,"[7,17,25]",360,C:\Users\choih\Desktop\연구\Landing_Depature_Process\자료\결과물\Polygon\8\35\Polygon_35.shp,C:\Users\choih\Desktop\연구\Landing_Depature_Process\자료\결과물\Polygon\12.5\안전지대\35\Polygon_35.shp
35,19,3,33.0,263.0,"[7,17,25]",360,C:\Users\choih\Desktop\연구\Landing_Depature_Process\자료\결과물\Polygon\8\35\Polygon_35.shp,C:\Users\choih\Desktop\연구\Landing_Depature_Process\자료\결과물\Polygon\12.5\안전지대\35\Polygon_35.shp
35,20,3,34.0,263.0,"[7,17,25]",360,C:\Users\choih\Desktop\연구\Landing_Depature_Process\자료\결과물\Polygon\8\35\Polygon_35.shp,C:\Users\choih\Desktop\연구\Landing_Depature_Process\자료\결과물\Polygon\12.5\안전지대\35\Polygon_35.shp
35,21,3,35.0,263.0,"[7,17,25]",360,C:\Users\choih\Desktop\연구\Landing_Depature_Process\자료\결과물\Polygon\8\35\Polygon_35.shp,C:\Users\choih\Desktop\연구\Landing_Depature_Process\자료\결과물\Polygon\12.5\안전지대\35\Polygon_35.shp
35,22,3,36.0,263.0,"[7,17,25]",360,C:\Users\choih\Desktop\연구\Landing_Depature_Process\자료\결과물\Polygon\8\35\Polygon_35.shp,C:\Users\choih\Desktop\연구\Landing_Depature_Process\자료\결과물\Polygon\12.5\안전지대\35\Polygon_35.shp
35,23,3,37.0,263.0,"[7,17,25]",360,C:\Users\choih\Desktop\연구\Landing_Depature_Process\자료\결과물\Polygon\8\35\Polygon_35.shp,C:\Users\choih\Desktop\연구\Landing_Depature_Process\자료\결과물\Polygon\12.5\안전지대\35\Polygon_35.shp
35,24,3,38.0,263.0,"[7,17,25]",360,C:\Users\choih\Desktop\연구\Landing_Depature_Process\자료\결과물\Polygon\8\35\Polygon_35.shp,C:\Users\choih\Desktop\연구\Landing_Depature_Process\자료\결과물\Polygon\12.5\안전지대\35\Polygon_35.shp
35,25,3,39.0,263.0,"[7,17,25]",360,C:\Users\choih\Desktop\연구\Landing_Depature_Process\자료\결과물\Polygon\8\35\Polygon_35.shp,C:\Users\choih\Desktop\연구\Landing_Depature_Process\자료\결과물\Polygon\12.5\안전지대\35\Polygon_35.shp
35,26,3,40.0,263.0,"[7,17,25]",360,C:\Users\choih\Desktop\연구\Landing_Depature_Process\자료\결과물\Polygon\8\35\Polygon_35.shp,C:\Users\choih\Desktop\연구\Landing_Depature_Process\자료\결과물\Polygon\12.5\안전지대\35\Polygon_35.shp
35,27,3,41.0,263.0,"[7,17,25]",360,C:\Users\choih\Desktop\연구\Landing_Depature_Process\자료\결과물\Polygon\8\35\Polygon_35.shp,C:\Users\choih\Desktop\연구\Landing_Depature_Process\자료\결과물\Polygon\12.5\안전지대\35\Polygon_35.shp
35,28,3,42.0,263.0,"[7,17,25]",360,C:\Users\choih\Desktop\연구\Landing_Depature_Process\자료\결과물\Polygon\8\35\Polygon_35.shp,C:\Users\choih\Desktop\연구\Landing_Depature_Process\자료\결과물\Polygon\12.5\안전지대\35\Polygon_35.shp
35,29,3,43.0,263.0,"[7,17,25]",360,C:\Users\choih\Desktop\연구\Landing_Depature_Process\자료\결과물\Polygon\8\35\Polygon_35.shp,C:\Users\choih\Desktop\연구\Landing_Depature_Process\자료\결과물\Polygon\12.5\안전지대\35\Polygon_35.shp
35,30,3,44.0,263.0,"[7,17,25]",360,C:\Users\choih\Desktop\연구\Landing_Depature_Process\자료\결과물\Polygon\8\35\Polygon_35.shp,C:\Users\choih\Desktop\연구\Landing_Depature_Process\자료\결과물\Polygon\12.5\안전지대\35\Polygon_35.shp
35,31,3,45.0,275.0,"[7,17,25]",360,C:\Users\choih\Desktop\연구\Landing_Depature_Process\자료\결과물\Polygon\8\35\Polygon_35.shp,C:\Users\choih\Desktop\연구\Landing_Depature_Process\자료\결과물\Polygon\12.5\안전지대\35\Polygon_35.shp
35,32,3,46.0,275.0,"[7,17,25]",360,C:\Users\choih\Desktop\연구\Landing_Depature_Process\자료\결과물\Polygon\8\35\Polygon_35.shp,C:\Users\choih\Desktop\연구\Landing_Depature_Process\자료\결과물\Polygon\12.5\안전지대\35\Polygon_35.shp
35,33,3,47.0,275.0,"[7,17,25]",360,C:\Users\choih\Desktop\연구\Landing_Depature_Process\자료\결과물\Polygon\8\35\Polygon_35.shp,C:\Users\choih\Desktop\연구\Landing_Depature_Process\자료\결과물\Polygon\12.5\안전지대\35\Polygon_35.shp
35,34,3,48.0,275.0,"[7,17,25]",360,C:\Users\choih\Desktop\연구\Landing_Depature_Process\자료\결과물\Polygon\8\35\Polygon_35.shp,C:\Users\choih\Desktop\연구\Landing_Depature_Process\자료\결과물\Polygon\12.5\안전지대\35\Polygon_35.shp
35,35,3,49.0,279.0,"[7,17,25]",360,C:\Users\choih\Desktop\연구\Landing_Depature_Process\자료\결과물\Polygon\8\35\Polygon_35.shp,C:\Users\choih\Desktop\연구\Landing_Depature_Process\자료\결과물\Polygon\12.5\안전지대\35\Polygon_35.shp
35,36,3,50.0,279.0,"[7,17,25]",360,C:\Users\choih\Desktop\연구\Landing_Depature_Process\자료\결과물\Polygon\8\35\Polygon_35.shp,C:\Users\choih\Desktop\연구\Landing_Depature_Process\자료\결과물\Polygon\12.5\안전지대\35\Polygon_35.shp
35,37,3,51.0,279.0,"[7,17,25]",360,C:\Users\choih\Desktop\연구\Landing_Depature_Process\자료\결과물\Polygon\8\35\Polygon_35.shp,C:\Users\choih\Desktop\연구\Landing_Depature_Process\자료\결과물\Polygon\12.5\안전지대\35\Polygon_35.shp
35,38,3,52.0,279.0,"[7,17,25]",360,C:\Users\choih\Desktop\연구\Landing_Depature_Process\자료\결과물\Polygon\8\35\Polygon_35.shp,C:\Users\choih\Desktop\연구\Landing_Depature_Process\자료\결과물\Polygon\12.5\안전지대\35\Polygon_35.shp
35,39,3,53.0,279.0,"[7,17,25]",360,C:\Users\choih\Desktop\연구\Landing_Depature_Process\자료\결과물\Polygon\8\35\Polygon_35.shp,C:\Users\choih\Desktop\연구\Landing_Depature_Process\자료\결과물\Polygon\12.5\안전지대\35\Polygon_35.shp
35,40,3,54.0,279.0,"[7,17,25]",360,C:\Users\choih\Desktop\연구\Landing_Depature_Process\자료\결과물\Polygon\8\35\Polygon_35.shp,C:\Users\choih\Desktop\연구\Landing_Depature_Process\자료\결과물\Polygon\12.5\안전지대\35\Polygon_35.shp
35,41,3,55.0,279.0,"[7,17,25]",360,C:\Users\choih\Desktop\연구\Landing_Depature_Process\자료\결과물\Polygon\8\35\Polygon_35.shp,C:\Users\choih\Desktop\연구\Landing_Depature_Process\자료\결과물\Polygon\12.5\안전지대\35\Polygon_35.shp
35,42,3,56.0,279.0,"[7,17,25]",360,C:\Users\choih\Desktop\연구\Landing_Depature_Process\자료\결과물\Polygon\8\35\Polygon_35.shp,C:\Users\choih\Desktop\연구\Landing_Depature_Process\자료\결과물\Polygon\12.5\안전지대\35\Polygon_35.shp
35,43,3,57.0,279.0,"[7,17,25]",360,C:\Users\choih\Desktop\연구\Landing_Depature_Process\자료\결과물\Polygon\8\35\Polygon_35.shp,C:\Users\choih\Desktop\연구\Landing_Depature_Process\자료\결과물\Polygon\12.5\안전지대\35\Polygon_35.shp
35,44,3,58.0,279.0,"[7,17,25]",360,C:\Users\choih\Desktop\연구\Landing_Depature_Process\자료\결과물\Polygon\8\35\Polygon_35.shp,C:\Users\choih\Desktop\연구\Landing_Depature_Process\자료\결과물\Polygon\12.5\안전지대\35\Polygon_35.shp
35,45,3,59.0,279.0,"[7,17,25]",360,C:\Users\choih\Desktop\연구\Landing_Depature_Process\자료\결과물\Polygon\8\35\Polygon_35.shp,C:\Users\choih\Desktop\연구\Landing_Depature_Process\자료\결과물\Polygon\12.5\안전지대\35\Polygon_35.shp
35,46,3,60.0,279.0,"[7,17,25]",360,C:\Users\choih\Desktop\연구\Landing_Depature_Process\자료\결과물\Polygon\8\35\Polygon_35.shp,C:\Users\choih\Desktop\연구\Landing_Depature_Process\자료\결과물\Polygon\12.5\안전지대\35\Polygon_35.shp
35,47,3,61.0,279.0,"[7,17,25]",360,C:\Users\choih\Desktop\연구\Landing_Depature_Process\자료\결과물\Polygon\8\35\Polygon_35.shp,C:\Users\choih\Desktop\연구\Landing_Depature_Process\자료\결과물\Polygon\12.5\안전지대\35\Polygon_35.shp
35,48,3,62.0,279.0,"[7,17,25]",360,C:\Users\choih\Desktop\연구\Landing_Depature_Process\자료\결과물\Polygon\8\35\Polygon_35.shp,C:\Users\choih\Desktop\연구\Landing_Depature_Process\자료\결과물\Polygon\12.5\안전지대\35\Polygon_35.shp
35,49,3,63.0,279.0,"[7,17,25]",360,C:\Users\choih\Desktop\연구\Landing_Depature_Process\자료\결과물\Polygon\8\35\Polygon_35.shp,C:\Users\choih\Desktop\연구\Landing_Depature_Process\자료\결과물\Polygon\12.5\안전지대\35\Polygon_35.shp
35,50,3,64.0,279.0,"[7,17,25]",360,C:\Users\choih\Desktop\연구\Landing_Depature_Process\자료\결과물\Polygon\8\35\Polygon_35.shp,C:\Users\choih\Desktop\연구\Landing_Depature_Process\자료\결과물\Polygon\12.5\안전지대\35\Polygon_35.shp
35,51,3,65.0,279.0,"[7,17,25]",360,C:\Users\choih\Desktop\연구\Landing_Depature_Process\자료\결과물\Polygon\8\35\Polygon_35.shp,C:\Users\choih\Desktop\연구\Landing_Depature_Process\자료\결과물\Polygon\12.5\안전지대\35\Polygon_35.shp
35,52,3,66.0,279.0,"[7,17,25]",360,C:\Users\choih\Desktop\연구\Landing_Depature_Process\자료\결과물\Polygon\8\35\Polygon_35.shp,C:\Users\choih\Desktop\연구\Landing_Depature_Process\자료\결과물\Polygon\12.5\안전지대\35\Polygon_35.shp
35,53,3,67.0,279.0,"[7,17,25]",360,C:\Users\choih\Desktop\연구\Landing_Depature_Process\자료\결과물\Polygon\8\35\Polygon_35.shp,C:\Users\choih\Desktop\연구\Landing_Depature_Process\자료\결과물\Polygon\12.5\안전지대\35\Polygon_35.shp
35,54,5,0.0,130.0,"[7,15,17,25,33]",360,C:\Users\choih\Desktop\연구\Landing_Depature_Process\자료\결과물\Polygon\8\35\Polygon_35.shp,C:\Users\choih\Desktop\연구\Landing_Depature_Process\자료\결과물\Polygon\12.5\안전지대\35\Polygon_35.shp
35,55,5,1.0,131.0,"[7,15,17,25,33]",360,C:\Users\choih\Desktop\연구\Landing_Depature_Process\자료\결과물\Polygon\8\35\Polygon_35.shp,C:\Users\choih\Desktop\연구\Landing_Depature_Process\자료\결과물\Polygon\12.5\안전지대\35\Polygon_35.shp
35,56,5,2.0,132.0,"[7,15,17,25,33]",360,C:\Users\choih\Desktop\연구\Landing_Depature_Process\자료\결과물\Polygon\8\35\Polygon_35.shp,C:\Users\choih\Desktop\연구\Landing_Depature_Process\자료\결과물\Polygon\12.5\안전지대\35\Polygon_35.shp
35,57,5,3.0,133.0,"[7,15,17,25,33]",360,C:\Users\choih\Desktop\연구\Landing_Depature_Process\자료\결과물\Polygon\8\35\Polygon_35.shp,C:\Users\choih\Desktop\연구\Landing_Depature_Process\자료\결과물\Polygon\12.5\안전지대\35\Polygon_35.shp
35,58,5,4.0,134.0,"[7,15,17,25,33]",360,C:\Users\choih\Desktop\연구\Landing_Depature_Process\자료\결과물\Polygon\8\35\Polygon_35.shp,C:\Users\choih\Desktop\연구\Landing_Depature_Process\자료\결과물\Polygon\12.5\안전지대\35\Polygon_35.shp
35,59,5,5.0,135.0,"[7,15,17,25,33]",360,C:\Users\choih\Desktop\연구\Landing_Depature_Process\자료\결과물\Polygon\8\35\Polygon_35.shp,C:\Users\choih\Desktop\연구\Landing_Depature_Process\자료\결과물\Polygon\12.5\안전지대\35\Polygon_35.shp
35,60,5,6.0,136.0,"[7,15,17,25,33]",360,C:\Users\choih\Desktop\연구\Landing_Depature_Process\자료\결과물\Polygon\8\35\Polygon_35.shp,C:\Users\choih\Desktop\연구\Landing_Depature_Process\자료\결과물\Polygon\12.5\안전지대\35\Polygon_35.shp
35,61,5,7.0,137.0,"[7,15,17,25,33]",360,C:\Users\choih\Desktop\연구\Landing_Depature_Process\자료\결과물\Polygon\8\35\Polygon_35.shp,C:\Users\choih\Desktop\연구\Landing_Depature_Process\자료\결과물\Polygon\12.5\안전지대\35\Polygon_35.shp
35,62,5,8.0,138.0,"[7,15,17,25,33]",360,C:\Users\choih\Desktop\연구\Landing_Depature_Process\자료\결과물\Polygon\8\35\Polygon_35.shp,C:\Users\choih\Desktop\연구\Landing_Depature_Process\자료\결과물\Polygon\12.5\안전지대\35\Polygon_35.shp
35,63,5,9.0,139.0,"[7,15,17,25,33]",360,C:\Users\choih\Desktop\연구\Landing_Depature_Process\자료\결과물\Polygon\8\35\Polygon_35.shp,C:\Users\choih\Desktop\연구\Landing_Depature_Process\자료\결과물\Polygon\12.5\안전지대\35\Polygon_35.shp
35,64,5,10.0,140.0,"[7,15,17,25,33]",360,C:\Users\choih\Desktop\연구\Landing_Depature_Process\자료\결과물\Polygon\8\35\Polygon_35.shp,C:\Users\choih\Desktop\연구\Landing_Depature_Process\자료\결과물\Polygon\12.5\안전지대\35\Polygon_35.shp
35,65,5,11.0,141.0,"[7,15,17,25,33]",360,C:\Users\choih\Desktop\연구\Landing_Depature_Process\자료\결과물\Polygon\8\35\Polygon_35.shp,C:\Users\choih\Desktop\연구\Landing_Depature_Process\자료\결과물\Polygon\12.5\안전지대\35\Polygon_35.shp
35,66,5,12.0,142.0,"[7,15,17,25,33]",360,C:\Users\choih\Desktop\연구\Landing_Depature_Process\자료\결과물\Polygon\8\35\Polygon_35.shp,C:\Users\choih\Desktop\연구\Landing_Depature_Process\자료\결과물\Polygon\12.5\안전지대\35\Polygon_35.shp
35,67,5,13.0,143.0,"[7,15,17,25,33]",360,C:\Users\choih\Desktop\연구\Landing_Depature_Process\자료\결과물\Polygon\8\35\Polygon_35.shp,C:\Users\choih\Desktop\연구\Landing_Depature_Process\자료\결과물\Polygon\12.5\안전지대\35\Polygon_35.shp
35,68,5,14.0,144.0,"[7,15,17,25,33]",360,C:\Users\choih\Desktop\연구\Landing_Depature_Process\자료\결과물\Polygon\8\35\Polygon_35.shp,C:\Users\choih\Desktop\연구\Landing_Depature_Process\자료\결과물\Polygon\12.5\안전지대\35\Polygon_35.shp
35,69,5,68.0,279.0,"[7,15,17,25,33]",360,C:\Users\choih\Desktop\연구\Landing_Depature_Process\자료\결과물\Polygon\8\35\Polygon_35.shp,C:\Users\choih\Desktop\연구\Landing_Depature_Process\자료\결과물\Polygon\12.5\안전지대\35\Polygon_35.shp
35,70,5,69.0,279.0,"[7,15,17,25,33]",360,C:\Users\choih\Desktop\연구\Landing_Depature_Process\자료\결과물\Polygon\8\35\Polygon_35.shp,C:\Users\choih\Desktop\연구\Landing_Depature_Process\자료\결과물\Polygon\12.5\안전지대\35\Polygon_35.shp
35,71,5,70.0,279.0,"[7,15,17,25,33]",360,C:\Users\choih\Desktop\연구\Landing_Depature_Process\자료\결과물\Polygon\8\35\Polygon_35.shp,C:\Users\choih\Desktop\연구\Landing_Depature_Process\자료\결과물\Polygon\12.5\안전지대\35\Polygon_35.shp
35,72,5,71.0,279.0,"[7,15,17,25,33]",360,C:\Users\choih\Desktop\연구\Landing_Depature_Process\자료\결과물\Polygon\8\35\Polygon_35.shp,C:\Users\choih\Desktop\연구\Landing_Depature_Process\자료\결과물\Polygon\12.5\안전지대\35\Polygon_35.shp
35,73,5,72.0,279.0,"[7,15,17,25,33]",360,C:\Users\choih\Desktop\연구\Landing_Depature_Process\자료\결과물\Polygon\8\35\Polygon_35.shp,C:\Users\choih\Desktop\연구\Landing_Depature_Process\자료\결과물\Polygon\12.5\안전지대\35\Polygon_35.shp
35,74,5,73.0,279.0,"[7,15,17,25,33]",360,C:\Users\choih\Desktop\연구\Landing_Depature_Process\자료\결과물\Polygon\8\35\Polygon_35.shp,C:\Users\choih\Desktop\연구\Landing_Depature_Process\자료\결과물\Polygon\12.5\안전지대\35\Polygon_35.shp
35,75,5,74.0,279.0,"[7,15,17,25,33]",360,C:\Users\choih\Desktop\연구\Landing_Depature_Process\자료\결과물\Polygon\8\35\Polygon_35.shp,C:\Users\choih\Desktop\연구\Landing_Depature_Process\자료\결과물\Polygon\12.5\안전지대\35\Polygon_35.shp
35,76,5,75.0,279.0,"[7,15,17,25,33]",360,C:\Users\choih\Desktop\연구\Landing_Depature_Process\자료\결과물\Polygon\8\35\Polygon_35.shp,C:\Users\choih\Desktop\연구\Landing_Depature_Process\자료\결과물\Polygon\12.5\안전지대\35\Polygon_35.shp
35,77,5,76.0,279.0,"[7,15,17,25,33]",360,C:\Users\choih\Desktop\연구\Landing_Depature_Process\자료\결과물\Polygon\8\35\Polygon_35.shp,C:\Users\choih\Desktop\연구\Landing_Depature_Process\자료\결과물\Polygon\12.5\안전지대\35\Polygon_35.shp
35,78,5,77.0,279.0,"[7,15,17,25,33]",360,C:\Users\choih\Desktop\연구\Landing_Depature_Process\자료\결과물\Polygon\8\35\Polygon_35.shp,C:\Users\choih\Desktop\연구\Landing_Depature_Process\자료\결과물\Polygon\12.5\안전지대\35\Polygon_35.shp
35,79,5,78.0,279.0,"[7,15,17,25,33]",360,C:\Users\choih\Desktop\연구\Landing_Depature_Process\자료\결과물\Polygon\8\35\Polygon_35.shp,C:\Users\choih\Desktop\연구\Landing_Depature_Process\자료\결과물\Polygon\12.5\안전지대\35\Polygon_35.shp
35,80,5,79.0,279.0,"[7,15,17,25,33]",360,C:\Users\choih\Desktop\연구\Landing_Depature_Process\자료\결과물\Polygon\8\35\Polygon_35.shp,C:\Users\choih\Desktop\연구\Landing_Depature_Process\자료\결과물\Polygon\12.5\안전지대\35\Polygon_35.shp
35,81,5,80.0,279.0,"[7,15,17,25,33]",360,C:\Users\choih\Desktop\연구\Landing_Depature_Process\자료\결과물\Polygon\8\35\Polygon_35.shp,C:\Users\choih\Desktop\연구\Landing_Depature_Process\자료\결과물\Polygon\12.5\안전지대\35\Polygon_35.shp
35,82,5,81.0,279.0,"[7,15,17,25,33]",360,C:\Users\choih\Desktop\연구\Landing_Depature_Process\자료\결과물\Polygon\8\35\Polygon_35.shp,C:\Users\choih\Desktop\연구\Landing_Depature_Process\자료\결과물\Polygon\12.5\안전지대\35\Polygon_35.shp
35,83,5,82.0,279.0,"[7,15,17,25,33]",360,C:\Users\choih\Desktop\연구\Landing_Depature_Process\자료\결과물\Polygon\8\35\Polygon_35.shp,C:\Users\choih\Desktop\연구\Landing_Depature_Process\자료\결과물\Polygon\12.5\안전지대\35\Polygon_35.shp
35,84,5,83.0,279.0,"[7,15,17,25,33]",360,C:\Users\choih\Desktop\연구\Landing_Depature_Process\자료\결과물\Polygon\8\35\Polygon_35.shp,C:\Users\choih\Desktop\연구\Landing_Depature_Process\자료\결과물\Polygon\12.5\안전지대\35\Polygon_35.shp
35,85,5,84.0,279.0,"[7,15,17,25,33]",360,C:\Users\choih\Desktop\연구\Landing_Depature_Process\자료\결과물\Polygon\8\35\Polygon_35.shp,C:\Users\choih\Desktop\연구\Landing_Depature_Process\자료\결과물\Polygon\12.5\안전지대\35\Polygon_35.shp
35,86,5,85.0,279.0,"[7,15,17,25,33]",360,C:\Users\choih\Desktop\연구\Landing_Depature_Process\자료\결과물\Polygon\8\35\Polygon_35.shp,C:\Users\choih\Desktop\연구\Landing_Depature_Process\자료\결과물\Polygon\12.5\안전지대\35\Polygon_35.shp
35,87,5,86.0,279.0,"[7,15,17,25,33]",360,C:\Users\choih\Desktop\연구\Landing_Depature_Process\자료\결과물\Polygon\8\35\Polygon_35.shp,C:\Users\choih\Desktop\연구\Landing_Depature_Process\자료\결과물\Polygon\12.5\안전지대\35\Polygon_35.shp
35,88,5,87.0,279.0,"[7,15,17,25,33]",360,C:\Users\choih\Desktop\연구\Landing_Depature_Process\자료\결과물\Polygon\8\35\Polygon_35.shp,C:\Users\choih\Desktop\연구\Landing_Depature_Process\자료\결과물\Polygon\12.5\안전지대\35\Polygon_35.shp
35,89,5,88.0,279.0,"[7,15,17,25,33]",360,C:\Users\choih\Desktop\연구\Landing_Depature_Process\자료\결과물\Polygon\8\35\Polygon_35.shp,C:\Users\choih\Desktop\연구\Landing_Depature_Process\자료\결과물\Polygon\12.5\안전지대\35\Polygon_35.shp
35,90,5,89.0,279.0,"[7,15,17,25,33]",360,C:\Users\choih\Desktop\연구\Landing_Depature_Process\자료\결과물\Polygon\8\35\Polygon_35.shp,C:\Users\choih\Desktop\연구\Landing_Depature_Process\자료\결과물\Polygon\12.5\안전지대\35\Polygon_35.shp
35,91,5,90.0,279.0,"[7,15,17,25,33]",360,C:\Users\choih\Desktop\연구\Landing_Depature_Process\자료\결과물\Polygon\8\35\Polygon_35.shp,C:\Users\choih\Desktop\연구\Landing_Depature_Process\자료\결과물\Polygon\12.5\안전지대\35\Polygon_35.shp
35,92,5,91.0,279.0,"[7,15,17,25,33]",360,C:\Users\choih\Desktop\연구\Landing_Depature_Process\자료\결과물\Polygon\8\35\Polygon_35.shp,C:\Users\choih\Desktop\연구\Landing_Depature_Process\자료\결과물\Polygon\12.5\안전지대\35\Polygon_35.shp
35,93,5,92.0,279.0,"[7,15,17,25,33]",360,C:\Users\choih\Desktop\연구\Landing_Depature_Process\자료\결과물\Polygon\8\35\Polygon_35.shp,C:\Users\choih\Desktop\연구\Landing_Depature_Process\자료\결과물\Polygon\12.5\안전지대\35\Polygon_35.shp
35,94,5,93.0,279.0,"[7,15,17,25,33]",360,C:\Users\choih\Desktop\연구\Landing_Depature_Process\자료\결과물\Polygon\8\35\Polygon_35.shp,C:\Users\choih\Desktop\연구\Landing_Depature_Process\자료\결과물\Polygon\12.5\안전지대\35\Polygon_35.shp
35,95,5,94.0,279.0,"[7,15,17,25,33]",360,C:\Users\choih\Desktop\연구\Landing_Depature_Process\자료\결과물\Polygon\8\35\Polygon_35.shp,C:\Users\choih\Desktop\연구\Landing_Depature_Process\자료\결과물\Polygon\12.5\안전지대\35\Polygon_35.shp
35,96,5,95.0,279.0,"[7,15,17,25,33]",360,C:\Users\choih\Desktop\연구\Landing_Depature_Process\자료\결과물\Polygon\8\35\Polygon_35.shp,C:\Users\choih\Desktop\연구\Landing_Depature_Process\자료\결과물\Polygon\12.5\안전지대\35\Polygon_35.shp
35,97,5,96.0,279.0,"[7,15,17,25,33]",360,C:\Users\choih\Desktop\연구\Landing_Depature_Process\자료\결과물\Polygon\8\35\Polygon_35.shp,C:\Users\choih\Desktop\연구\Landing_Depature_Process\자료\결과물\Polygon\12.5\안전지대\35\Polygon_35.shp
35,98,5,97.0,279.0,"[7,15,17,25,33]",360,C:\Users\choih\Desktop\연구\Landing_Depature_Process\자료\결과물\Polygon\8\35\Polygon_35.shp,C:\Users\choih\Desktop\연구\Landing_Depature_Process\자료\결과물\Polygon\12.5\안전지대\35\Polygon_35.shp
35,99,5,98.0,279.0,"[7,15,17,25,33]",360,C:\Users\choih\Desktop\연구\Landing_Depature_Process\자료\결과물\Polygon\8\35\Polygon_35.shp,C:\Users\choih\Desktop\연구\Landing_Depature_Process\자료\결과물\Polygon\12.5\안전지대\35\Polygon_35.shp
35,100,5,99.0,279.0,"[7,15,17,25,33]",360,C:\Users\choih\Desktop\연구\Landing_Depature_Process\자료\결과물\Polygon\8\35\Polygon_35.shp,C:\Users\choih\Desktop\연구\Landing_Depature_Process\자료\결과물\Polygon\12.5\안전지대\35\Polygon_35.shp
35,101,5,100.0,279.0,"[7,15,17,25,33]",360,C:\Users\choih\Desktop\연구\Landing_Depature_Process\자료\결과물\Polygon\8\35\Polygon_35.shp,C:\Users\choih\Desktop\연구\Landing_Depature_Process\자료\결과물\Polygon\12.5\안전지대\35\Polygon_35.shp
35,102,5,101.0,279.0,"[7,15,17,25,33]",360,C:\Users\choih\Desktop\연구\Landing_Depature_Process\자료\결과물\Polygon\8\35\Polygon_35.shp,C:\Users\choih\Desktop\연구\Landing_Depature_Process\자료\결과물\Polygon\12.5\안전지대\35\Polygon_35.shp
35,103,5,102.0,279.0,"[7,15,17,25,33]",360,C:\Users\choih\Desktop\연구\Landing_Depature_Process\자료\결과물\Polygon\8\35\Polygon_35.shp,C:\Users\choih\Desktop\연구\Landing_Depature_Process\자료\결과물\Polygon\12.5\안전지대\35\Polygon_35.shp
35,104,5,103.0,279.0,"[7,15,17,25,33]",360,C:\Users\choih\Desktop\연구\Landing_Depature_Process\자료\결과물\Polygon\8\35\Polygon_35.shp,C:\Users\choih\Desktop\연구\Landing_Depature_Process\자료\결과물\Polygon\12.5\안전지대\35\Polygon_35.shp
35,105,5,104.0,279.0,"[7,15,17,25,33]",360,C:\Users\choih\Desktop\연구\Landing_Depature_Process\자료\결과물\Polygon\8\35\Polygon_35.shp,C:\Users\choih\Desktop\연구\Landing_Depature_Process\자료\결과물\Polygon\12.5\안전지대\35\Polygon_35.shp
35,106,5,105.0,279.0,"[7,15,17,25,33]",360,C:\Users\choih\Desktop\연구\Landing_Depature_Process\자료\결과물\Polygon\8\35\Polygon_35.shp,C:\Users\choih\Desktop\연구\Landing_Depature_Process\자료\결과물\Polygon\12.5\안전지대\35\Polygon_35.shp
35,107,5,106.0,279.0,"[7,15,17,25,33]",360,C:\Users\choih\Desktop\연구\Landing_Depature_Process\자료\결과물\Polygon\8\35\Polygon_35.shp,C:\Users\choih\Desktop\연구\Landing_Depature_Process\자료\결과물\Polygon\12.5\안전지대\35\Polygon_35.shp
35,108,5,107.0,279.0,"[7,15,17,25,33]",360,C:\Users\choih\Desktop\연구\Landing_Depature_Process\자료\결과물\Polygon\8\35\Polygon_35.shp,C:\Users\choih\Desktop\연구\Landing_Depature_Process\자료\결과물\Polygon\12.5\안전지대\35\Polygon_35.shp
35,109,5,108.0,279.0,"[7,15,17,25,33]",360,C:\Users\choih\Desktop\연구\Landing_Depature_Process\자료\결과물\Polygon\8\35\Polygon_35.shp,C:\Users\choih\Desktop\연구\Landing_Depature_Process\자료\결과물\Polygon\12.5\안전지대\35\Polygon_35.shp
35,110,5,109.0,279.0,"[7,15,17,25,33]",360,C:\Users\choih\Desktop\연구\Landing_Depature_Process\자료\결과물\Polygon\8\35\Polygon_35.shp,C:\Users\choih\Desktop\연구\Landing_Depature_Process\자료\결과물\Polygon\12.5\안전지대\35\Polygon_35.shp
35,111,5,110.0,279.0,"[7,15,17,25,33]",360,C:\Users\choih\Desktop\연구\Landing_Depature_Process\자료\결과물\Polygon\8\35\Polygon_35.shp,C:\Users\choih\Desktop\연구\Landing_Depature_Process\자료\결과물\Polygon\12.5\안전지대\35\Polygon_35.shp
35,112,5,111.0,279.0,"[7,15,17,25,33]",360,C:\Users\choih\Desktop\연구\Landing_Depature_Process\자료\결과물\Polygon\8\35\Polygon_35.shp,C:\Users\choih\Desktop\연구\Landing_Depature_Process\자료\결과물\Polygon\12.5\안전지대\35\Polygon_35.shp
35,113,5,112.0,279.0,"[7,15,17,25,33]",360,C:\Users\choih\Desktop\연구\Landing_Depature_Process\자료\결과물\Polygon\8\35\Polygon_35.shp,C:\Users\choih\Desktop\연구\Landing_Depature_Process\자료\결과물\Polygon\12.5\안전지대\35\Polygon_35.shp
35,114,5,113.0,279.0,"[7,15,17,25,33]",360,C:\Users\choih\Desktop\연구\Landing_Depature_Process\자료\결과물\Polygon\8\35\Polygon_35.shp,C:\Users\choih\Desktop\연구\Landing_Depature_Process\자료\결과물\Polygon\12.5\안전지대\35\Polygon_35.shp
35,115,5,114.0,279.0,"[7,15,17,25,33]",360,C:\Users\choih\Desktop\연구\Landing_Depature_Process\자료\결과물\Polygon\8\35\Polygon_35.shp,C:\Users\choih\Desktop\연구\Landing_Depature_Process\자료\결과물\Polygon\12.5\안전지대\35\Polygon_35.shp
35,116,5,115.0,279.0,"[7,15,17,25,33]",360,C:\Users\choih\Desktop\연구\Landing_Depature_Process\자료\결과물\Polygon\8\35\Polygon_35.shp,C:\Users\choih\Desktop\연구\Landing_Depature_Process\자료\결과물\Polygon\12.5\안전지대\35\Polygon_35.shp
35,117,5,116.0,279.0,"[7,15,17,25,33]",360,C:\Users\choih\Desktop\연구\Landing_Depature_Process\자료\결과물\Polygon\8\35\Polygon_35.shp,C:\Users\choih\Desktop\연구\Landing_Depature_Process\자료\결과물\Polygon\12.5\안전지대\35\Polygon_35.shp
35,118,5,117.0,279.0,"[7,15,17,25,33]",360,C:\Users\choih\Desktop\연구\Landing_Depature_Process\자료\결과물\Polygon\8\35\Polygon_35.shp,C:\Users\choih\Desktop\연구\Landing_Depature_Process\자료\결과물\Polygon\12.5\안전지대\35\Polygon_35.shp
35,119,5,118.0,279.0,"[7,15,17,25,33]",360,C:\Users\choih\Desktop\연구\Landing_Depature_Process\자료\결과물\Polygon\8\35\Polygon_35.shp,C:\Users\choih\Desktop\연구\Landing_Depature_Process\자료\결과물\Polygon\12.5\안전지대\35\Polygon_35.shp
35,120,5,119.0,279.0,"[7,15,17,25,33]",360,C:\Users\choih\Desktop\연구\Landing_Depature_Process\자료\결과물\Polygon\8\35\Polygon_35.shp,C:\Users\choih\Desktop\연구\Landing_Depature_Process\자료\결과물\Polygon\12.5\안전지대\35\Polygon_35.shp
35,121,5,120.0,279.0,"[7,15,17,25,33]",360,C:\Users\choih\Desktop\연구\Landing_Depature_Process\자료\결과물\Polygon\8\35\Polygon_35.shp,C:\Users\choih\Desktop\연구\Landing_Depature_Process\자료\결과물\Polygon\12.5\안전지대\35\Polygon_35.shp
35,122,5,121.0,279.0,"[7,15,17,25,33]",360,C:\Users\choih\Desktop\연구\Landing_Depature_Process\자료\결과물\Polygon\8\35\Polygon_35.shp,C:\Users\choih\Desktop\연구\Landing_Depature_Process\자료\결과물\Polygon\12.5\안전지대\35\Polygon_35.shp
35,123,5,122.0,279.0,"[7,15,17,25,33]",360,C:\Users\choih\Desktop\연구\Landing_Depature_Process\자료\결과물\Polygon\8\35\Polygon_35.shp,C:\Users\choih\Desktop\연구\Landing_Depature_Process\자료\결과물\Polygon\12.5\안전지대\35\Polygon_35.shp
35,124,5,123.0,279.0,"[7,15,17,25,33]",360,C:\Users\choih\Desktop\연구\Landing_Depature_Process\자료\결과물\Polygon\8\35\Polygon_35.shp,C:\Users\choih\Desktop\연구\Landing_Depature_Process\자료\결과물\Polygon\12.5\안전지대\35\Polygon_35.shp
35,125,5,279.0,49.0,"[7,15,17,25,33]",360,C:\Users\choih\Desktop\연구\Landing_Depature_Process\자료\결과물\Polygon\8\35\Polygon_35.shp,C:\Users\choih\Desktop\연구\Landing_Depature_Process\자료\결과물\Polygon\12.5\안전지대\35\Polygon_35.shp
35,126,5,280.0,50.0,"[7,15,17,25,33]",360,C:\Users\choih\Desktop\연구\Landing_Depature_Process\자료\결과물\Polygon\8\35\Polygon_35.shp,C:\Users\choih\Desktop\연구\Landing_Depature_Process\자료\결과물\Polygon\12.5\안전지대\35\Polygon_35.shp
35,127,5,281.0,51.0,"[7,15,17,25,33]",360,C:\Users\choih\Desktop\연구\Landing_Depature_Process\자료\결과물\Polygon\8\35\Polygon_35.shp,C:\Users\choih\Desktop\연구\Landing_Depature_Process\자료\결과물\Polygon\12.5\안전지대\35\Polygon_35.shp
35,128,5,282.0,52.0,"[7,15,17,25,33]",360,C:\Users\choih\Desktop\연구\Landing_Depature_Process\자료\결과물\Polygon\8\35\Polygon_35.shp,C:\Users\choih\Desktop\연구\Landing_Depature_Process\자료\결과물\Polygon\12.5\안전지대\35\Polygon_35.shp
35,129,5,283.0,53.0,"[7,15,17,25,33]",360,C:\Users\choih\Desktop\연구\Landing_Depature_Process\자료\결과물\Polygon\8\35\Polygon_35.shp,C:\Users\choih\Desktop\연구\Landing_Depature_Process\자료\결과물\Polygon\12.5\안전지대\35\Polygon_35.shp
35,130,5,284.0,54.0,"[7,15,17,25,33]",360,C:\Users\choih\Desktop\연구\Landing_Depature_Process\자료\결과물\Polygon\8\35\Polygon_35.shp,C:\Users\choih\Desktop\연구\Landing_Depature_Process\자료\결과물\Polygon\12.5\안전지대\35\Polygon_35.shp
35,131,5,285.0,55.0,"[7,15,17,25,33]",360,C:\Users\choih\Desktop\연구\Landing_Depature_Process\자료\결과물\Polygon\8\35\Polygon_35.shp,C:\Users\choih\Desktop\연구\Landing_Depature_Process\자료\결과물\Polygon\12.5\안전지대\35\Polygon_35.shp
35,132,5,286.0,56.0,"[7,15,17,25,33]",360,C:\Users\choih\Desktop\연구\Landing_Depature_Process\자료\결과물\Polygon\8\35\Polygon_35.shp,C:\Users\choih\Desktop\연구\Landing_Depature_Process\자료\결과물\Polygon\12.5\안전지대\35\Polygon_35.shp
35,133,5,287.0,57.0,"[7,15,17,25,33]",360,C:\Users\choih\Desktop\연구\Landing_Depature_Process\자료\결과물\Polygon\8\35\Polygon_35.shp,C:\Users\choih\Desktop\연구\Landing_Depature_Process\자료\결과물\Polygon\12.5\안전지대\35\Polygon_35.shp
35,134,5,288.0,58.0,"[7,15,17,25,33]",360,C:\Users\choih\Desktop\연구\Landing_Depature_Process\자료\결과물\Polygon\8\35\Polygon_35.shp,C:\Users\choih\Desktop\연구\Landing_Depature_Process\자료\결과물\Polygon\12.5\안전지대\35\Polygon_35.shp
35,135,5,289.0,59.0,"[7,15,17,25,33]",360,C:\Users\choih\Desktop\연구\Landing_Depature_Process\자료\결과물\Polygon\8\35\Polygon_35.shp,C:\Users\choih\Desktop\연구\Landing_Depature_Process\자료\결과물\Polygon\12.5\안전지대\35\Polygon_35.shp
35,136,5,290.0,60.0,"[7,15,17,25,33]",360,C:\Users\choih\Desktop\연구\Landing_Depature_Process\자료\결과물\Polygon\8\35\Polygon_35.shp,C:\Users\choih\Desktop\연구\Landing_Depature_Process\자료\결과물\Polygon\12.5\안전지대\35\Polygon_35.shp
35,137,5,291.0,61.0,"[7,15,17,25,33]",360,C:\Users\choih\Desktop\연구\Landing_Depature_Process\자료\결과물\Polygon\8\35\Polygon_35.shp,C:\Users\choih\Desktop\연구\Landing_Depature_Process\자료\결과물\Polygon\12.5\안전지대\35\Polygon_35.shp
35,138,5,292.0,62.0,"[7,15,17,25,33]",360,C:\Users\choih\Desktop\연구\Landing_Depature_Process\자료\결과물\Polygon\8\35\Polygon_35.shp,C:\Users\choih\Desktop\연구\Landing_Depature_Process\자료\결과물\Polygon\12.5\안전지대\35\Polygon_35.shp
35,139,5,293.0,63.0,"[7,15,17,25,33]",360,C:\Users\choih\Desktop\연구\Landing_Depature_Process\자료\결과물\Polygon\8\35\Polygon_35.shp,C:\Users\choih\Desktop\연구\Landing_Depature_Process\자료\결과물\Polygon\12.5\안전지대\35\Polygon_35.shp
35,140,5,294.0,64.0,"[7,15,17,25,33]",360,C:\Users\choih\Desktop\연구\Landing_Depature_Process\자료\결과물\Polygon\8\35\Polygon_35.shp,C:\Users\choih\Desktop\연구\Landing_Depature_Process\자료\결과물\Polygon\12.5\안전지대\35\Polygon_35.shp
35,141,5,295.0,65.0,"[7,15,17,25,33]",360,C:\Users\choih\Desktop\연구\Landing_Depature_Process\자료\결과물\Polygon\8\35\Polygon_35.shp,C:\Users\choih\Desktop\연구\Landing_Depature_Process\자료\결과물\Polygon\12.5\안전지대\35\Polygon_35.shp
35,142,5,296.0,66.0,"[7,15,17,25,33]",360,C:\Users\choih\Desktop\연구\Landing_Depature_Process\자료\결과물\Polygon\8\35\Polygon_35.shp,C:\Users\choih\Desktop\연구\Landing_Depature_Process\자료\결과물\Polygon\12.5\안전지대\35\Polygon_35.shp
35,143,5,297.0,67.0,"[7,15,17,25,33]",360,C:\Users\choih\Desktop\연구\Landing_Depature_Process\자료\결과물\Polygon\8\35\Polygon_35.shp,C:\Users\choih\Desktop\연구\Landing_Depature_Process\자료\결과물\Polygon\12.5\안전지대\35\Polygon_35.shp
35,144,5,298.0,68.0,"[7,15,17,25,33]",360,C:\Users\choih\Desktop\연구\Landing_Depature_Process\자료\결과물\Polygon\8\35\Polygon_35.shp,C:\Users\choih\Desktop\연구\Landing_Depature_Process\자료\결과물\Polygon\12.5\안전지대\35\Polygon_35.shp
35,145,5,299.0,69.0,"[7,15,17,25,33]",360,C:\Users\choih\Desktop\연구\Landing_Depature_Process\자료\결과물\Polygon\8\35\Polygon_35.shp,C:\Users\choih\Desktop\연구\Landing_Depature_Process\자료\결과물\Polygon\12.5\안전지대\35\Polygon_35.shp
35,146,5,300.0,70.0,"[7,15,17,25,33]",360,C:\Users\choih\Desktop\연구\Landing_Depature_Process\자료\결과물\Polygon\8\35\Polygon_35.shp,C:\Users\choih\Desktop\연구\Landing_Depature_Process\자료\결과물\Polygon\12.5\안전지대\35\Polygon_35.shp
35,147,5,301.0,71.0,"[7,15,17,25,33]",360,C:\Users\choih\Desktop\연구\Landing_Depature_Process\자료\결과물\Polygon\8\35\Polygon_35.shp,C:\Users\choih\Desktop\연구\Landing_Depature_Process\자료\결과물\Polygon\12.5\안전지대\35\Polygon_35.shp
35,148,5,302.0,72.0,"[7,15,17,25,33]",360,C:\Users\choih\Desktop\연구\Landing_Depature_Process\자료\결과물\Polygon\8\35\Polygon_35.shp,C:\Users\choih\Desktop\연구\Landing_Depature_Process\자료\결과물\Polygon\12.5\안전지대\35\Polygon_35.shp
35,149,5,303.0,73.0,"[7,15,17,25,33]",360,C:\Users\choih\Desktop\연구\Landing_Depature_Process\자료\결과물\Polygon\8\35\Polygon_35.shp,C:\Users\choih\Desktop\연구\Landing_Depature_Process\자료\결과물\Polygon\12.5\안전지대\35\Polygon_35.shp
35,150,5,304.0,74.0,"[7,15,17,25,33]",360,C:\Users\choih\Desktop\연구\Landing_Depature_Process\자료\결과물\Polygon\8\35\Polygon_35.shp,C:\Users\choih\Desktop\연구\Landing_Depature_Process\자료\결과물\Polygon\12.5\안전지대\35\Polygon_35.shp
35,151,5,305.0,75.0,"[7,15,17,25,33]",360,C:\Users\choih\Desktop\연구\Landing_Depature_Process\자료\결과물\Polygon\8\35\Polygon_35.shp,C:\Users\choih\Desktop\연구\Landing_Depature_Process\자료\결과물\Polygon\12.5\안전지대\35\Polygon_35.shp
35,152,5,306.0,76.0,"[7,15,17,25,33]",360,C:\Users\choih\Desktop\연구\Landing_Depature_Process\자료\결과물\Polygon\8\35\Polygon_35.shp,C:\Users\choih\Desktop\연구\Landing_Depature_Process\자료\결과물\Polygon\12.5\안전지대\35\Polygon_35.shp
35,153,5,307.0,77.0,"[7,15,17,25,33]",360,C:\Users\choih\Desktop\연구\Landing_Depature_Process\자료\결과물\Polygon\8\35\Polygon_35.shp,C:\Users\choih\Desktop\연구\Landing_Depature_Process\자료\결과물\Polygon\12.5\안전지대\35\Polygon_35.shp
35,154,5,308.0,78.0,"[7,15,17,25,33]",360,C:\Users\choih\Desktop\연구\Landing_Depature_Process\자료\결과물\Polygon\8\35\Polygon_35.shp,C:\Users\choih\Desktop\연구\Landing_Depature_Process\자료\결과물\Polygon\12.5\안전지대\35\Polygon_35.shp
35,155,5,309.0,79.0,"[7,15,17,25,33]",360,C:\Users\choih\Desktop\연구\Landing_Depature_Process\자료\결과물\Polygon\8\35\Polygon_35.shp,C:\Users\choih\Desktop\연구\Landing_Depature_Process\자료\결과물\Polygon\12.5\안전지대\35\Polygon_35.shp
35,156,5,310.0,80.0,"[7,15,17,25,33]",360,C:\Users\choih\Desktop\연구\Landing_Depature_Process\자료\결과물\Polygon\8\35\Polygon_35.shp,C:\Users\choih\Desktop\연구\Landing_Depature_Process\자료\결과물\Polygon\12.5\안전지대\35\Polygon_35.shp
35,157,5,311.0,81.0,"[7,15,17,25,33]",360,C:\Users\choih\Desktop\연구\Landing_Depature_Process\자료\결과물\Polygon\8\35\Polygon_35.shp,C:\Users\choih\Desktop\연구\Landing_Depature_Process\자료\결과물\Polygon\12.5\안전지대\35\Polygon_35.shp
35,158,5,312.0,82.0,"[7,15,17,25,33]",360,C:\Users\choih\Desktop\연구\Landing_Depature_Process\자료\결과물\Polygon\8\35\Polygon_35.shp,C:\Users\choih\Desktop\연구\Landing_Depature_Process\자료\결과물\Polygon\12.5\안전지대\35\Polygon_35.shp
35,159,5,313.0,83.0,"[7,15,17,25,33]",360,C:\Users\choih\Desktop\연구\Landing_Depature_Process\자료\결과물\Polygon\8\35\Polygon_35.shp,C:\Users\choih\Desktop\연구\Landing_Depature_Process\자료\결과물\Polygon\12.5\안전지대\35\Polygon_35.shp
35,160,5,314.0,84.0,"[7,15,17,25,33]",360,C:\Users\choih\Desktop\연구\Landing_Depature_Process\자료\결과물\Polygon\8\35\Polygon_35.shp,C:\Users\choih\Desktop\연구\Landing_Depature_Process\자료\결과물\Polygon\12.5\안전지대\35\Polygon_35.shp
35,161,5,315.0,85.0,"[7,15,17,25,33]",360,C:\Users\choih\Desktop\연구\Landing_Depature_Process\자료\결과물\Polygon\8\35\Polygon_35.shp,C:\Users\choih\Desktop\연구\Landing_Depature_Process\자료\결과물\Polygon\12.5\안전지대\35\Polygon_35.shp
35,162,5,316.0,86.0,"[7,15,17,25,33]",360,C:\Users\choih\Desktop\연구\Landing_Depature_Process\자료\결과물\Polygon\8\35\Polygon_35.shp,C:\Users\choih\Desktop\연구\Landing_Depature_Process\자료\결과물\Polygon\12.5\안전지대\35\Polygon_35.shp
35,163,5,317.0,87.0,"[7,15,17,25,33]",360,C:\Users\choih\Desktop\연구\Landing_Depature_Process\자료\결과물\Polygon\8\35\Polygon_35.shp,C:\Users\choih\Desktop\연구\Landing_Depature_Process\자료\결과물\Polygon\12.5\안전지대\35\Polygon_35.shp
35,164,5,318.0,88.0,"[7,15,17,25,33]",360,C:\Users\choih\Desktop\연구\Landing_Depature_Process\자료\결과물\Polygon\8\35\Polygon_35.shp,C:\Users\choih\Desktop\연구\Landing_Depature_Process\자료\결과물\Polygon\12.5\안전지대\35\Polygon_35.shp
35,165,5,319.0,89.0,"[7,15,17,25,33]",360,C:\Users\choih\Desktop\연구\Landing_Depature_Process\자료\결과물\Polygon\8\35\Polygon_35.shp,C:\Users\choih\Desktop\연구\Landing_Depature_Process\자료\결과물\Polygon\12.5\안전지대\35\Polygon_35.shp
35,166,5,320.0,90.0,"[7,15,17,25,33]",360,C:\Users\choih\Desktop\연구\Landing_Depature_Process\자료\결과물\Polygon\8\35\Polygon_35.shp,C:\Users\choih\Desktop\연구\Landing_Depature_Process\자료\결과물\Polygon\12.5\안전지대\35\Polygon_35.shp
35,167,5,321.0,91.0,"[7,15,17,25,33]",360,C:\Users\choih\Desktop\연구\Landing_Depature_Process\자료\결과물\Polygon\8\35\Polygon_35.shp,C:\Users\choih\Desktop\연구\Landing_Depature_Process\자료\결과물\Polygon\12.5\안전지대\35\Polygon_35.shp
35,168,5,322.0,92.0,"[7,15,17,25,33]",360,C:\Users\choih\Desktop\연구\Landing_Depature_Process\자료\결과물\Polygon\8\35\Polygon_35.shp,C:\Users\choih\Desktop\연구\Landing_Depature_Process\자료\결과물\Polygon\12.5\안전지대\35\Polygon_35.shp
35,169,5,323.0,93.0,"[7,15,17,25,33]",360,C:\Users\choih\Desktop\연구\Landing_Depature_Process\자료\결과물\Polygon\8\35\Polygon_35.shp,C:\Users\choih\Desktop\연구\Landing_Depature_Process\자료\결과물\Polygon\12.5\안전지대\35\Polygon_35.shp
35,170,5,324.0,94.0,"[7,15,17,25,33]",360,C:\Users\choih\Desktop\연구\Landing_Depature_Process\자료\결과물\Polygon\8\35\Polygon_35.shp,C:\Users\choih\Desktop\연구\Landing_Depature_Process\자료\결과물\Polygon\12.5\안전지대\35\Polygon_35.shp
35,171,5,325.0,95.0,"[7,15,17,25,33]",360,C:\Users\choih\Desktop\연구\Landing_Depature_Process\자료\결과물\Polygon\8\35\Polygon_35.shp,C:\Users\choih\Desktop\연구\Landing_Depature_Process\자료\결과물\Polygon\12.5\안전지대\35\Polygon_35.shp
35,172,5,326.0,96.0,"[7,15,17,25,33]",360,C:\Users\choih\Desktop\연구\Landing_Depature_Process\자료\결과물\Polygon\8\35\Polygon_35.shp,C:\Users\choih\Desktop\연구\Landing_Depature_Process\자료\결과물\Polygon\12.5\안전지대\35\Polygon_35.shp
35,173,5,327.0,97.0,"[7,15,17,25,33]",360,C:\Users\choih\Desktop\연구\Landing_Depature_Process\자료\결과물\Polygon\8\35\Polygon_35.shp,C:\Users\choih\Desktop\연구\Landing_Depature_Process\자료\결과물\Polygon\12.5\안전지대\35\Polygon_35.shp
35,174,5,328.0,98.0,"[7,15,17,25,33]",360,C:\Users\choih\Desktop\연구\Landing_Depature_Process\자료\결과물\Polygon\8\35\Polygon_35.shp,C:\Users\choih\Desktop\연구\Landing_Depature_Process\자료\결과물\Polygon\12.5\안전지대\35\Polygon_35.shp
35,175,5,329.0,99.0,"[7,15,17,25,33]",360,C:\Users\choih\Desktop\연구\Landing_Depature_Process\자료\결과물\Polygon\8\35\Polygon_35.shp,C:\Users\choih\Desktop\연구\Landing_Depature_Process\자료\결과물\Polygon\12.5\안전지대\35\Polygon_35.shp
35,176,5,330.0,100.0,"[7,15,17,25,33]",360,C:\Users\choih\Desktop\연구\Landing_Depature_Process\자료\결과물\Polygon\8\35\Polygon_35.shp,C:\Users\choih\Desktop\연구\Landing_Depature_Process\자료\결과물\Polygon\12.5\안전지대\35\Polygon_35.shp
35,177,5,331.0,101.0,"[7,15,17,25,33]",360,C:\Users\choih\Desktop\연구\Landing_Depature_Process\자료\결과물\Polygon\8\35\Polygon_35.shp,C:\Users\choih\Desktop\연구\Landing_Depature_Process\자료\결과물\Polygon\12.5\안전지대\35\Polygon_35.shp
35,178,5,332.0,102.0,"[7,15,17,25,33]",360,C:\Users\choih\Desktop\연구\Landing_Depature_Process\자료\결과물\Polygon\8\35\Polygon_35.shp,C:\Users\choih\Desktop\연구\Landing_Depature_Process\자료\결과물\Polygon\12.5\안전지대\35\Polygon_35.shp
35,179,5,333.0,103.0,"[7,15,17,25,33]",360,C:\Users\choih\Desktop\연구\Landing_Depature_Process\자료\결과물\Polygon\8\35\Polygon_35.shp,C:\Users\choih\Desktop\연구\Landing_Depature_Process\자료\결과물\Polygon\12.5\안전지대\35\Polygon_35.shp
35,180,5,334.0,104.0,"[7,15,17,25,33]",360,C:\Users\choih\Desktop\연구\Landing_Depature_Process\자료\결과물\Polygon\8\35\Polygon_35.shp,C:\Users\choih\Desktop\연구\Landing_Depature_Process\자료\결과물\Polygon\12.5\안전지대\35\Polygon_35.shp
35,181,5,335.0,105.0,"[7,15,17,25,33]",360,C:\Users\choih\Desktop\연구\Landing_Depature_Process\자료\결과물\Polygon\8\35\Polygon_35.shp,C:\Users\choih\Desktop\연구\Landing_Depature_Process\자료\결과물\Polygon\12.5\안전지대\35\Polygon_35.shp
35,182,5,336.0,106.0,"[7,15,17,25,33]",360,C:\Users\choih\Desktop\연구\Landing_Depature_Process\자료\결과물\Polygon\8\35\Polygon_35.shp,C:\Users\choih\Desktop\연구\Landing_Depature_Process\자료\결과물\Polygon\12.5\안전지대\35\Polygon_35.shp
35,183,5,337.0,107.0,"[7,15,17,25,33]",360,C:\Users\choih\Desktop\연구\Landing_Depature_Process\자료\결과물\Polygon\8\35\Polygon_35.shp,C:\Users\choih\Desktop\연구\Landing_Depature_Process\자료\결과물\Polygon\12.5\안전지대\35\Polygon_35.shp
35,184,5,338.0,108.0,"[7,15,17,25,33]",360,C:\Users\choih\Desktop\연구\Landing_Depature_Process\자료\결과물\Polygon\8\35\Polygon_35.shp,C:\Users\choih\Desktop\연구\Landing_Depature_Process\자료\결과물\Polygon\12.5\안전지대\35\Polygon_35.shp
35,185,5,339.0,109.0,"[7,15,17,25,33]",360,C:\Users\choih\Desktop\연구\Landing_Depature_Process\자료\결과물\Polygon\8\35\Polygon_35.shp,C:\Users\choih\Desktop\연구\Landing_Depature_Process\자료\결과물\Polygon\12.5\안전지대\35\Polygon_35.shp
35,186,5,340.0,110.0,"[7,15,17,25,33]",360,C:\Users\choih\Desktop\연구\Landing_Depature_Process\자료\결과물\Polygon\8\35\Polygon_35.shp,C:\Users\choih\Desktop\연구\Landing_Depature_Process\자료\결과물\Polygon\12.5\안전지대\35\Polygon_35.shp
35,187,5,341.0,111.0,"[7,15,17,25,33]",360,C:\Users\choih\Desktop\연구\Landing_Depature_Process\자료\결과물\Polygon\8\35\Polygon_35.shp,C:\Users\choih\Desktop\연구\Landing_Depature_Process\자료\결과물\Polygon\12.5\안전지대\35\Polygon_35.shp
35,188,5,342.0,112.0,"[7,15,17,25,33]",360,C:\Users\choih\Desktop\연구\Landing_Depature_Process\자료\결과물\Polygon\8\35\Polygon_35.shp,C:\Users\choih\Desktop\연구\Landing_Depature_Process\자료\결과물\Polygon\12.5\안전지대\35\Polygon_35.shp
35,189,5,343.0,113.0,"[7,15,17,25,33]",360,C:\Users\choih\Desktop\연구\Landing_Depature_Process\자료\결과물\Polygon\8\35\Polygon_35.shp,C:\Users\choih\Desktop\연구\Landing_Depature_Process\자료\결과물\Polygon\12.5\안전지대\35\Polygon_35.shp
35,190,5,344.0,114.0,"[7,15,17,25,33]",360,C:\Users\choih\Desktop\연구\Landing_Depature_Process\자료\결과물\Polygon\8\35\Polygon_35.shp,C:\Users\choih\Desktop\연구\Landing_Depature_Process\자료\결과물\Polygon\12.5\안전지대\35\Polygon_35.shp
35,191,5,345.0,115.0,"[7,15,17,25,33]",360,C:\Users\choih\Desktop\연구\Landing_Depature_Process\자료\결과물\Polygon\8\35\Polygon_35.shp,C:\Users\choih\Desktop\연구\Landing_Depature_Process\자료\결과물\Polygon\12.5\안전지대\35\Polygon_35.shp
35,192,5,346.0,116.0,"[7,15,17,25,33]",360,C:\Users\choih\Desktop\연구\Landing_Depature_Process\자료\결과물\Polygon\8\35\Polygon_35.shp,C:\Users\choih\Desktop\연구\Landing_Depature_Process\자료\결과물\Polygon\12.5\안전지대\35\Polygon_35.shp
35,193,5,347.0,117.0,"[7,15,17,25,33]",360,C:\Users\choih\Desktop\연구\Landing_Depature_Process\자료\결과물\Polygon\8\35\Polygon_35.shp,C:\Users\choih\Desktop\연구\Landing_Depature_Process\자료\결과물\Polygon\12.5\안전지대\35\Polygon_35.shp
35,194,5,348.0,118.0,"[7,15,17,25,33]",360,C:\Users\choih\Desktop\연구\Landing_Depature_Process\자료\결과물\Polygon\8\35\Polygon_35.shp,C:\Users\choih\Desktop\연구\Landing_Depature_Process\자료\결과물\Polygon\12.5\안전지대\35\Polygon_35.shp
35,195,5,349.0,119.0,"[7,15,17,25,33]",360,C:\Users\choih\Desktop\연구\Landing_Depature_Process\자료\결과물\Polygon\8\35\Polygon_35.shp,C:\Users\choih\Desktop\연구\Landing_Depature_Process\자료\결과물\Polygon\12.5\안전지대\35\Polygon_35.shp
35,196,5,350.0,120.0,"[7,15,17,25,33]",360,C:\Users\choih\Desktop\연구\Landing_Depature_Process\자료\결과물\Polygon\8\35\Polygon_35.shp,C:\Users\choih\Desktop\연구\Landing_Depature_Process\자료\결과물\Polygon\12.5\안전지대\35\Polygon_35.shp
35,197,5,351.0,121.0,"[7,15,17,25,33]",360,C:\Users\choih\Desktop\연구\Landing_Depature_Process\자료\결과물\Polygon\8\35\Polygon_35.shp,C:\Users\choih\Desktop\연구\Landing_Depature_Process\자료\결과물\Polygon\12.5\안전지대\35\Polygon_35.shp
35,198,5,352.0,122.0,"[7,15,17,25,33]",360,C:\Users\choih\Desktop\연구\Landing_Depature_Process\자료\결과물\Polygon\8\35\Polygon_35.shp,C:\Users\choih\Desktop\연구\Landing_Depature_Process\자료\결과물\Polygon\12.5\안전지대\35\Polygon_35.shp
35,199,5,353.0,123.0,"[7,15,17,25,33]",360,C:\Users\choih\Desktop\연구\Landing_Depature_Process\자료\결과물\Polygon\8\35\Polygon_35.shp,C:\Users\choih\Desktop\연구\Landing_Depature_Process\자료\결과물\Polygon\12.5\안전지대\35\Polygon_35.shp
35,200,5,354.0,124.0,"[7,15,17,25,33]",360,C:\Users\choih\Desktop\연구\Landing_Depature_Process\자료\결과물\Polygon\8\35\Polygon_35.shp,C:\Users\choih\Desktop\연구\Landing_Depature_Process\자료\결과물\Polygon\12.5\안전지대\35\Polygon_35.shp
35,201,5,355.0,125.0,"[7,15,17,25,33]",360,C:\Users\choih\Desktop\연구\Landing_Depature_Process\자료\결과물\Polygon\8\35\Polygon_35.shp,C:\Users\choih\Desktop\연구\Landing_Depature_Process\자료\결과물\Polygon\12.5\안전지대\35\Polygon_35.shp
35,202,5,356.0,126.0,"[7,15,17,25,33]",360,C:\Users\choih\Desktop\연구\Landing_Depature_Process\자료\결과물\Polygon\8\35\Polygon_35.shp,C:\Users\choih\Desktop\연구\Landing_Depature_Process\자료\결과물\Polygon\12.5\안전지대\35\Polygon_35.shp
35,203,5,357.0,127.0,"[7,15,17,25,33]",360,C:\Users\choih\Desktop\연구\Landing_Depature_Process\자료\결과물\Polygon\8\35\Polygon_35.shp,C:\Users\choih\Desktop\연구\Landing_Depature_Process\자료\결과물\Polygon\12.5\안전지대\35\Polygon_35.shp
35,204,5,358.0,128.0,"[7,15,17,25,33]",360,C:\Users\choih\Desktop\연구\Landing_Depature_Process\자료\결과물\Polygon\8\35\Polygon_35.shp,C:\Users\choih\Desktop\연구\Landing_Depature_Process\자료\결과물\Polygon\12.5\안전지대\35\Polygon_35.shp
35,205,5,359.0,129.0,"[7,15,17,25,33]",360,C:\Users\choih\Desktop\연구\Landing_Depature_Process\자료\결과물\Polygon\8\35\Polygon_35.shp,C:\Users\choih\Desktop\연구\Landing_Depature_Process\자료\결과물\Polygon\12.5\안전지대\35\Polygon_35.shp
